{
  "id": 1347,
  "name": "R4: Complete any Challenge_v10",
  "description": "Optum Engage|Rewardable Activity|Challenge Activity",
  "promotionStatus": "LIVE",
  "lastUpdateDate": "2024-11-21T13:41:01-05:00",
  "lastUpdatedBy": 4,
  "rulesetInfos": [
    {
      "id": 2005291,
      "orgName": "Lancaster Colony Corporation_UAT",
      "contextID": 157,
      "orgID": 4000224,
      "contextType": "program",
      "rules": [
        {
          "id": 2006803,
          "exp": "(currentCustomer.extField_affiliation_id==\"optum_lancaster_colony_aff_02_-_lancaster_uhc_ee_gift\"||currentCustomer.extField_affiliation_id==\"optum_lancaster_colony_aff_04_-_lancaster_uhc_spee_gift\"||currentCustomer.extField_affiliation_id==\"optum_lancaster_colony_aff_05_20250101_753686_gmfk\"||currentCustomer.extField_affiliation_id==\"optum_lancaster_colony_aff_03_-_lancaster_bcbsal_ee_gift\"||currentCustomer.extField_affiliation_id==\"optum_lancaster_colony_aff_06_20250101_255198_jacq\")&&(currentEvent.targetGroup==\"Gatekept R4: Complete any Challenge_v10\"&&currentEvent.isUnifiedTargetAchievedEvent)",
          "expJSON": "\n{\n  \"arity\":\"binary_operation\",\n  \"value\":\"&&\",\n  \"type\":\"boolean:primitive\",\n  \"operands\":[\n    {\n      \"arity\":\"binary_operation\",\n      \"value\":\"||\",\n      \"type\":\"boolean:primitive\",\n      \"operands\":[\n        {\n          \"arity\":\"binary_operation\",\n          \"value\":\"==\",\n          \"type\":\"boolean:primitive\",\n          \"operands\":[\n            {\n              \"arity\":\"object_dereference\",\n              \"type\":\"string:object:primitive\",\n              \"operands\":[\n                {\n                  \"arity\":\"name\",\n                  \"value\":\"currentCustomer\",\n                  \"type\":\"customer:object:primitive\"\n                },\n                {\n                  \"arity\":\"name\",\n                  \"value\":\"extField_affiliation_id\",\n                  \"type\":\"string:object:primitive\"\n                }\n              ]\n            },\n            {\n              \"arity\":\"literal\",\n              \"value\":\"optum_lancaster_colony_aff_02_-_lancaster_uhc_ee_gift\",\n              \"type\":\"string:object:primitive\"\n            }\n          ]\n        },\n        {\n          \"arity\":\"binary_operation\",\n          \"value\":\"||\",\n          \"type\":\"boolean:primitive\",\n          \"operands\":[\n            {\n              \"arity\":\"binary_operation\",\n              \"value\":\"==\",\n              \"type\":\"boolean:primitive\",\n              \"operands\":[\n                {\n                  \"arity\":\"object_dereference\",\n                  \"type\":\"string:object:primitive\",\n                  \"operands\":[\n                    {\n                      \"arity\":\"name\",\n                      \"value\":\"currentCustomer\",\n                      \"type\":\"customer:object:primitive\"\n                    },\n                    {\n                      \"arity\":\"name\",\n                      \"value\":\"extField_affiliation_id\",\n                      \"type\":\"string:object:primitive\"\n                    }\n                  ]\n                },\n                {\n                  \"arity\":\"literal\",\n                  \"value\":\"optum_lancaster_colony_aff_04_-_lancaster_uhc_spee_gift\",\n                  \"type\":\"string:object:primitive\"\n                }\n              ]\n            },\n            {\n              \"arity\":\"binary_operation\",\n              \"value\":\"||\",\n              \"type\":\"boolean:primitive\",\n              \"operands\":[\n                {\n                  \"arity\":\"binary_operation\",\n                  \"value\":\"==\",\n                  \"type\":\"boolean:primitive\",\n                  \"operands\":[\n                    {\n                      \"arity\":\"object_dereference\",\n                      \"type\":\"string:object:primitive\",\n                      \"operands\":[\n                        {\n                          \"arity\":\"name\",\n                          \"value\":\"currentCustomer\",\n                          \"type\":\"customer:object:primitive\"\n                        },\n                        {\n                          \"arity\":\"name\",\n                          \"value\":\"extField_affiliation_id\",\n                          \"type\":\"string:object:primitive\"\n                        }\n                      ]\n                    },\n                    {\n                      \"arity\":\"literal\",\n                      \"value\":\"optum_lancaster_colony_aff_05_20250101_753686_gmfk\",\n                      \"type\":\"string:object:primitive\"\n                    }\n                  ]\n                },\n                {\n                  \"arity\":\"binary_operation\",\n                  \"value\":\"||\",\n                  \"type\":\"boolean:primitive\",\n                  \"operands\":[\n                    {\n                      \"arity\":\"binary_operation\",\n                      \"value\":\"==\",\n                      \"type\":\"boolean:primitive\",\n                      \"operands\":[\n                        {\n                          \"arity\":\"object_dereference\",\n                          \"type\":\"string:object:primitive\",\n                          \"operands\":[\n                            {\n                              \"arity\":\"name\",\n                              \"value\":\"currentCustomer\",\n                              \"type\":\"customer:object:primitive\"\n                            },\n                            {\n                              \"arity\":\"name\",\n                              \"value\":\"extField_affiliation_id\",\n                              \"type\":\"string:object:primitive\"\n                            }\n                          ]\n                        },\n                        {\n                          \"arity\":\"literal\",\n                          \"value\":\"optum_lancaster_colony_aff_03_-_lancaster_bcbsal_ee_gift\",\n                          \"type\":\"string:object:primitive\"\n                        }\n                      ]\n                    },\n                    {\n                      \"arity\":\"binary_operation\",\n                      \"value\":\"==\",\n                      \"type\":\"boolean:primitive\",\n                      \"operands\":[\n                        {\n                          \"arity\":\"object_dereference\",\n                          \"type\":\"string:object:primitive\",\n                          \"operands\":[\n                            {\n                              \"arity\":\"name\",\n                              \"value\":\"currentCustomer\",\n                              \"type\":\"customer:object:primitive\"\n                            },\n                            {\n                              \"arity\":\"name\",\n                              \"value\":\"extField_affiliation_id\",\n                              \"type\":\"string:object:primitive\"\n                            }\n                          ]\n                        },\n                        {\n                          \"arity\":\"literal\",\n                          \"value\":\"optum_lancaster_colony_aff_06_20250101_255198_jacq\",\n                          \"type\":\"string:object:primitive\"\n                        }\n                      ]\n                    }\n                  ]\n                }\n              ]\n            }\n          ]\n        }\n      ]\n    },\n    {\n      \"arity\":\"binary_operation\",\n      \"value\":\"&&\",\n      \"type\":\"boolean:primitive\",\n      \"operands\":[\n        {\n          \"arity\":\"binary_operation\",\n          \"value\":\"==\",\n          \"type\":\"boolean:primitive\",\n          \"operands\":[\n            {\n              \"arity\":\"object_dereference\",\n              \"type\":\"string:object:primitive\",\n              \"operands\":[\n                {\n                  \"arity\":\"name\",\n                  \"value\":\"currentEvent\",\n                  \"type\":\"customer.targetCompletedEvent:object:primitive\"\n                },\n                {\n                  \"arity\":\"name\",\n                  \"value\":\"targetGroup\",\n                  \"type\":\"string:object:primitive\"\n                }\n              ]\n            },\n            {\n              \"arity\":\"literal\",\n              \"value\":\"Gatekept R4: Complete any Challenge_v10\",\n              \"type\":\"string:object:primitive\"\n            }\n          ]\n        },\n        {\n          \"arity\":\"object_dereference\",\n          \"type\":\"boolean:primitive\",\n          \"operands\":[\n            {\n              \"arity\":\"name\",\n              \"value\":\"currentEvent\",\n              \"type\":\"customer.targetCompletedEvent:object:primitive\"\n            },\n            {\n              \"arity\":\"name\",\n              \"value\":\"isUnifiedTargetAchievedEvent\",\n              \"type\":\"boolean:primitive\"\n            }\n          ]\n        }\n      ]\n    }\n  ]\n}",
          "jsonType": "JNODE",
          "isActive": true,
          "priority": -1,
          "startDate": 1099937147753,
          "endDate": 33603530747753,
          "createdOn": 1732214460021,
          "caseToActions": {
            "true": [
              {
                "id": 2005426,
                "actionName": "AWARD_TARGET_POINTS_ACTION",
                "actionClass": "com.capillary.shopbook.pointsengine.endpoint.impl.action.AwardTargetPointsActionImpl",
                "mandatoryPropertiesValues": {
                  "TargetGroupId": "2022",
                  "ExpiryStrategy": "2040",
                  "PointType": "Main",
                  "AwardStrategy": "2035",
                  "PointsRoundingStrategy": "ACTUAL"
                },
                "mandatoryComplexPropertiesValues": {},
                "description": "25"
              }
            ]
          },
          "ruleScope": "SERVER",
          "createdBy": 400170726,
          "modifiedBy": 400170726,
          "modifiedOn": 1732214460021,
          "name": "Rule 1",
          "description": "",
          "expDataType": null,
          "filterInfo": [],
          "ruleSetId": 2005291,
          "updatedViaNewUI": false
        },
        {
          "id": 2006804,
          "exp": "(currentCustomer.extField_affiliation_id==\"optum_lancaster_colony_aff_02_-_lancaster_uhc_ee_gift\"||currentCustomer.extField_affiliation_id==\"optum_lancaster_colony_aff_04_-_lancaster_uhc_spee_gift\"||currentCustomer.extField_affiliation_id==\"optum_lancaster_colony_aff_05_20250101_753686_gmfk\"||currentCustomer.extField_affiliation_id==\"optum_lancaster_colony_aff_03_-_lancaster_bcbsal_ee_gift\"||currentCustomer.extField_affiliation_id==\"optum_lancaster_colony_aff_06_20250101_255198_jacq\")&&(currentEvent.targetGroup==\"Gatekept R4: Complete any Challenge_v10_1\"&&currentEvent.isUnifiedTargetAchievedEvent)",
          "expJSON": "\n{\n  \"arity\":\"binary_operation\",\n  \"value\":\"&&\",\n  \"type\":\"boolean:primitive\",\n  \"operands\":[\n    {\n      \"arity\":\"binary_operation\",\n      \"value\":\"||\",\n      \"type\":\"boolean:primitive\",\n      \"operands\":[\n        {\n          \"arity\":\"binary_operation\",\n          \"value\":\"==\",\n          \"type\":\"boolean:primitive\",\n          \"operands\":[\n            {\n              \"arity\":\"object_dereference\",\n              \"type\":\"string:object:primitive\",\n              \"operands\":[\n                {\n                  \"arity\":\"name\",\n                  \"value\":\"currentCustomer\",\n                  \"type\":\"customer:object:primitive\"\n                },\n                {\n                  \"arity\":\"name\",\n                  \"value\":\"extField_affiliation_id\",\n                  \"type\":\"string:object:primitive\"\n                }\n              ]\n            },\n            {\n              \"arity\":\"literal\",\n              \"value\":\"optum_lancaster_colony_aff_02_-_lancaster_uhc_ee_gift\",\n              \"type\":\"string:object:primitive\"\n            }\n          ]\n        },\n        {\n          \"arity\":\"binary_operation\",\n          \"value\":\"||\",\n          \"type\":\"boolean:primitive\",\n          \"operands\":[\n            {\n              \"arity\":\"binary_operation\",\n              \"value\":\"==\",\n              \"type\":\"boolean:primitive\",\n              \"operands\":[\n                {\n                  \"arity\":\"object_dereference\",\n                  \"type\":\"string:object:primitive\",\n                  \"operands\":[\n                    {\n                      \"arity\":\"name\",\n                      \"value\":\"currentCustomer\",\n                      \"type\":\"customer:object:primitive\"\n                    },\n                    {\n                      \"arity\":\"name\",\n                      \"value\":\"extField_affiliation_id\",\n                      \"type\":\"string:object:primitive\"\n                    }\n                  ]\n                },\n                {\n                  \"arity\":\"literal\",\n                  \"value\":\"optum_lancaster_colony_aff_04_-_lancaster_uhc_spee_gift\",\n                  \"type\":\"string:object:primitive\"\n                }\n              ]\n            },\n            {\n              \"arity\":\"binary_operation\",\n              \"value\":\"||\",\n              \"type\":\"boolean:primitive\",\n              \"operands\":[\n                {\n                  \"arity\":\"binary_operation\",\n                  \"value\":\"==\",\n                  \"type\":\"boolean:primitive\",\n                  \"operands\":[\n                    {\n                      \"arity\":\"object_dereference\",\n                      \"type\":\"string:object:primitive\",\n                      \"operands\":[\n                        {\n                          \"arity\":\"name\",\n                          \"value\":\"currentCustomer\",\n                          \"type\":\"customer:object:primitive\"\n                        },\n                        {\n                          \"arity\":\"name\",\n                          \"value\":\"extField_affiliation_id\",\n                          \"type\":\"string:object:primitive\"\n                        }\n                      ]\n                    },\n                    {\n                      \"arity\":\"literal\",\n                      \"value\":\"optum_lancaster_colony_aff_05_20250101_753686_gmfk\",\n                      \"type\":\"string:object:primitive\"\n                    }\n                  ]\n                },\n                {\n                  \"arity\":\"binary_operation\",\n                  \"value\":\"||\",\n                  \"type\":\"boolean:primitive\",\n                  \"operands\":[\n                    {\n                      \"arity\":\"binary_operation\",\n                      \"value\":\"==\",\n                      \"type\":\"boolean:primitive\",\n                      \"operands\":[\n                        {\n                          \"arity\":\"object_dereference\",\n                          \"type\":\"string:object:primitive\",\n                          \"operands\":[\n                            {\n                              \"arity\":\"name\",\n                              \"value\":\"currentCustomer\",\n                              \"type\":\"customer:object:primitive\"\n                            },\n                            {\n                              \"arity\":\"name\",\n                              \"value\":\"extField_affiliation_id\",\n                              \"type\":\"string:object:primitive\"\n                            }\n                          ]\n                        },\n                        {\n                          \"arity\":\"literal\",\n                          \"value\":\"optum_lancaster_colony_aff_03_-_lancaster_bcbsal_ee_gift\",\n                          \"type\":\"string:object:primitive\"\n                        }\n                      ]\n                    },\n                    {\n                      \"arity\":\"binary_operation\",\n                      \"value\":\"==\",\n                      \"type\":\"boolean:primitive\",\n                      \"operands\":[\n                        {\n                          \"arity\":\"object_dereference\",\n                          \"type\":\"string:object:primitive\",\n                          \"operands\":[\n                            {\n                              \"arity\":\"name\",\n                              \"value\":\"currentCustomer\",\n                              \"type\":\"customer:object:primitive\"\n                            },\n                            {\n                              \"arity\":\"name\",\n                              \"value\":\"extField_affiliation_id\",\n                              \"type\":\"string:object:primitive\"\n                            }\n                          ]\n                        },\n                        {\n                          \"arity\":\"literal\",\n                          \"value\":\"optum_lancaster_colony_aff_06_20250101_255198_jacq\",\n                          \"type\":\"string:object:primitive\"\n                        }\n                      ]\n                    }\n                  ]\n                }\n              ]\n            }\n          ]\n        }\n      ]\n    },\n    {\n      \"arity\":\"binary_operation\",\n      \"value\":\"&&\",\n      \"type\":\"boolean:primitive\",\n      \"operands\":[\n        {\n          \"arity\":\"binary_operation\",\n          \"value\":\"==\",\n          \"type\":\"boolean:primitive\",\n          \"operands\":[\n            {\n              \"arity\":\"object_dereference\",\n              \"type\":\"string:object:primitive\",\n              \"operands\":[\n                {\n                  \"arity\":\"name\",\n                  \"value\":\"currentEvent\",\n                  \"type\":\"customer.targetCompletedEvent:object:primitive\"\n                },\n                {\n                  \"arity\":\"name\",\n                  \"value\":\"targetGroup\",\n                  \"type\":\"string:object:primitive\"\n                }\n              ]\n            },\n            {\n              \"arity\":\"literal\",\n              \"value\":\"Gatekept R4: Complete any Challenge_v10_1\",\n              \"type\":\"string:object:primitive\"\n            }\n          ]\n        },\n        {\n          \"arity\":\"object_dereference\",\n          \"type\":\"boolean:primitive\",\n          \"operands\":[\n            {\n              \"arity\":\"name\",\n              \"value\":\"currentEvent\",\n              \"type\":\"customer.targetCompletedEvent:object:primitive\"\n            },\n            {\n              \"arity\":\"name\",\n              \"value\":\"isUnifiedTargetAchievedEvent\",\n              \"type\":\"boolean:primitive\"\n            }\n          ]\n        }\n      ]\n    }\n  ]\n}",
          "jsonType": "JNODE",
          "isActive": true,
          "priority": -1,
          "startDate": 1099937147753,
          "endDate": 33603530747753,
          "createdOn": 1732214460021,
          "caseToActions": {
            "true": [
              {
                "id": 2005427,
                "actionName": "AWARD_TARGET_POINTS_ACTION",
                "actionClass": "com.capillary.shopbook.pointsengine.endpoint.impl.action.AwardTargetPointsActionImpl",
                "mandatoryPropertiesValues": {
                  "TargetGroupId": "2023",
                  "ExpiryStrategy": "2040",
                  "PointType": "Main",
                  "AwardStrategy": "2035",
                  "PointsRoundingStrategy": "ACTUAL"
                },
                "mandatoryComplexPropertiesValues": {},
                "description": "25"
              }
            ]
          },
          "ruleScope": "SERVER",
          "createdBy": 400170726,
          "modifiedBy": 400170726,
          "modifiedOn": 1732214460021,
          "name": "Rule 2",
          "description": "",
          "expDataType": null,
          "filterInfo": [],
          "ruleSetId": 2005291,
          "updatedViaNewUI": false
        }
      ],
      "ruleScope": "SERVER",
      "startDate": 1730437200000,
      "endDate": 1767157200000,
      "createdOn": 1732214460020,
      "createdBy": 400170726,
      "modifiedBy": 400170726,
      "modifiedOn": 1732214460020,
      "name": "ruleset_0103f9f2-7ca7-427a-9d15-def87e28307b",
      "packageName": "",
      "description": "",
      "filterInfo": [],
      "eventType": null,
      "cappingInfo": [],
      "updatedViaNewUI": false,
      "label": null,
      "private": false
    }
  ],
  "programName": "Lancaster Colony Corporation_UATDefaultProgram",
  "programId": 157,
  "startDate": "2024-11-01T00:00-05:00",
  "endDate": "2025-12-31T00:00-05:00",
  "identifier": "7c903a2e-e40e-4eaa-a7e6-f332e567ea0f",
  "isActive": true,
  "eventName": "TARGETCOMPLETED",
  "metadata": [
    {
      "key": "Type_of_Promotion",
      "value": "Rewardable_Activity",
      "isBrandDefined": "true"
    }
  ],
  "allocatePointsOn": "CUSTOMER",
  "limits": {
    "pointsPerCustomer": 0,
    "numberOfTimesPerCustomer": 0,
    "totalPointsInPromotion": 0,
    "totalPointsPerEventLimit": 0
  },
  "useProportions": false,
  "pointsOfferType": "GENERIC",
  "promotionRestrictions": {
    "restrictions": {
      "redemptionRestrictions": [
        {
          "name": "MAX_ALLOWED_TIMES_PER_CUSTOMER",
          "value": 2,
          "type": "NON_PERIOD_BASED",
          "periodType": "MOVING_WINDOW",
          "periodUnit": "DAILY"
        },
        {
          "name": "MAX_REDEMPTIONS_PER_EARN_PER_CUSTOMER",
          "value": 100,
          "type": "NON_PERIOD_BASED",
          "periodType": null,
          "periodUnit": null
        }
      ],
      "issualRestrictions": [],
      "earnRestrictions": [],
      "expiryRestrictions": []
    },
    "scope": null,
    "isStackable": false,
    "isConsideredForRanking": false,
    "loyaltyEarningType": null,
    "expiryReminder": null,
    "isExclusive": false,
    "isAlwaysApply": false,
    "targetGroupIds": null,
    "targetRuleIds": null,
    "linkedTargetGroupVsTargetRuleIdMap": null
  }
}