{
  "id": 1517,
  "name": "F8: Complete one of these programs_v11",
  "description": "Optum Engage|Rewardable Activity|Complete 1 of the following programs",
  "promotionStatus": "LIVE",
  "lastUpdateDate": "2024-11-23T04:20:39-05:00",
  "lastUpdatedBy": 4,
  "rulesetInfos": [
    {
      "id": 2005829,
      "orgName": "OneMain Financial_UAT",
      "contextID": 182,
      "orgID": 4000249,
      "contextType": "program",
      "rules": [
        {
          "id": 2007397,
          "exp": "(currentCustomer.extField_affiliation_id==\"optum_onemain_financial_aff_20191213_201818_vwsa\"||currentCustomer.extField_affiliation_id==\"optum_onemain_financial_aff_03_-_onemain_financial_uhc_cdhp_sp_coins\"||currentCustomer.extField_affiliation_id==\"optum_onemain_financial_aff_04_-_onemain_financial_uhc_cdhp_ee_coins\")&&(currentEvent.targetGroup==\"Gatekept F8: Complete one of these programs_v11\"&&currentEvent.isUnifiedTargetAchievedEvent)",
          "expJSON": "\n{\n  \"arity\":\"binary_operation\",\n  \"value\":\"&&\",\n  \"type\":\"boolean:primitive\",\n  \"operands\":[\n    {\n      \"arity\":\"binary_operation\",\n      \"value\":\"||\",\n      \"type\":\"boolean:primitive\",\n      \"operands\":[\n        {\n          \"arity\":\"binary_operation\",\n          \"value\":\"==\",\n          \"type\":\"boolean:primitive\",\n          \"operands\":[\n            {\n              \"arity\":\"object_dereference\",\n              \"type\":\"string:object:primitive\",\n              \"operands\":[\n                {\n                  \"arity\":\"name\",\n                  \"value\":\"currentCustomer\",\n                  \"type\":\"customer:object:primitive\"\n                },\n                {\n                  \"arity\":\"name\",\n                  \"value\":\"extField_affiliation_id\",\n                  \"type\":\"string:object:primitive\"\n                }\n              ]\n            },\n            {\n              \"arity\":\"literal\",\n              \"value\":\"optum_onemain_financial_aff_20191213_201818_vwsa\",\n              \"type\":\"string:object:primitive\"\n            }\n          ]\n        },\n        {\n          \"arity\":\"binary_operation\",\n          \"value\":\"||\",\n          \"type\":\"boolean:primitive\",\n          \"operands\":[\n            {\n              \"arity\":\"binary_operation\",\n              \"value\":\"==\",\n              \"type\":\"boolean:primitive\",\n              \"operands\":[\n                {\n                  \"arity\":\"object_dereference\",\n                  \"type\":\"string:object:primitive\",\n                  \"operands\":[\n                    {\n                      \"arity\":\"name\",\n                      \"value\":\"currentCustomer\",\n                      \"type\":\"customer:object:primitive\"\n                    },\n                    {\n                      \"arity\":\"name\",\n                      \"value\":\"extField_affiliation_id\",\n                      \"type\":\"string:object:primitive\"\n                    }\n                  ]\n                },\n                {\n                  \"arity\":\"literal\",\n                  \"value\":\"optum_onemain_financial_aff_03_-_onemain_financial_uhc_cdhp_sp_coins\",\n                  \"type\":\"string:object:primitive\"\n                }\n              ]\n            },\n            {\n              \"arity\":\"binary_operation\",\n              \"value\":\"==\",\n              \"type\":\"boolean:primitive\",\n              \"operands\":[\n                {\n                  \"arity\":\"object_dereference\",\n                  \"type\":\"string:object:primitive\",\n                  \"operands\":[\n                    {\n                      \"arity\":\"name\",\n                      \"value\":\"currentCustomer\",\n                      \"type\":\"customer:object:primitive\"\n                    },\n                    {\n                      \"arity\":\"name\",\n                      \"value\":\"extField_affiliation_id\",\n                      \"type\":\"string:object:primitive\"\n                    }\n                  ]\n                },\n                {\n                  \"arity\":\"literal\",\n                  \"value\":\"optum_onemain_financial_aff_04_-_onemain_financial_uhc_cdhp_ee_coins\",\n                  \"type\":\"string:object:primitive\"\n                }\n              ]\n            }\n          ]\n        }\n      ]\n    },\n    {\n      \"arity\":\"binary_operation\",\n      \"value\":\"&&\",\n      \"type\":\"boolean:primitive\",\n      \"operands\":[\n        {\n          \"arity\":\"binary_operation\",\n          \"value\":\"==\",\n          \"type\":\"boolean:primitive\",\n          \"operands\":[\n            {\n              \"arity\":\"object_dereference\",\n              \"type\":\"string:object:primitive\",\n              \"operands\":[\n                {\n                  \"arity\":\"name\",\n                  \"value\":\"currentEvent\",\n                  \"type\":\"customer.targetCompletedEvent:object:primitive\"\n                },\n                {\n                  \"arity\":\"name\",\n                  \"value\":\"targetGroup\",\n                  \"type\":\"string:object:primitive\"\n                }\n              ]\n            },\n            {\n              \"arity\":\"literal\",\n              \"value\":\"Gatekept F8: Complete one of these programs_v11\",\n              \"type\":\"string:object:primitive\"\n            }\n          ]\n        },\n        {\n          \"arity\":\"object_dereference\",\n          \"type\":\"boolean:primitive\",\n          \"operands\":[\n            {\n              \"arity\":\"name\",\n              \"value\":\"currentEvent\",\n              \"type\":\"customer.targetCompletedEvent:object:primitive\"\n            },\n            {\n              \"arity\":\"name\",\n              \"value\":\"isUnifiedTargetAchievedEvent\",\n              \"type\":\"boolean:primitive\"\n            }\n          ]\n        }\n      ]\n    }\n  ]\n}",
          "jsonType": "JNODE",
          "isActive": true,
          "priority": -1,
          "startDate": 1099937147753,
          "endDate": 33603530747753,
          "createdOn": 1732353638960,
          "caseToActions": {
            "true": [
              {
                "id": 2006028,
                "actionName": "ISSUE_ALTERNATE_CURRENCY_Gbtre8",
                "actionClass": "com.capillary.shopbook.pointsengine.endpoint.impl.action.AwardTargetPointsActionImpl",
                "mandatoryPropertiesValues": {
                  "AlternateCurrencyIdentifier": "Gbtre8",
                  "TargetGroupId": "2246",
                  "ExpiryStrategy": "2110",
                  "PointType": "REGULAR",
                  "AwardStrategy": "2108",
                  "PointsRoundingStrategy": "ACTUAL"
                },
                "mandatoryComplexPropertiesValues": {},
                "description": "200"
              }
            ]
          },
          "ruleScope": "SERVER",
          "createdBy": 400170863,
          "modifiedBy": 400170863,
          "modifiedOn": 1732353638960,
          "name": "Rule 1",
          "description": "",
          "expDataType": null,
          "filterInfo": [],
          "ruleSetId": 2005829,
          "updatedViaNewUI": false
        }
      ],
      "ruleScope": "SERVER",
      "startDate": 1730437200000,
      "endDate": 1767157200000,
      "createdOn": 1732353638960,
      "createdBy": 400170863,
      "modifiedBy": 400170863,
      "modifiedOn": 1732353638960,
      "name": "ruleset_9fdb77fc-3811-45ff-bbff-c03bc5bfba66",
      "packageName": "",
      "description": "",
      "filterInfo": [],
      "eventType": null,
      "cappingInfo": [],
      "updatedViaNewUI": false,
      "label": null,
      "private": false
    }
  ],
  "programName": "OneMain Financial_UATDefaultProgram",
  "programId": 182,
  "startDate": "2024-11-01T00:00-05:00",
  "endDate": "2025-12-31T00:00-05:00",
  "identifier": "9162dc6a-a5b7-47f9-a296-6f242bdbfe80",
  "isActive": true,
  "eventName": "TARGETCOMPLETED",
  "metadata": [
    {
      "key": "Type_of_Promotion",
      "value": "Rewardable_Activity",
      "isBrandDefined": "true"
    }
  ],
  "allocatePointsOn": "CUSTOMER",
  "limits": {
    "pointsPerCustomer": 0,
    "numberOfTimesPerCustomer": 0,
    "totalPointsInPromotion": 0,
    "totalPointsPerEventLimit": 0
  },
  "useProportions": false,
  "pointsOfferType": "GENERIC",
  "promotionRestrictions": {
    "restrictions": {
      "redemptionRestrictions": [
        {
          "name": "MAX_ALLOWED_TIMES_PER_CUSTOMER",
          "value": 1,
          "type": "NON_PERIOD_BASED",
          "periodType": "MOVING_WINDOW",
          "periodUnit": "DAILY"
        },
        {
          "name": "MAX_REDEMPTIONS_PER_EARN_PER_CUSTOMER",
          "value": 100,
          "type": "NON_PERIOD_BASED",
          "periodType": null,
          "periodUnit": null
        }
      ],
      "issualRestrictions": [],
      "earnRestrictions": [],
      "expiryRestrictions": []
    },
    "scope": null,
    "isStackable": false,
    "isConsideredForRanking": false,
    "loyaltyEarningType": null,
    "expiryReminder": null,
    "isExclusive": false,
    "isAlwaysApply": false,
    "targetGroupIds": null,
    "targetRuleIds": null,
    "linkedTargetGroupVsTargetRuleIdMap": null
  }
}