{
  "id": 1604,
  "name": "R9: Complete the Rally Health Survey_v15",
  "description": "Optum Engage|Rewardable Activity|Complete Rally Health Survey",
  "promotionStatus": "LIVE",
  "lastUpdateDate": "2024-12-15T14:24-05:00",
  "lastUpdatedBy": 4,
  "rulesetInfos": [
    {
      "id": 2006252,
      "orgName": "Belk Inc_UAT",
      "contextID": 54,
      "orgID": 4000121,
      "contextType": "program",
      "rules": [
        {
          "id": 2007862,
          "exp": "currentCustomer.extField_affiliation_id==\"optum_belk_aff_02_-_belk_-_uhc_ee_sp_hsa\"&&(currentEvent.targetGroup==\"Gatekept R9: Complete the Rally Health Survey_v15\"&&currentEvent.isUnifiedTargetAchievedEvent)",
          "expJSON": "\n{\n  \"arity\":\"binary_operation\",\n  \"value\":\"&&\",\n  \"type\":\"boolean:primitive\",\n  \"operands\":[\n    {\n      \"arity\":\"binary_operation\",\n      \"value\":\"==\",\n      \"type\":\"boolean:primitive\",\n      \"operands\":[\n        {\n          \"arity\":\"object_dereference\",\n          \"type\":\"string:object:primitive\",\n          \"operands\":[\n            {\n              \"arity\":\"name\",\n              \"value\":\"currentCustomer\",\n              \"type\":\"customer:object:primitive\"\n            },\n            {\n              \"arity\":\"name\",\n              \"value\":\"extField_affiliation_id\",\n              \"type\":\"string:object:primitive\"\n            }\n          ]\n        },\n        {\n          \"arity\":\"literal\",\n          \"value\":\"optum_belk_aff_02_-_belk_-_uhc_ee_sp_hsa\",\n          \"type\":\"string:object:primitive\"\n        }\n      ]\n    },\n    {\n      \"arity\":\"binary_operation\",\n      \"value\":\"&&\",\n      \"type\":\"boolean:primitive\",\n      \"operands\":[\n        {\n          \"arity\":\"binary_operation\",\n          \"value\":\"==\",\n          \"type\":\"boolean:primitive\",\n          \"operands\":[\n            {\n              \"arity\":\"object_dereference\",\n              \"type\":\"string:object:primitive\",\n              \"operands\":[\n                {\n                  \"arity\":\"name\",\n                  \"value\":\"currentEvent\",\n                  \"type\":\"customer.targetCompletedEvent:object:primitive\"\n                },\n                {\n                  \"arity\":\"name\",\n                  \"value\":\"targetGroup\",\n                  \"type\":\"string:object:primitive\"\n                }\n              ]\n            },\n            {\n              \"arity\":\"literal\",\n              \"value\":\"Gatekept R9: Complete the Rally Health Survey_v15\",\n              \"type\":\"string:object:primitive\"\n            }\n          ]\n        },\n        {\n          \"arity\":\"object_dereference\",\n          \"type\":\"boolean:primitive\",\n          \"operands\":[\n            {\n              \"arity\":\"name\",\n              \"value\":\"currentEvent\",\n              \"type\":\"customer.targetCompletedEvent:object:primitive\"\n            },\n            {\n              \"arity\":\"name\",\n              \"value\":\"isUnifiedTargetAchievedEvent\",\n              \"type\":\"boolean:primitive\"\n            }\n          ]\n        }\n      ]\n    }\n  ]\n}",
          "jsonType": "JNODE",
          "isActive": true,
          "priority": -1,
          "startDate": 1099937147753,
          "endDate": 33603530747753,
          "createdOn": 1732573219260,
          "caseToActions": {
            "true": [
              {
                "id": 2006537,
                "actionName": "AWARD_TARGET_POINTS_ACTION",
                "actionClass": "com.capillary.shopbook.pointsengine.endpoint.impl.action.AwardTargetPointsActionImpl",
                "mandatoryPropertiesValues": {
                  "TargetGroupId": "2394",
                  "ExpiryStrategy": "2146",
                  "PointType": "Main",
                  "AwardStrategy": "2144",
                  "PointsRoundingStrategy": "ACTUAL"
                },
                "mandatoryComplexPropertiesValues": {},
                "description": "50"
              },
              {
                "id": 2006538,
                "actionName": "CONVERT_POINTS_TO_REWARD_ACTION",
                "actionClass": "com.capillary.shopbook.pointsengine.endpoint.impl.action.RewardIssualActionImpl",
                "mandatoryPropertiesValues": {
                  "quantityBasedOn": "POINTS_ON_EVENT",
                  "brandName": "Belk_UAT",
                  "rewardId": "642",
                  "notes": "CLIENT_FULFILLED_HSA_DOLLARS",
                  "customFields": "[{\"marvelCustomFieldName\": \"isAutoRedeem\", \"type\": \"USER_INPUT\", \"mappedToValue\": \"TRUE\"}, {\"marvelCustomFieldName\": \"activityId\", \"type\": \"USER_INPUT\", \"mappedToValue\": \"OPTUM.HEALTHSURVEY.COMPLETE\"}]",
                  "brandId": "28",
                  "quantityValue": "",
                  "isRewardIssualForCustomerActivity": "true",
                  "fulfillmentStatus": "Fulfilled by Client"
                },
                "mandatoryComplexPropertiesValues": {},
                "description": "Convert points to reward action"
              }
            ]
          },
          "ruleScope": "SERVER",
          "createdBy": 400170762,
          "modifiedBy": 400170762,
          "modifiedOn": 1734290640721,
          "name": "Rule 1",
          "description": "",
          "expDataType": null,
          "filterInfo": [],
          "ruleSetId": 2006252,
          "updatedViaNewUI": false
        }
      ],
      "ruleScope": "SERVER",
      "startDate": 1730437200000,
      "endDate": 1767157200000,
      "createdOn": 1732573219260,
      "createdBy": 400170762,
      "modifiedBy": 400170762,
      "modifiedOn": 1734290640721,
      "name": "ruleset_7146124f-6088-4323-97d8-f4c0690f5210",
      "packageName": "",
      "description": "",
      "filterInfo": [],
      "eventType": null,
      "cappingInfo": [],
      "updatedViaNewUI": false,
      "label": null,
      "private": false
    }
  ],
  "programName": "Belk Inc_UATDefaultProgram",
  "programId": 54,
  "startDate": "2024-11-01T00:00-05:00",
  "endDate": "2025-12-31T00:00-05:00",
  "identifier": "45d89e60-4075-48a4-8b30-64d08970bdeb",
  "isActive": true,
  "eventName": "TARGETCOMPLETED",
  "metadata": [
    {
      "key": "Type_of_Promotion",
      "value": "Rewardable_Activity",
      "isBrandDefined": "true"
    }
  ],
  "allocatePointsOn": "CUSTOMER",
  "limits": {
    "pointsPerCustomer": 0,
    "numberOfTimesPerCustomer": 0,
    "totalPointsInPromotion": 0,
    "totalPointsPerEventLimit": 0
  },
  "useProportions": false,
  "pointsOfferType": "GENERIC",
  "promotionRestrictions": {
    "restrictions": {
      "redemptionRestrictions": [
        {
          "name": "MAX_ALLOWED_TIMES_PER_CUSTOMER",
          "value": 1,
          "type": "NON_PERIOD_BASED",
          "periodType": "MOVING_WINDOW",
          "periodUnit": "DAILY"
        },
        {
          "name": "MAX_REDEMPTIONS_PER_EARN_PER_CUSTOMER",
          "value": 100,
          "type": "NON_PERIOD_BASED",
          "periodType": "MOVING_WINDOW",
          "periodUnit": "DAILY"
        }
      ],
      "issualRestrictions": [],
      "earnRestrictions": [],
      "expiryRestrictions": []
    },
    "scope": null,
    "isStackable": false,
    "isConsideredForRanking": false,
    "loyaltyEarningType": null,
    "expiryReminder": null,
    "isExclusive": false,
    "isAlwaysApply": false,
    "targetGroupIds": null,
    "targetRuleIds": null,
    "linkedTargetGroupVsTargetRuleIdMap": null
  }
}