{
  "id": 1673,
  "name": "Custom 1: Annual Physical Exam_v15",
  "description": "Optum Engage|Self Attestation|Annual Exam",
  "promotionStatus": "LIVE",
  "lastUpdateDate": "2024-11-25T17:51:31-05:00",
  "lastUpdatedBy": 4,
  "rulesetInfos": [
    {
      "id": 2006556,
      "orgName": "AMN Healthcare Inc_UAT",
      "contextID": 194,
      "orgID": 4000261,
      "contextType": "program",
      "rules": [
        {
          "id": 2008176,
          "exp": "currentCustomer.extField_affiliation_id==\"optum_amn_healthcare_aff_20171226_221616_5hej\"&&(currentEvent.targetGroup==\"Gatekept Custom 1: Annual Physical Exam (Standard Attestation)_v15\"&&currentEvent.isUnifiedTargetAchievedEvent)",
          "expJSON": "\n{\n  \"arity\":\"binary_operation\",\n  \"value\":\"&&\",\n  \"type\":\"boolean:primitive\",\n  \"operands\":[\n    {\n      \"arity\":\"binary_operation\",\n      \"value\":\"==\",\n      \"type\":\"boolean:primitive\",\n      \"operands\":[\n        {\n          \"arity\":\"object_dereference\",\n          \"type\":\"string:object:primitive\",\n          \"operands\":[\n            {\n              \"arity\":\"name\",\n              \"value\":\"currentCustomer\",\n              \"type\":\"customer:object:primitive\"\n            },\n            {\n              \"arity\":\"name\",\n              \"value\":\"extField_affiliation_id\",\n              \"type\":\"string:object:primitive\"\n            }\n          ]\n        },\n        {\n          \"arity\":\"literal\",\n          \"value\":\"optum_amn_healthcare_aff_20171226_221616_5hej\",\n          \"type\":\"string:object:primitive\"\n        }\n      ]\n    },\n    {\n      \"arity\":\"binary_operation\",\n      \"value\":\"&&\",\n      \"type\":\"boolean:primitive\",\n      \"operands\":[\n        {\n          \"arity\":\"binary_operation\",\n          \"value\":\"==\",\n          \"type\":\"boolean:primitive\",\n          \"operands\":[\n            {\n              \"arity\":\"object_dereference\",\n              \"type\":\"string:object:primitive\",\n              \"operands\":[\n                {\n                  \"arity\":\"name\",\n                  \"value\":\"currentEvent\",\n                  \"type\":\"customer.targetCompletedEvent:object:primitive\"\n                },\n                {\n                  \"arity\":\"name\",\n                  \"value\":\"targetGroup\",\n                  \"type\":\"string:object:primitive\"\n                }\n              ]\n            },\n            {\n              \"arity\":\"literal\",\n              \"value\":\"Gatekept Custom 1: Annual Physical Exam (Standard Attestation)_v15\",\n              \"type\":\"string:object:primitive\"\n            }\n          ]\n        },\n        {\n          \"arity\":\"object_dereference\",\n          \"type\":\"boolean:primitive\",\n          \"operands\":[\n            {\n              \"arity\":\"name\",\n              \"value\":\"currentEvent\",\n              \"type\":\"customer.targetCompletedEvent:object:primitive\"\n            },\n            {\n              \"arity\":\"name\",\n              \"value\":\"isUnifiedTargetAchievedEvent\",\n              \"type\":\"boolean:primitive\"\n            }\n          ]\n        }\n      ]\n    }\n  ]\n}",
          "jsonType": "JNODE",
          "isActive": true,
          "priority": -1,
          "startDate": 1099937147753,
          "endDate": 33603530747753,
          "createdOn": 1732575091208,
          "caseToActions": {
            "true": [
              {
                "id": 2006897,
                "actionName": "ISSUE_ALTERNATE_CURRENCY_JTsb6G",
                "actionClass": "com.capillary.shopbook.pointsengine.endpoint.impl.action.AwardTargetPointsActionImpl",
                "mandatoryPropertiesValues": {
                  "AlternateCurrencyIdentifier": "JTsb6G",
                  "TargetGroupId": "2496",
                  "ExpiryStrategy": "2171",
                  "PointType": "REGULAR",
                  "AwardStrategy": "2169",
                  "PointsRoundingStrategy": "ACTUAL"
                },
                "mandatoryComplexPropertiesValues": {},
                "description": "33"
              }
            ]
          },
          "ruleScope": "SERVER",
          "createdBy": 400170836,
          "modifiedBy": 400170836,
          "modifiedOn": 1732575091208,
          "name": "Rule 1",
          "description": "",
          "expDataType": null,
          "filterInfo": [],
          "ruleSetId": 2006556,
          "updatedViaNewUI": false
        }
      ],
      "ruleScope": "SERVER",
      "startDate": 1730437200000,
      "endDate": 1759294800000,
      "createdOn": 1732575091208,
      "createdBy": 400170836,
      "modifiedBy": 400170836,
      "modifiedOn": 1732575091208,
      "name": "ruleset_26eab70e-77b7-4dc2-a0a0-92959929e0aa",
      "packageName": "",
      "description": "",
      "filterInfo": [],
      "eventType": null,
      "cappingInfo": [],
      "updatedViaNewUI": false,
      "label": null,
      "private": false
    }
  ],
  "programName": "AMN Healthcare Inc_UATDefaultProgram",
  "programId": 194,
  "startDate": "2024-11-01T00:00-05:00",
  "endDate": "2025-10-01T00:00-05:00",
  "identifier": "0458688b-6815-47bf-9fac-b2ed4c43dec4",
  "isActive": true,
  "eventName": "TARGETCOMPLETED",
  "metadata": [
    {
      "key": "Type_of_Promotion",
      "value": "Rewardable_Activity",
      "isBrandDefined": "true"
    }
  ],
  "allocatePointsOn": "CUSTOMER",
  "limits": {
    "pointsPerCustomer": 0,
    "numberOfTimesPerCustomer": 0,
    "totalPointsInPromotion": 0,
    "totalPointsPerEventLimit": 0
  },
  "useProportions": false,
  "pointsOfferType": "GENERIC",
  "promotionRestrictions": {
    "restrictions": {
      "redemptionRestrictions": [
        {
          "name": "MAX_ALLOWED_TIMES_PER_CUSTOMER",
          "value": 1,
          "type": "NON_PERIOD_BASED",
          "periodType": "MOVING_WINDOW",
          "periodUnit": "DAILY"
        },
        {
          "name": "MAX_REDEMPTIONS_PER_EARN_PER_CUSTOMER",
          "value": 100,
          "type": "NON_PERIOD_BASED",
          "periodType": null,
          "periodUnit": null
        }
      ],
      "issualRestrictions": [],
      "earnRestrictions": [],
      "expiryRestrictions": []
    },
    "scope": null,
    "isStackable": false,
    "isConsideredForRanking": false,
    "loyaltyEarningType": null,
    "expiryReminder": null,
    "isExclusive": false,
    "isAlwaysApply": false,
    "targetGroupIds": null,
    "targetRuleIds": null,
    "linkedTargetGroupVsTargetRuleIdMap": null
  }
}