{
  "id": 1707,
  "name": "Custom 1: Complete Rally Registration/Login AND Biometric Screening_v19",
  "description": "Optum Engage|Rewardable Activity|App registration",
  "promotionStatus": "LIVE",
  "lastUpdateDate": "2024-11-26T03:57:34-05:00",
  "lastUpdatedBy": 4,
  "rulesetInfos": [
    {
      "id": 2006677,
      "orgName": "Shell USA Inc_UAT",
      "contextID": 150,
      "orgID": 4000217,
      "contextType": "program",
      "rules": [
        {
          "id": 2008305,
          "exp": "(currentCustomer.extField_affiliation_id==\"optum_be_well_at_shell_aff_201512343_221717_0f9x\"||currentCustomer.extField_affiliation_id==\"optum_be_well_at_shell_aff_201512343_221738_rrye\"||currentCustomer.extField_affiliation_id==\"optum_be_well_at_shell_aff_201512343_221758_gdhe\"||currentCustomer.extField_affiliation_id==\"optum_be_well_at_shell_aff_201512343_221822_f4x8\"||currentCustomer.extField_affiliation_id==\"optum_be_well_at_shell_aff_201512343_221843_ebod\"||currentCustomer.extField_affiliation_id==\"optum_be_well_at_shell_aff_20200101_043309_e5rx\"||currentCustomer.extField_affiliation_id==\"optum_be_well_at_shell_aff_20200101_043309_yp8m\"||currentCustomer.extField_affiliation_id==\"optum_be_well_at_shell_aff_20200101_043309_yk6g\"||currentCustomer.extField_affiliation_id==\"optum_be_well_at_shell_aff_20200101_043309_2xur\"||currentCustomer.extField_affiliation_id==\"optum_be_well_at_shell_aff_20200101_043309_wgwm\")&&(currentEvent.targetGroup==\"Gatekept Custom 1: Complete Rally Registration/Login AND Biometric Screening_v19\"&&currentEvent.isUnifiedTargetAchievedEvent)",
          "expJSON": "\n{\n  \"arity\":\"binary_operation\",\n  \"value\":\"&&\",\n  \"type\":\"boolean:primitive\",\n  \"operands\":[\n    {\n      \"arity\":\"binary_operation\",\n      \"value\":\"||\",\n      \"type\":\"boolean:primitive\",\n      \"operands\":[\n        {\n          \"arity\":\"binary_operation\",\n          \"value\":\"==\",\n          \"type\":\"boolean:primitive\",\n          \"operands\":[\n            {\n              \"arity\":\"object_dereference\",\n              \"type\":\"string:object:primitive\",\n              \"operands\":[\n                {\n                  \"arity\":\"name\",\n                  \"value\":\"currentCustomer\",\n                  \"type\":\"customer:object:primitive\"\n                },\n                {\n                  \"arity\":\"name\",\n                  \"value\":\"extField_affiliation_id\",\n                  \"type\":\"string:object:primitive\"\n                }\n              ]\n            },\n            {\n              \"arity\":\"literal\",\n              \"value\":\"optum_be_well_at_shell_aff_201512343_221717_0f9x\",\n              \"type\":\"string:object:primitive\"\n            }\n          ]\n        },\n        {\n          \"arity\":\"binary_operation\",\n          \"value\":\"||\",\n          \"type\":\"boolean:primitive\",\n          \"operands\":[\n            {\n              \"arity\":\"binary_operation\",\n              \"value\":\"==\",\n              \"type\":\"boolean:primitive\",\n              \"operands\":[\n                {\n                  \"arity\":\"object_dereference\",\n                  \"type\":\"string:object:primitive\",\n                  \"operands\":[\n                    {\n                      \"arity\":\"name\",\n                      \"value\":\"currentCustomer\",\n                      \"type\":\"customer:object:primitive\"\n                    },\n                    {\n                      \"arity\":\"name\",\n                      \"value\":\"extField_affiliation_id\",\n                      \"type\":\"string:object:primitive\"\n                    }\n                  ]\n                },\n                {\n                  \"arity\":\"literal\",\n                  \"value\":\"optum_be_well_at_shell_aff_201512343_221738_rrye\",\n                  \"type\":\"string:object:primitive\"\n                }\n              ]\n            },\n            {\n              \"arity\":\"binary_operation\",\n              \"value\":\"||\",\n              \"type\":\"boolean:primitive\",\n              \"operands\":[\n                {\n                  \"arity\":\"binary_operation\",\n                  \"value\":\"==\",\n                  \"type\":\"boolean:primitive\",\n                  \"operands\":[\n                    {\n                      \"arity\":\"object_dereference\",\n                      \"type\":\"string:object:primitive\",\n                      \"operands\":[\n                        {\n                          \"arity\":\"name\",\n                          \"value\":\"currentCustomer\",\n                          \"type\":\"customer:object:primitive\"\n                        },\n                        {\n                          \"arity\":\"name\",\n                          \"value\":\"extField_affiliation_id\",\n                          \"type\":\"string:object:primitive\"\n                        }\n                      ]\n                    },\n                    {\n                      \"arity\":\"literal\",\n                      \"value\":\"optum_be_well_at_shell_aff_201512343_221758_gdhe\",\n                      \"type\":\"string:object:primitive\"\n                    }\n                  ]\n                },\n                {\n                  \"arity\":\"binary_operation\",\n                  \"value\":\"||\",\n                  \"type\":\"boolean:primitive\",\n                  \"operands\":[\n                    {\n                      \"arity\":\"binary_operation\",\n                      \"value\":\"==\",\n                      \"type\":\"boolean:primitive\",\n                      \"operands\":[\n                        {\n                          \"arity\":\"object_dereference\",\n                          \"type\":\"string:object:primitive\",\n                          \"operands\":[\n                            {\n                              \"arity\":\"name\",\n                              \"value\":\"currentCustomer\",\n                              \"type\":\"customer:object:primitive\"\n                            },\n                            {\n                              \"arity\":\"name\",\n                              \"value\":\"extField_affiliation_id\",\n                              \"type\":\"string:object:primitive\"\n                            }\n                          ]\n                        },\n                        {\n                          \"arity\":\"literal\",\n                          \"value\":\"optum_be_well_at_shell_aff_201512343_221822_f4x8\",\n                          \"type\":\"string:object:primitive\"\n                        }\n                      ]\n                    },\n                    {\n                      \"arity\":\"binary_operation\",\n                      \"value\":\"||\",\n                      \"type\":\"boolean:primitive\",\n                      \"operands\":[\n                        {\n                          \"arity\":\"binary_operation\",\n                          \"value\":\"==\",\n                          \"type\":\"boolean:primitive\",\n                          \"operands\":[\n                            {\n                              \"arity\":\"object_dereference\",\n                              \"type\":\"string:object:primitive\",\n                              \"operands\":[\n                                {\n                                  \"arity\":\"name\",\n                                  \"value\":\"currentCustomer\",\n                                  \"type\":\"customer:object:primitive\"\n                                },\n                                {\n                                  \"arity\":\"name\",\n                                  \"value\":\"extField_affiliation_id\",\n                                  \"type\":\"string:object:primitive\"\n                                }\n                              ]\n                            },\n                            {\n                              \"arity\":\"literal\",\n                              \"value\":\"optum_be_well_at_shell_aff_201512343_221843_ebod\",\n                              \"type\":\"string:object:primitive\"\n                            }\n                          ]\n                        },\n                        {\n                          \"arity\":\"binary_operation\",\n                          \"value\":\"||\",\n                          \"type\":\"boolean:primitive\",\n                          \"operands\":[\n                            {\n                              \"arity\":\"binary_operation\",\n                              \"value\":\"==\",\n                              \"type\":\"boolean:primitive\",\n                              \"operands\":[\n                                {\n                                  \"arity\":\"object_dereference\",\n                                  \"type\":\"string:object:primitive\",\n                                  \"operands\":[\n                                    {\n                                      \"arity\":\"name\",\n                                      \"value\":\"currentCustomer\",\n                                      \"type\":\"customer:object:primitive\"\n                                    },\n                                    {\n                                      \"arity\":\"name\",\n                                      \"value\":\"extField_affiliation_id\",\n                                      \"type\":\"string:object:primitive\"\n                                    }\n                                  ]\n                                },\n                                {\n                                  \"arity\":\"literal\",\n                                  \"value\":\"optum_be_well_at_shell_aff_20200101_043309_e5rx\",\n                                  \"type\":\"string:object:primitive\"\n                                }\n                              ]\n                            },\n                            {\n                              \"arity\":\"binary_operation\",\n                              \"value\":\"||\",\n                              \"type\":\"boolean:primitive\",\n                              \"operands\":[\n                                {\n                                  \"arity\":\"binary_operation\",\n                                  \"value\":\"==\",\n                                  \"type\":\"boolean:primitive\",\n                                  \"operands\":[\n                                    {\n                                      \"arity\":\"object_dereference\",\n                                      \"type\":\"string:object:primitive\",\n                                      \"operands\":[\n                                        {\n                                          \"arity\":\"name\",\n                                          \"value\":\"currentCustomer\",\n                                          \"type\":\"customer:object:primitive\"\n                                        },\n                                        {\n                                          \"arity\":\"name\",\n                                          \"value\":\"extField_affiliation_id\",\n                                          \"type\":\"string:object:primitive\"\n                                        }\n                                      ]\n                                    },\n                                    {\n                                      \"arity\":\"literal\",\n                                      \"value\":\"optum_be_well_at_shell_aff_20200101_043309_yp8m\",\n                                      \"type\":\"string:object:primitive\"\n                                    }\n                                  ]\n                                },\n                                {\n                                  \"arity\":\"binary_operation\",\n                                  \"value\":\"||\",\n                                  \"type\":\"boolean:primitive\",\n                                  \"operands\":[\n                                    {\n                                      \"arity\":\"binary_operation\",\n                                      \"value\":\"==\",\n                                      \"type\":\"boolean:primitive\",\n                                      \"operands\":[\n                                        {\n                                          \"arity\":\"object_dereference\",\n                                          \"type\":\"string:object:primitive\",\n                                          \"operands\":[\n                                            {\n                                              \"arity\":\"name\",\n                                              \"value\":\"currentCustomer\",\n                                              \"type\":\"customer:object:primitive\"\n                                            },\n                                            {\n                                              \"arity\":\"name\",\n                                              \"value\":\"extField_affiliation_id\",\n                                              \"type\":\"string:object:primitive\"\n                                            }\n                                          ]\n                                        },\n                                        {\n                                          \"arity\":\"literal\",\n                                          \"value\":\"optum_be_well_at_shell_aff_20200101_043309_yk6g\",\n                                          \"type\":\"string:object:primitive\"\n                                        }\n                                      ]\n                                    },\n                                    {\n                                      \"arity\":\"binary_operation\",\n                                      \"value\":\"||\",\n                                      \"type\":\"boolean:primitive\",\n                                      \"operands\":[\n                                        {\n                                          \"arity\":\"binary_operation\",\n                                          \"value\":\"==\",\n                                          \"type\":\"boolean:primitive\",\n                                          \"operands\":[\n                                            {\n                                              \"arity\":\"object_dereference\",\n                                              \"type\":\"string:object:primitive\",\n                                              \"operands\":[\n                                                {\n                                                  \"arity\":\"name\",\n                                                  \"value\":\"currentCustomer\",\n                                                  \"type\":\"customer:object:primitive\"\n                                                },\n                                                {\n                                                  \"arity\":\"name\",\n                                                  \"value\":\"extField_affiliation_id\",\n                                                  \"type\":\"string:object:primitive\"\n                                                }\n                                              ]\n                                            },\n                                            {\n                                              \"arity\":\"literal\",\n                                              \"value\":\"optum_be_well_at_shell_aff_20200101_043309_2xur\",\n                                              \"type\":\"string:object:primitive\"\n                                            }\n                                          ]\n                                        },\n                                        {\n                                          \"arity\":\"binary_operation\",\n                                          \"value\":\"==\",\n                                          \"type\":\"boolean:primitive\",\n                                          \"operands\":[\n                                            {\n                                              \"arity\":\"object_dereference\",\n                                              \"type\":\"string:object:primitive\",\n                                              \"operands\":[\n                                                {\n                                                  \"arity\":\"name\",\n                                                  \"value\":\"currentCustomer\",\n                                                  \"type\":\"customer:object:primitive\"\n                                                },\n                                                {\n                                                  \"arity\":\"name\",\n                                                  \"value\":\"extField_affiliation_id\",\n                                                  \"type\":\"string:object:primitive\"\n                                                }\n                                              ]\n                                            },\n                                            {\n                                              \"arity\":\"literal\",\n                                              \"value\":\"optum_be_well_at_shell_aff_20200101_043309_wgwm\",\n                                              \"type\":\"string:object:primitive\"\n                                            }\n                                          ]\n                                        }\n                                      ]\n                                    }\n                                  ]\n                                }\n                              ]\n                            }\n                          ]\n                        }\n                      ]\n                    }\n                  ]\n                }\n              ]\n            }\n          ]\n        }\n      ]\n    },\n    {\n      \"arity\":\"binary_operation\",\n      \"value\":\"&&\",\n      \"type\":\"boolean:primitive\",\n      \"operands\":[\n        {\n          \"arity\":\"binary_operation\",\n          \"value\":\"==\",\n          \"type\":\"boolean:primitive\",\n          \"operands\":[\n            {\n              \"arity\":\"object_dereference\",\n              \"type\":\"string:object:primitive\",\n              \"operands\":[\n                {\n                  \"arity\":\"name\",\n                  \"value\":\"currentEvent\",\n                  \"type\":\"customer.targetCompletedEvent:object:primitive\"\n                },\n                {\n                  \"arity\":\"name\",\n                  \"value\":\"targetGroup\",\n                  \"type\":\"string:object:primitive\"\n                }\n              ]\n            },\n            {\n              \"arity\":\"literal\",\n              \"value\":\"Gatekept Custom 1: Complete Rally Registration/Login AND Biometric Screening_v19\",\n              \"type\":\"string:object:primitive\"\n            }\n          ]\n        },\n        {\n          \"arity\":\"object_dereference\",\n          \"type\":\"boolean:primitive\",\n          \"operands\":[\n            {\n              \"arity\":\"name\",\n              \"value\":\"currentEvent\",\n              \"type\":\"customer.targetCompletedEvent:object:primitive\"\n            },\n            {\n              \"arity\":\"name\",\n              \"value\":\"isUnifiedTargetAchievedEvent\",\n              \"type\":\"boolean:primitive\"\n            }\n          ]\n        }\n      ]\n    }\n  ]\n}",
          "jsonType": "JNODE",
          "isActive": true,
          "priority": -1,
          "startDate": 1099937147753,
          "endDate": 33603530747753,
          "createdOn": 1732611454341,
          "caseToActions": {
            "true": [
              {
                "id": 2007032,
                "actionName": "ISSUE_ALTERNATE_CURRENCY_BWzC5i",
                "actionClass": "com.capillary.shopbook.pointsengine.endpoint.impl.action.AwardTargetPointsActionImpl",
                "mandatoryPropertiesValues": {
                  "AlternateCurrencyIdentifier": "BWzC5i",
                  "TargetGroupId": "2541",
                  "ExpiryStrategy": "2194",
                  "PointType": "REGULAR",
                  "AwardStrategy": "2190",
                  "PointsRoundingStrategy": "ACTUAL"
                },
                "mandatoryComplexPropertiesValues": {},
                "description": "100"
              }
            ]
          },
          "ruleScope": "SERVER",
          "createdBy": 400170811,
          "modifiedBy": 400170811,
          "modifiedOn": 1732611454341,
          "name": "Rule 1",
          "description": "",
          "expDataType": null,
          "filterInfo": [],
          "ruleSetId": 2006677,
          "updatedViaNewUI": false
        }
      ],
      "ruleScope": "SERVER",
      "startDate": 1730437200000,
      "endDate": 1759208400000,
      "createdOn": 1732611454341,
      "createdBy": 400170811,
      "modifiedBy": 400170811,
      "modifiedOn": 1732611454341,
      "name": "ruleset_6b8120d4-47e0-464c-849a-516988523c3b",
      "packageName": "",
      "description": "",
      "filterInfo": [],
      "eventType": null,
      "cappingInfo": [],
      "updatedViaNewUI": false,
      "label": null,
      "private": false
    }
  ],
  "programName": "Shell USA Inc_UATDefaultProgram",
  "programId": 150,
  "startDate": "2024-11-01T00:00-05:00",
  "endDate": "2025-09-30T00:00-05:00",
  "identifier": "e4d61084-7c57-4e97-9159-81801aec7230",
  "isActive": true,
  "eventName": "TARGETCOMPLETED",
  "metadata": [
    {
      "key": "Type_of_Promotion",
      "value": "Rewardable_Activity",
      "isBrandDefined": "true"
    }
  ],
  "allocatePointsOn": "CUSTOMER",
  "limits": {
    "pointsPerCustomer": 0,
    "numberOfTimesPerCustomer": 0,
    "totalPointsInPromotion": 0,
    "totalPointsPerEventLimit": 0
  },
  "useProportions": false,
  "pointsOfferType": "GENERIC",
  "promotionRestrictions": {
    "restrictions": {
      "redemptionRestrictions": [
        {
          "name": "MAX_ALLOWED_TIMES_PER_CUSTOMER",
          "value": 1,
          "type": "NON_PERIOD_BASED",
          "periodType": "MOVING_WINDOW",
          "periodUnit": "DAILY"
        },
        {
          "name": "MAX_REDEMPTIONS_PER_EARN_PER_CUSTOMER",
          "value": 100,
          "type": "NON_PERIOD_BASED",
          "periodType": null,
          "periodUnit": null
        }
      ],
      "issualRestrictions": [],
      "earnRestrictions": [],
      "expiryRestrictions": []
    },
    "scope": null,
    "isStackable": false,
    "isConsideredForRanking": false,
    "loyaltyEarningType": null,
    "expiryReminder": null,
    "isExclusive": false,
    "isAlwaysApply": false,
    "targetGroupIds": null,
    "targetRuleIds": null,
    "linkedTargetGroupVsTargetRuleIdMap": null
  }
}