{
  "id": 1917,
  "name": "F18: Get a Preventive Screening or Annual Physical_v27",
  "description": "Optum Engage|Rewardable Activity|Get an Annual Physical or Preventive Screening",
  "promotionStatus": "LIVE",
  "lastUpdateDate": "2024-12-15T14:26:46-05:00",
  "lastUpdatedBy": 4,
  "rulesetInfos": [
    {
      "id": 2007739,
      "orgName": "Republic Services_UAT",
      "contextID": 147,
      "orgID": 4000214,
      "contextType": "program",
      "rules": [
        {
          "id": 2009528,
          "exp": "(currentCustomer.extField_affiliation_id==\"optum_republic_services_aff_17_-_republic_service_surest_sp_dp_erepr\"||currentCustomer.extField_affiliation_id==\"optum_republic_services_aff_20170330_172423_ak4m\"||currentCustomer.extField_affiliation_id==\"optum_republic_services_aff_20200401_024749_5vcr\"||currentCustomer.extField_affiliation_id==\"optum_republic_services_aff_14_-__republic_service_uhc_global_ee\"||currentCustomer.extField_affiliation_id==\"optum_republic_services_aff_15_-_republic_service_uhc_global_sp\"||currentCustomer.extField_affiliation_id==\"optum_republic_services_aff_16_-_republic_service_surest_ee_erepr\")&&(currentEvent.targetGroup==\"Gatekept F18: Get a Preventive Screening or Annual Physical_v27\"&&currentEvent.isUnifiedTargetAchievedEvent)",
          "expJSON": "\n{\n  \"arity\":\"binary_operation\",\n  \"value\":\"&&\",\n  \"type\":\"boolean:primitive\",\n  \"operands\":[\n    {\n      \"arity\":\"binary_operation\",\n      \"value\":\"||\",\n      \"type\":\"boolean:primitive\",\n      \"operands\":[\n        {\n          \"arity\":\"binary_operation\",\n          \"value\":\"==\",\n          \"type\":\"boolean:primitive\",\n          \"operands\":[\n            {\n              \"arity\":\"object_dereference\",\n              \"type\":\"string:object:primitive\",\n              \"operands\":[\n                {\n                  \"arity\":\"name\",\n                  \"value\":\"currentCustomer\",\n                  \"type\":\"customer:object:primitive\"\n                },\n                {\n                  \"arity\":\"name\",\n                  \"value\":\"extField_affiliation_id\",\n                  \"type\":\"string:object:primitive\"\n                }\n              ]\n            },\n            {\n              \"arity\":\"literal\",\n              \"value\":\"optum_republic_services_aff_17_-_republic_service_surest_sp_dp_erepr\",\n              \"type\":\"string:object:primitive\"\n            }\n          ]\n        },\n        {\n          \"arity\":\"binary_operation\",\n          \"value\":\"||\",\n          \"type\":\"boolean:primitive\",\n          \"operands\":[\n            {\n              \"arity\":\"binary_operation\",\n              \"value\":\"==\",\n              \"type\":\"boolean:primitive\",\n              \"operands\":[\n                {\n                  \"arity\":\"object_dereference\",\n                  \"type\":\"string:object:primitive\",\n                  \"operands\":[\n                    {\n                      \"arity\":\"name\",\n                      \"value\":\"currentCustomer\",\n                      \"type\":\"customer:object:primitive\"\n                    },\n                    {\n                      \"arity\":\"name\",\n                      \"value\":\"extField_affiliation_id\",\n                      \"type\":\"string:object:primitive\"\n                    }\n                  ]\n                },\n                {\n                  \"arity\":\"literal\",\n                  \"value\":\"optum_republic_services_aff_20170330_172423_ak4m\",\n                  \"type\":\"string:object:primitive\"\n                }\n              ]\n            },\n            {\n              \"arity\":\"binary_operation\",\n              \"value\":\"||\",\n              \"type\":\"boolean:primitive\",\n              \"operands\":[\n                {\n                  \"arity\":\"binary_operation\",\n                  \"value\":\"==\",\n                  \"type\":\"boolean:primitive\",\n                  \"operands\":[\n                    {\n                      \"arity\":\"object_dereference\",\n                      \"type\":\"string:object:primitive\",\n                      \"operands\":[\n                        {\n                          \"arity\":\"name\",\n                          \"value\":\"currentCustomer\",\n                          \"type\":\"customer:object:primitive\"\n                        },\n                        {\n                          \"arity\":\"name\",\n                          \"value\":\"extField_affiliation_id\",\n                          \"type\":\"string:object:primitive\"\n                        }\n                      ]\n                    },\n                    {\n                      \"arity\":\"literal\",\n                      \"value\":\"optum_republic_services_aff_20200401_024749_5vcr\",\n                      \"type\":\"string:object:primitive\"\n                    }\n                  ]\n                },\n                {\n                  \"arity\":\"binary_operation\",\n                  \"value\":\"||\",\n                  \"type\":\"boolean:primitive\",\n                  \"operands\":[\n                    {\n                      \"arity\":\"binary_operation\",\n                      \"value\":\"==\",\n                      \"type\":\"boolean:primitive\",\n                      \"operands\":[\n                        {\n                          \"arity\":\"object_dereference\",\n                          \"type\":\"string:object:primitive\",\n                          \"operands\":[\n                            {\n                              \"arity\":\"name\",\n                              \"value\":\"currentCustomer\",\n                              \"type\":\"customer:object:primitive\"\n                            },\n                            {\n                              \"arity\":\"name\",\n                              \"value\":\"extField_affiliation_id\",\n                              \"type\":\"string:object:primitive\"\n                            }\n                          ]\n                        },\n                        {\n                          \"arity\":\"literal\",\n                          \"value\":\"optum_republic_services_aff_14_-__republic_service_uhc_global_ee\",\n                          \"type\":\"string:object:primitive\"\n                        }\n                      ]\n                    },\n                    {\n                      \"arity\":\"binary_operation\",\n                      \"value\":\"||\",\n                      \"type\":\"boolean:primitive\",\n                      \"operands\":[\n                        {\n                          \"arity\":\"binary_operation\",\n                          \"value\":\"==\",\n                          \"type\":\"boolean:primitive\",\n                          \"operands\":[\n                            {\n                              \"arity\":\"object_dereference\",\n                              \"type\":\"string:object:primitive\",\n                              \"operands\":[\n                                {\n                                  \"arity\":\"name\",\n                                  \"value\":\"currentCustomer\",\n                                  \"type\":\"customer:object:primitive\"\n                                },\n                                {\n                                  \"arity\":\"name\",\n                                  \"value\":\"extField_affiliation_id\",\n                                  \"type\":\"string:object:primitive\"\n                                }\n                              ]\n                            },\n                            {\n                              \"arity\":\"literal\",\n                              \"value\":\"optum_republic_services_aff_15_-_republic_service_uhc_global_sp\",\n                              \"type\":\"string:object:primitive\"\n                            }\n                          ]\n                        },\n                        {\n                          \"arity\":\"binary_operation\",\n                          \"value\":\"==\",\n                          \"type\":\"boolean:primitive\",\n                          \"operands\":[\n                            {\n                              \"arity\":\"object_dereference\",\n                              \"type\":\"string:object:primitive\",\n                              \"operands\":[\n                                {\n                                  \"arity\":\"name\",\n                                  \"value\":\"currentCustomer\",\n                                  \"type\":\"customer:object:primitive\"\n                                },\n                                {\n                                  \"arity\":\"name\",\n                                  \"value\":\"extField_affiliation_id\",\n                                  \"type\":\"string:object:primitive\"\n                                }\n                              ]\n                            },\n                            {\n                              \"arity\":\"literal\",\n                              \"value\":\"optum_republic_services_aff_16_-_republic_service_surest_ee_erepr\",\n                              \"type\":\"string:object:primitive\"\n                            }\n                          ]\n                        }\n                      ]\n                    }\n                  ]\n                }\n              ]\n            }\n          ]\n        }\n      ]\n    },\n    {\n      \"arity\":\"binary_operation\",\n      \"value\":\"&&\",\n      \"type\":\"boolean:primitive\",\n      \"operands\":[\n        {\n          \"arity\":\"binary_operation\",\n          \"value\":\"==\",\n          \"type\":\"boolean:primitive\",\n          \"operands\":[\n            {\n              \"arity\":\"object_dereference\",\n              \"type\":\"string:object:primitive\",\n              \"operands\":[\n                {\n                  \"arity\":\"name\",\n                  \"value\":\"currentEvent\",\n                  \"type\":\"customer.targetCompletedEvent:object:primitive\"\n                },\n                {\n                  \"arity\":\"name\",\n                  \"value\":\"targetGroup\",\n                  \"type\":\"string:object:primitive\"\n                }\n              ]\n            },\n            {\n              \"arity\":\"literal\",\n              \"value\":\"Gatekept F18: Get a Preventive Screening or Annual Physical_v27\",\n              \"type\":\"string:object:primitive\"\n            }\n          ]\n        },\n        {\n          \"arity\":\"object_dereference\",\n          \"type\":\"boolean:primitive\",\n          \"operands\":[\n            {\n              \"arity\":\"name\",\n              \"value\":\"currentEvent\",\n              \"type\":\"customer.targetCompletedEvent:object:primitive\"\n            },\n            {\n              \"arity\":\"name\",\n              \"value\":\"isUnifiedTargetAchievedEvent\",\n              \"type\":\"boolean:primitive\"\n            }\n          ]\n        }\n      ]\n    }\n  ]\n}",
          "jsonType": "JNODE",
          "isActive": true,
          "priority": -1,
          "startDate": 1099937147753,
          "endDate": 33603530747753,
          "createdOn": 1732914203764,
          "caseToActions": {
            "true": [
              {
                "id": 2008446,
                "actionName": "AWARD_TARGET_POINTS_ACTION",
                "actionClass": "com.capillary.shopbook.pointsengine.endpoint.impl.action.AwardTargetPointsActionImpl",
                "mandatoryPropertiesValues": {
                  "TargetGroupId": "3082",
                  "ExpiryStrategy": "2331",
                  "PointType": "Main",
                  "AwardStrategy": "2330",
                  "PointsRoundingStrategy": "ACTUAL"
                },
                "mandatoryComplexPropertiesValues": {},
                "description": "75"
              },
              {
                "id": 2008447,
                "actionName": "CONVERT_POINTS_TO_REWARD_ACTION",
                "actionClass": "com.capillary.shopbook.pointsengine.endpoint.impl.action.RewardIssualActionImpl",
                "mandatoryPropertiesValues": {
                  "quantityBasedOn": "POINTS_ON_EVENT",
                  "brandName": "Republic_Services_UAT",
                  "rewardId": "692",
                  "notes": "CLIENT_FULFILLED_REDUCTION_DOLLARS",
                  "customFields": "[{\"marvelCustomFieldName\": \"isAutoRedeem\", \"type\": \"USER_INPUT\", \"mappedToValue\": \"TRUE\"}, {\"marvelCustomFieldName\": \"activityId\", \"type\": \"USER_INPUT\", \"mappedToValue\": \"OPTUM.PREVENTIVE.ANY.COMPLETED\"}]",
                  "brandId": "76",
                  "quantityValue": "",
                  "isRewardIssualForCustomerActivity": "true",
                  "fulfillmentStatus": "Fulfilled by Client"
                },
                "mandatoryComplexPropertiesValues": {},
                "description": "Convert points to reward action"
              }
            ]
          },
          "ruleScope": "SERVER",
          "createdBy": 400170676,
          "modifiedBy": 400170676,
          "modifiedOn": 1734290805998,
          "name": "Rule 1",
          "description": "",
          "expDataType": null,
          "filterInfo": [],
          "ruleSetId": 2007739,
          "updatedViaNewUI": false
        }
      ],
      "ruleScope": "SERVER",
      "startDate": 1730437200000,
      "endDate": 1767243599000,
      "createdOn": 1732914203763,
      "createdBy": 400170676,
      "modifiedBy": 400170676,
      "modifiedOn": 1734290805997,
      "name": "ruleset_d300a7ba-6bb8-4feb-a919-bc987558d497",
      "packageName": "",
      "description": "",
      "filterInfo": [],
      "eventType": null,
      "cappingInfo": [],
      "updatedViaNewUI": false,
      "label": null,
      "private": false
    }
  ],
  "programName": "Republic Services_UATDefaultProgram",
  "programId": 147,
  "startDate": "2024-11-01T00:00-05:00",
  "endDate": "2025-12-31T23:59:59-05:00",
  "identifier": "677c536e-673c-4a62-b726-70648b7da0b9",
  "isActive": true,
  "eventName": "TARGETCOMPLETED",
  "metadata": [
    {
      "key": "Type_of_Promotion",
      "value": "Rewardable_Activity",
      "isBrandDefined": "true"
    }
  ],
  "allocatePointsOn": "CUSTOMER",
  "limits": {
    "pointsPerCustomer": 0,
    "numberOfTimesPerCustomer": 0,
    "totalPointsInPromotion": 0,
    "totalPointsPerEventLimit": 0
  },
  "useProportions": false,
  "pointsOfferType": "GENERIC",
  "promotionRestrictions": {
    "restrictions": {
      "redemptionRestrictions": [
        {
          "name": "MAX_ALLOWED_TIMES_PER_CUSTOMER",
          "value": 1,
          "type": "NON_PERIOD_BASED",
          "periodType": "MOVING_WINDOW",
          "periodUnit": "DAILY"
        },
        {
          "name": "MAX_REDEMPTIONS_PER_EARN_PER_CUSTOMER",
          "value": 100,
          "type": "NON_PERIOD_BASED",
          "periodType": "MOVING_WINDOW",
          "periodUnit": "DAILY"
        }
      ],
      "issualRestrictions": [],
      "earnRestrictions": [],
      "expiryRestrictions": []
    },
    "scope": null,
    "isStackable": false,
    "isConsideredForRanking": false,
    "loyaltyEarningType": null,
    "expiryReminder": null,
    "isExclusive": false,
    "isAlwaysApply": false,
    "targetGroupIds": null,
    "targetRuleIds": null,
    "linkedTargetGroupVsTargetRuleIdMap": null
  }
}