{
  "id": 1982,
  "name": "C11: Complete Maven Maternity Program_v27",
  "description": "Optum Engage|Rewardable Activity|Complete Maven's postpartum assessment",
  "promotionStatus": "LIVE",
  "lastUpdateDate": "2024-12-15T14:27:35-05:00",
  "lastUpdatedBy": 4,
  "rulesetInfos": [
    {
      "id": 2008141,
      "orgName": "Siemens Healthineers_UAT",
      "contextID": 212,
      "orgID": 4000285,
      "contextType": "program",
      "rules": [
        {
          "id": 2010226,
          "exp": "currentCustomer.extField_affiliation_id==\"optum_siemens_healthineers_aff_02_-_siemens_healthineers_uhc_ee_sp_hsa\"&&(currentEvent.targetGroup==\"Gatekept C11: Complete Maven Maternity Program_v27\"&&currentEvent.isUnifiedTargetAchievedEvent)",
          "expJSON": "\n{\n  \"arity\":\"binary_operation\",\n  \"value\":\"&&\",\n  \"type\":\"boolean:primitive\",\n  \"operands\":[\n    {\n      \"arity\":\"binary_operation\",\n      \"value\":\"==\",\n      \"type\":\"boolean:primitive\",\n      \"operands\":[\n        {\n          \"arity\":\"object_dereference\",\n          \"type\":\"string:object:primitive\",\n          \"operands\":[\n            {\n              \"arity\":\"name\",\n              \"value\":\"currentCustomer\",\n              \"type\":\"customer:object:primitive\"\n            },\n            {\n              \"arity\":\"name\",\n              \"value\":\"extField_affiliation_id\",\n              \"type\":\"string:object:primitive\"\n            }\n          ]\n        },\n        {\n          \"arity\":\"literal\",\n          \"value\":\"optum_siemens_healthineers_aff_02_-_siemens_healthineers_uhc_ee_sp_hsa\",\n          \"type\":\"string:object:primitive\"\n        }\n      ]\n    },\n    {\n      \"arity\":\"binary_operation\",\n      \"value\":\"&&\",\n      \"type\":\"boolean:primitive\",\n      \"operands\":[\n        {\n          \"arity\":\"binary_operation\",\n          \"value\":\"==\",\n          \"type\":\"boolean:primitive\",\n          \"operands\":[\n            {\n              \"arity\":\"object_dereference\",\n              \"type\":\"string:object:primitive\",\n              \"operands\":[\n                {\n                  \"arity\":\"name\",\n                  \"value\":\"currentEvent\",\n                  \"type\":\"customer.targetCompletedEvent:object:primitive\"\n                },\n                {\n                  \"arity\":\"name\",\n                  \"value\":\"targetGroup\",\n                  \"type\":\"string:object:primitive\"\n                }\n              ]\n            },\n            {\n              \"arity\":\"literal\",\n              \"value\":\"Gatekept C11: Complete Maven Maternity Program_v27\",\n              \"type\":\"string:object:primitive\"\n            }\n          ]\n        },\n        {\n          \"arity\":\"object_dereference\",\n          \"type\":\"boolean:primitive\",\n          \"operands\":[\n            {\n              \"arity\":\"name\",\n              \"value\":\"currentEvent\",\n              \"type\":\"customer.targetCompletedEvent:object:primitive\"\n            },\n            {\n              \"arity\":\"name\",\n              \"value\":\"isUnifiedTargetAchievedEvent\",\n              \"type\":\"boolean:primitive\"\n            }\n          ]\n        }\n      ]\n    }\n  ]\n}",
          "jsonType": "JNODE",
          "isActive": true,
          "priority": -1,
          "startDate": 1099937147753,
          "endDate": 33603530747753,
          "createdOn": 1732917080085,
          "caseToActions": {
            "true": [
              {
                "id": 2009421,
                "actionName": "AWARD_TARGET_POINTS_ACTION",
                "actionClass": "com.capillary.shopbook.pointsengine.endpoint.impl.action.AwardTargetPointsActionImpl",
                "mandatoryPropertiesValues": {
                  "TargetGroupId": "3246",
                  "ExpiryStrategy": "2349",
                  "PointType": "Main",
                  "AwardStrategy": "2346",
                  "PointsRoundingStrategy": "ACTUAL"
                },
                "mandatoryComplexPropertiesValues": {},
                "description": "100"
              },
              {
                "id": 2009422,
                "actionName": "CONVERT_POINTS_TO_REWARD_ACTION",
                "actionClass": "com.capillary.shopbook.pointsengine.endpoint.impl.action.RewardIssualActionImpl",
                "mandatoryPropertiesValues": {
                  "quantityBasedOn": "POINTS_ON_EVENT",
                  "brandName": "Siemens_Healthineers_UAT",
                  "rewardId": "705",
                  "notes": "HSA_DOLLARS",
                  "customFields": "[{\"marvelCustomFieldName\": \"isAutoRedeem\", \"type\": \"USER_INPUT\", \"mappedToValue\": \"TRUE\"}, {\"marvelCustomFieldName\": \"activityId\", \"type\": \"USER_INPUT\", \"mappedToValue\": \"MAVEN.COMPLETED\"}, {\"marvelCustomFieldName\": \"efid\", \"type\": \"CUSTOMER_EXTENDED_FIELDS\", \"mappedToValue\": \"ef_id\"}, {\"marvelCustomFieldName\": \"client\", \"type\": \"CUSTOMER_EXTENDED_FIELDS\", \"mappedToValue\": \"client\"}, {\"marvelCustomFieldName\": \"partner\", \"type\": \"CUSTOMER_EXTENDED_FIELDS\", \"mappedToValue\": \"partnerId\"}, {\"marvelCustomFieldName\": \"affiliationId\", \"type\": \"CUSTOMER_EXTENDED_FIELDS\", \"mappedToValue\": \"affiliationId\"}, {\"marvelCustomFieldName\": \"rewardType\", \"type\": \"USER_INPUT\", \"mappedToValue\": \"HSA\"}, {\"marvelCustomFieldName\": \"allocationType\", \"type\": \"USER_INPUT\", \"mappedToValue\": \"OHFS\"}]",
                  "brandId": "79",
                  "quantityValue": "",
                  "isRewardIssualForCustomerActivity": "true",
                  "fulfillmentStatus": "Received"
                },
                "mandatoryComplexPropertiesValues": {},
                "description": "Convert points to reward action"
              }
            ]
          },
          "ruleScope": "SERVER",
          "createdBy": 400170676,
          "modifiedBy": 400170676,
          "modifiedOn": 1734290855675,
          "name": "Rule 1",
          "description": "",
          "expDataType": null,
          "filterInfo": [],
          "ruleSetId": 2008141,
          "updatedViaNewUI": false
        },
        {
          "id": 2010227,
          "exp": "currentCustomer.extField_affiliation_id==\"optum_siemens_healthineers_aff_03_-_siemens_healthineers_uhc_ee_sp_hra\"&&(currentEvent.targetGroup==\"Gatekept C11: Complete Maven Maternity Program_v27\"&&currentEvent.isUnifiedTargetAchievedEvent)",
          "expJSON": "\n{\n  \"arity\":\"binary_operation\",\n  \"value\":\"&&\",\n  \"type\":\"boolean:primitive\",\n  \"operands\":[\n    {\n      \"arity\":\"binary_operation\",\n      \"value\":\"==\",\n      \"type\":\"boolean:primitive\",\n      \"operands\":[\n        {\n          \"arity\":\"object_dereference\",\n          \"type\":\"string:object:primitive\",\n          \"operands\":[\n            {\n              \"arity\":\"name\",\n              \"value\":\"currentCustomer\",\n              \"type\":\"customer:object:primitive\"\n            },\n            {\n              \"arity\":\"name\",\n              \"value\":\"extField_affiliation_id\",\n              \"type\":\"string:object:primitive\"\n            }\n          ]\n        },\n        {\n          \"arity\":\"literal\",\n          \"value\":\"optum_siemens_healthineers_aff_03_-_siemens_healthineers_uhc_ee_sp_hra\",\n          \"type\":\"string:object:primitive\"\n        }\n      ]\n    },\n    {\n      \"arity\":\"binary_operation\",\n      \"value\":\"&&\",\n      \"type\":\"boolean:primitive\",\n      \"operands\":[\n        {\n          \"arity\":\"binary_operation\",\n          \"value\":\"==\",\n          \"type\":\"boolean:primitive\",\n          \"operands\":[\n            {\n              \"arity\":\"object_dereference\",\n              \"type\":\"string:object:primitive\",\n              \"operands\":[\n                {\n                  \"arity\":\"name\",\n                  \"value\":\"currentEvent\",\n                  \"type\":\"customer.targetCompletedEvent:object:primitive\"\n                },\n                {\n                  \"arity\":\"name\",\n                  \"value\":\"targetGroup\",\n                  \"type\":\"string:object:primitive\"\n                }\n              ]\n            },\n            {\n              \"arity\":\"literal\",\n              \"value\":\"Gatekept C11: Complete Maven Maternity Program_v27\",\n              \"type\":\"string:object:primitive\"\n            }\n          ]\n        },\n        {\n          \"arity\":\"object_dereference\",\n          \"type\":\"boolean:primitive\",\n          \"operands\":[\n            {\n              \"arity\":\"name\",\n              \"value\":\"currentEvent\",\n              \"type\":\"customer.targetCompletedEvent:object:primitive\"\n            },\n            {\n              \"arity\":\"name\",\n              \"value\":\"isUnifiedTargetAchievedEvent\",\n              \"type\":\"boolean:primitive\"\n            }\n          ]\n        }\n      ]\n    }\n  ]\n}",
          "jsonType": "JNODE",
          "isActive": true,
          "priority": -1,
          "startDate": 1099937147753,
          "endDate": 33603530747753,
          "createdOn": 1732917080085,
          "caseToActions": {
            "true": [
              {
                "id": 2009423,
                "actionName": "AWARD_TARGET_POINTS_ACTION",
                "actionClass": "com.capillary.shopbook.pointsengine.endpoint.impl.action.AwardTargetPointsActionImpl",
                "mandatoryPropertiesValues": {
                  "TargetGroupId": "3246",
                  "ExpiryStrategy": "2349",
                  "PointType": "Main",
                  "AwardStrategy": "2346",
                  "PointsRoundingStrategy": "ACTUAL"
                },
                "mandatoryComplexPropertiesValues": {},
                "description": "100"
              },
              {
                "id": 2009424,
                "actionName": "CONVERT_POINTS_TO_REWARD_ACTION",
                "actionClass": "com.capillary.shopbook.pointsengine.endpoint.impl.action.RewardIssualActionImpl",
                "mandatoryPropertiesValues": {
                  "quantityBasedOn": "POINTS_ON_EVENT",
                  "brandName": "Siemens_Healthineers_UAT",
                  "rewardId": "706",
                  "notes": "HRA_DOLLARS",
                  "customFields": "[{\"marvelCustomFieldName\": \"isAutoRedeem\", \"type\": \"USER_INPUT\", \"mappedToValue\": \"TRUE\"}, {\"marvelCustomFieldName\": \"activityId\", \"type\": \"USER_INPUT\", \"mappedToValue\": \"MAVEN.COMPLETED\"}, {\"marvelCustomFieldName\": \"efid\", \"type\": \"CUSTOMER_EXTENDED_FIELDS\", \"mappedToValue\": \"ef_id\"}, {\"marvelCustomFieldName\": \"client\", \"type\": \"CUSTOMER_EXTENDED_FIELDS\", \"mappedToValue\": \"client\"}, {\"marvelCustomFieldName\": \"partner\", \"type\": \"CUSTOMER_EXTENDED_FIELDS\", \"mappedToValue\": \"partnerId\"}, {\"marvelCustomFieldName\": \"affiliationId\", \"type\": \"CUSTOMER_EXTENDED_FIELDS\", \"mappedToValue\": \"affiliationId\"}, {\"marvelCustomFieldName\": \"rewardType\", \"type\": \"USER_INPUT\", \"mappedToValue\": \"HRA\"}, {\"marvelCustomFieldName\": \"allocationType\", \"type\": \"USER_INPUT\", \"mappedToValue\": \"OHFS\"}]",
                  "brandId": "79",
                  "quantityValue": "",
                  "isRewardIssualForCustomerActivity": "true",
                  "fulfillmentStatus": "Received"
                },
                "mandatoryComplexPropertiesValues": {},
                "description": "Convert points to reward action"
              }
            ]
          },
          "ruleScope": "SERVER",
          "createdBy": 400170676,
          "modifiedBy": 400170676,
          "modifiedOn": 1734290855675,
          "name": "Rule 2",
          "description": "",
          "expDataType": null,
          "filterInfo": [],
          "ruleSetId": 2008141,
          "updatedViaNewUI": false
        }
      ],
      "ruleScope": "SERVER",
      "startDate": 1730437200000,
      "endDate": 1767157200000,
      "createdOn": 1732917080085,
      "createdBy": 400170676,
      "modifiedBy": 400170676,
      "modifiedOn": 1734290855674,
      "name": "ruleset_da712f68-bd81-4243-b51b-001f7cdbf7ec",
      "packageName": "",
      "description": "",
      "filterInfo": [],
      "eventType": null,
      "cappingInfo": [],
      "updatedViaNewUI": false,
      "label": null,
      "private": false
    }
  ],
  "programName": "Siemens Healthineers_UATDefaultProgram",
  "programId": 212,
  "startDate": "2024-11-01T00:00-05:00",
  "endDate": "2025-12-31T00:00-05:00",
  "identifier": "bd58418a-0d24-46ca-bba3-e82ee2e20afb",
  "isActive": true,
  "eventName": "TARGETCOMPLETED",
  "metadata": [
    {
      "key": "Type_of_Promotion",
      "value": "Rewardable_Activity",
      "isBrandDefined": "true"
    }
  ],
  "allocatePointsOn": "CUSTOMER",
  "limits": {
    "pointsPerCustomer": 0,
    "numberOfTimesPerCustomer": 0,
    "totalPointsInPromotion": 0,
    "totalPointsPerEventLimit": 0
  },
  "useProportions": false,
  "pointsOfferType": "GENERIC",
  "promotionRestrictions": {
    "restrictions": {
      "redemptionRestrictions": [
        {
          "name": "MAX_ALLOWED_TIMES_PER_CUSTOMER",
          "value": 1,
          "type": "NON_PERIOD_BASED",
          "periodType": "MOVING_WINDOW",
          "periodUnit": "DAILY"
        },
        {
          "name": "MAX_REDEMPTIONS_PER_EARN_PER_CUSTOMER",
          "value": 100,
          "type": "NON_PERIOD_BASED",
          "periodType": "MOVING_WINDOW",
          "periodUnit": "DAILY"
        }
      ],
      "issualRestrictions": [],
      "earnRestrictions": [],
      "expiryRestrictions": []
    },
    "scope": null,
    "isStackable": false,
    "isConsideredForRanking": false,
    "loyaltyEarningType": null,
    "expiryReminder": null,
    "isExclusive": false,
    "isAlwaysApply": false,
    "targetGroupIds": null,
    "targetRuleIds": null,
    "linkedTargetGroupVsTargetRuleIdMap": null
  }
}