{
  "id": 1994,
  "name": "C2: Complete a Quit for Life Program_v27",
  "description": "Optum Engage|Rewardable Activity|Quit For Life(r) Program",
  "promotionStatus": "LIVE",
  "lastUpdateDate": "2024-12-15T14:27:55-05:00",
  "lastUpdatedBy": 4,
  "rulesetInfos": [
    {
      "id": 2008224,
      "orgName": "Novolex_UAT",
      "contextID": 144,
      "orgID": 4000211,
      "contextType": "program",
      "rules": [
        {
          "id": 2010349,
          "exp": "currentCustomer.extField_affiliation_id==\"optum_novolex_aff_20200601_035049_rgno\"&&(currentEvent.targetGroup==\"Gatekept C2: Complete a Quit for Life Program_v27\"&&currentEvent.isUnifiedTargetAchievedEvent)",
          "expJSON": "\n{\n  \"arity\":\"binary_operation\",\n  \"value\":\"&&\",\n  \"type\":\"boolean:primitive\",\n  \"operands\":[\n    {\n      \"arity\":\"binary_operation\",\n      \"value\":\"==\",\n      \"type\":\"boolean:primitive\",\n      \"operands\":[\n        {\n          \"arity\":\"object_dereference\",\n          \"type\":\"string:object:primitive\",\n          \"operands\":[\n            {\n              \"arity\":\"name\",\n              \"value\":\"currentCustomer\",\n              \"type\":\"customer:object:primitive\"\n            },\n            {\n              \"arity\":\"name\",\n              \"value\":\"extField_affiliation_id\",\n              \"type\":\"string:object:primitive\"\n            }\n          ]\n        },\n        {\n          \"arity\":\"literal\",\n          \"value\":\"optum_novolex_aff_20200601_035049_rgno\",\n          \"type\":\"string:object:primitive\"\n        }\n      ]\n    },\n    {\n      \"arity\":\"binary_operation\",\n      \"value\":\"&&\",\n      \"type\":\"boolean:primitive\",\n      \"operands\":[\n        {\n          \"arity\":\"binary_operation\",\n          \"value\":\"==\",\n          \"type\":\"boolean:primitive\",\n          \"operands\":[\n            {\n              \"arity\":\"object_dereference\",\n              \"type\":\"string:object:primitive\",\n              \"operands\":[\n                {\n                  \"arity\":\"name\",\n                  \"value\":\"currentEvent\",\n                  \"type\":\"customer.targetCompletedEvent:object:primitive\"\n                },\n                {\n                  \"arity\":\"name\",\n                  \"value\":\"targetGroup\",\n                  \"type\":\"string:object:primitive\"\n                }\n              ]\n            },\n            {\n              \"arity\":\"literal\",\n              \"value\":\"Gatekept C2: Complete a Quit for Life Program_v27\",\n              \"type\":\"string:object:primitive\"\n            }\n          ]\n        },\n        {\n          \"arity\":\"object_dereference\",\n          \"type\":\"boolean:primitive\",\n          \"operands\":[\n            {\n              \"arity\":\"name\",\n              \"value\":\"currentEvent\",\n              \"type\":\"customer.targetCompletedEvent:object:primitive\"\n            },\n            {\n              \"arity\":\"name\",\n              \"value\":\"isUnifiedTargetAchievedEvent\",\n              \"type\":\"boolean:primitive\"\n            }\n          ]\n        }\n      ]\n    }\n  ]\n}",
          "jsonType": "JNODE",
          "isActive": true,
          "priority": -1,
          "startDate": 1099937147753,
          "endDate": 33603530747753,
          "createdOn": 1732925968195,
          "caseToActions": {
            "true": [
              {
                "id": 2009590,
                "actionName": "AWARD_TARGET_POINTS_ACTION",
                "actionClass": "com.capillary.shopbook.pointsengine.endpoint.impl.action.AwardTargetPointsActionImpl",
                "mandatoryPropertiesValues": {
                  "TargetGroupId": "3278",
                  "ExpiryStrategy": "2269",
                  "PointType": "Main",
                  "AwardStrategy": "2265",
                  "PointsRoundingStrategy": "ACTUAL"
                },
                "mandatoryComplexPropertiesValues": {},
                "description": "400"
              },
              {
                "id": 2009591,
                "actionName": "CONVERT_POINTS_TO_REWARD_ACTION",
                "actionClass": "com.capillary.shopbook.pointsengine.endpoint.impl.action.RewardIssualActionImpl",
                "mandatoryPropertiesValues": {
                  "quantityBasedOn": "POINTS_ON_EVENT",
                  "brandName": "Novolex_UAT",
                  "rewardId": "708",
                  "notes": "CLIENT_FULFILLED_GENERIC_REWARD_DOLLARS",
                  "customFields": "[{\"marvelCustomFieldName\": \"isAutoRedeem\", \"type\": \"USER_INPUT\", \"mappedToValue\": \"TRUE\"}, {\"marvelCustomFieldName\": \"activityId\", \"type\": \"USER_INPUT\", \"mappedToValue\": \"OPTUM.QUITFORLIFE.COMPLETED\"}]",
                  "brandId": "74",
                  "quantityValue": "",
                  "isRewardIssualForCustomerActivity": "true",
                  "fulfillmentStatus": "Fulfilled by Client"
                },
                "mandatoryComplexPropertiesValues": {},
                "description": "Convert points to reward action"
              }
            ]
          },
          "ruleScope": "SERVER",
          "createdBy": 400170708,
          "modifiedBy": 400170708,
          "modifiedOn": 1734290875336,
          "name": "Rule 1",
          "description": "",
          "expDataType": null,
          "filterInfo": [],
          "ruleSetId": 2008224,
          "updatedViaNewUI": false
        }
      ],
      "ruleScope": "SERVER",
      "startDate": 1730437200000,
      "endDate": 1767157200000,
      "createdOn": 1732925968194,
      "createdBy": 400170708,
      "modifiedBy": 400170708,
      "modifiedOn": 1734290875336,
      "name": "ruleset_cbd9223b-a2e2-4a4c-8e06-af03772db849",
      "packageName": "",
      "description": "",
      "filterInfo": [],
      "eventType": null,
      "cappingInfo": [],
      "updatedViaNewUI": false,
      "label": null,
      "private": false
    }
  ],
  "programName": "Novolex_UATDefaultProgram",
  "programId": 144,
  "startDate": "2024-11-01T00:00-05:00",
  "endDate": "2025-12-31T00:00-05:00",
  "identifier": "a89e5fe0-1842-4a6d-a0da-cdf38acb7bd9",
  "isActive": true,
  "eventName": "TARGETCOMPLETED",
  "metadata": [
    {
      "key": "Type_of_Promotion",
      "value": "Rewardable_Activity",
      "isBrandDefined": "true"
    }
  ],
  "allocatePointsOn": "CUSTOMER",
  "limits": {
    "pointsPerCustomer": 0,
    "numberOfTimesPerCustomer": 0,
    "totalPointsInPromotion": 0,
    "totalPointsPerEventLimit": 0
  },
  "useProportions": false,
  "pointsOfferType": "GENERIC",
  "promotionRestrictions": {
    "restrictions": {
      "redemptionRestrictions": [
        {
          "name": "MAX_ALLOWED_TIMES_PER_CUSTOMER",
          "value": 1,
          "type": "NON_PERIOD_BASED",
          "periodType": "MOVING_WINDOW",
          "periodUnit": "DAILY"
        },
        {
          "name": "MAX_REDEMPTIONS_PER_EARN_PER_CUSTOMER",
          "value": 100,
          "type": "NON_PERIOD_BASED",
          "periodType": "MOVING_WINDOW",
          "periodUnit": "DAILY"
        }
      ],
      "issualRestrictions": [],
      "earnRestrictions": [],
      "expiryRestrictions": []
    },
    "scope": null,
    "isStackable": false,
    "isConsideredForRanking": false,
    "loyaltyEarningType": null,
    "expiryReminder": null,
    "isExclusive": false,
    "isAlwaysApply": false,
    "targetGroupIds": null,
    "targetRuleIds": null,
    "linkedTargetGroupVsTargetRuleIdMap": null
  }
}