{
  "id": 2019,
  "name": "Custom 3: Complete a Maternity Support Program_v32",
  "description": "Optum Engage|Rewardable Activity|Maternity Support Program",
  "promotionStatus": "LIVE",
  "lastUpdateDate": "2024-12-01T03:07:16-05:00",
  "lastUpdatedBy": 4,
  "rulesetInfos": [
    {
      "id": 2008327,
      "orgName": "Hearst Corp_UAT",
      "contextID": 205,
      "orgID": 4000277,
      "contextType": "program",
      "rules": [
        {
          "id": 2010463,
          "exp": "(currentCustomer.extField_affiliation_id==\"optum_hearst_communications_aff_20181227_182039_s8ch\"||currentCustomer.extField_affiliation_id==\"optum_hearst_communications_aff_20181227_182039_eewm\"||currentCustomer.extField_affiliation_id==\"optum_hearst_communications_aff_20190901_041837_sh4a\")&&(currentEvent.targetGroup==\"Gatekept Custom 3: Complete a Maternity Support Program_v32\"&&currentEvent.isUnifiedTargetAchievedEvent)",
          "expJSON": "\n{\n  \"arity\":\"binary_operation\",\n  \"value\":\"&&\",\n  \"type\":\"boolean:primitive\",\n  \"operands\":[\n    {\n      \"arity\":\"binary_operation\",\n      \"value\":\"||\",\n      \"type\":\"boolean:primitive\",\n      \"operands\":[\n        {\n          \"arity\":\"binary_operation\",\n          \"value\":\"==\",\n          \"type\":\"boolean:primitive\",\n          \"operands\":[\n            {\n              \"arity\":\"object_dereference\",\n              \"type\":\"string:object:primitive\",\n              \"operands\":[\n                {\n                  \"arity\":\"name\",\n                  \"value\":\"currentCustomer\",\n                  \"type\":\"customer:object:primitive\"\n                },\n                {\n                  \"arity\":\"name\",\n                  \"value\":\"extField_affiliation_id\",\n                  \"type\":\"string:object:primitive\"\n                }\n              ]\n            },\n            {\n              \"arity\":\"literal\",\n              \"value\":\"optum_hearst_communications_aff_20181227_182039_s8ch\",\n              \"type\":\"string:object:primitive\"\n            }\n          ]\n        },\n        {\n          \"arity\":\"binary_operation\",\n          \"value\":\"||\",\n          \"type\":\"boolean:primitive\",\n          \"operands\":[\n            {\n              \"arity\":\"binary_operation\",\n              \"value\":\"==\",\n              \"type\":\"boolean:primitive\",\n              \"operands\":[\n                {\n                  \"arity\":\"object_dereference\",\n                  \"type\":\"string:object:primitive\",\n                  \"operands\":[\n                    {\n                      \"arity\":\"name\",\n                      \"value\":\"currentCustomer\",\n                      \"type\":\"customer:object:primitive\"\n                    },\n                    {\n                      \"arity\":\"name\",\n                      \"value\":\"extField_affiliation_id\",\n                      \"type\":\"string:object:primitive\"\n                    }\n                  ]\n                },\n                {\n                  \"arity\":\"literal\",\n                  \"value\":\"optum_hearst_communications_aff_20181227_182039_eewm\",\n                  \"type\":\"string:object:primitive\"\n                }\n              ]\n            },\n            {\n              \"arity\":\"binary_operation\",\n              \"value\":\"==\",\n              \"type\":\"boolean:primitive\",\n              \"operands\":[\n                {\n                  \"arity\":\"object_dereference\",\n                  \"type\":\"string:object:primitive\",\n                  \"operands\":[\n                    {\n                      \"arity\":\"name\",\n                      \"value\":\"currentCustomer\",\n                      \"type\":\"customer:object:primitive\"\n                    },\n                    {\n                      \"arity\":\"name\",\n                      \"value\":\"extField_affiliation_id\",\n                      \"type\":\"string:object:primitive\"\n                    }\n                  ]\n                },\n                {\n                  \"arity\":\"literal\",\n                  \"value\":\"optum_hearst_communications_aff_20190901_041837_sh4a\",\n                  \"type\":\"string:object:primitive\"\n                }\n              ]\n            }\n          ]\n        }\n      ]\n    },\n    {\n      \"arity\":\"binary_operation\",\n      \"value\":\"&&\",\n      \"type\":\"boolean:primitive\",\n      \"operands\":[\n        {\n          \"arity\":\"binary_operation\",\n          \"value\":\"==\",\n          \"type\":\"boolean:primitive\",\n          \"operands\":[\n            {\n              \"arity\":\"object_dereference\",\n              \"type\":\"string:object:primitive\",\n              \"operands\":[\n                {\n                  \"arity\":\"name\",\n                  \"value\":\"currentEvent\",\n                  \"type\":\"customer.targetCompletedEvent:object:primitive\"\n                },\n                {\n                  \"arity\":\"name\",\n                  \"value\":\"targetGroup\",\n                  \"type\":\"string:object:primitive\"\n                }\n              ]\n            },\n            {\n              \"arity\":\"literal\",\n              \"value\":\"Gatekept Custom 3: Complete a Maternity Support Program_v32\",\n              \"type\":\"string:object:primitive\"\n            }\n          ]\n        },\n        {\n          \"arity\":\"object_dereference\",\n          \"type\":\"boolean:primitive\",\n          \"operands\":[\n            {\n              \"arity\":\"name\",\n              \"value\":\"currentEvent\",\n              \"type\":\"customer.targetCompletedEvent:object:primitive\"\n            },\n            {\n              \"arity\":\"name\",\n              \"value\":\"isUnifiedTargetAchievedEvent\",\n              \"type\":\"boolean:primitive\"\n            }\n          ]\n        }\n      ]\n    }\n  ]\n}",
          "jsonType": "JNODE",
          "isActive": true,
          "priority": -1,
          "startDate": 1099937147753,
          "endDate": 33603530747753,
          "createdOn": 1733040436045,
          "caseToActions": {
            "true": [
              {
                "id": 2009715,
                "actionName": "ISSUE_ALTERNATE_CURRENCY_YDIoWS",
                "actionClass": "com.capillary.shopbook.pointsengine.endpoint.impl.action.AwardTargetPointsActionImpl",
                "mandatoryPropertiesValues": {
                  "AlternateCurrencyIdentifier": "YDIoWS",
                  "TargetGroupId": "3313",
                  "ExpiryStrategy": "2292",
                  "PointType": "REGULAR",
                  "AwardStrategy": "2289",
                  "PointsRoundingStrategy": "ACTUAL"
                },
                "mandatoryComplexPropertiesValues": {},
                "description": "400"
              }
            ]
          },
          "ruleScope": "SERVER",
          "createdBy": 400170676,
          "modifiedBy": 400170676,
          "modifiedOn": 1733040436045,
          "name": "Rule 1",
          "description": "",
          "expDataType": null,
          "filterInfo": [],
          "ruleSetId": 2008327,
          "updatedViaNewUI": false
        }
      ],
      "ruleScope": "SERVER",
      "startDate": 1730437200000,
      "endDate": 1767157200000,
      "createdOn": 1733040436045,
      "createdBy": 400170676,
      "modifiedBy": 400170676,
      "modifiedOn": 1733040436045,
      "name": "ruleset_1733040281_bff8c576-2dad-4357-b768-95f308763736",
      "packageName": "",
      "description": "",
      "filterInfo": [],
      "eventType": null,
      "cappingInfo": [],
      "updatedViaNewUI": false,
      "label": null,
      "private": false
    }
  ],
  "programName": "Hearst Corp_UATDefaultProgram",
  "programId": 205,
  "startDate": "2024-11-01T00:00-05:00",
  "endDate": "2025-12-31T00:00-05:00",
  "identifier": "15c722d3-16e7-40ca-b398-6e8d613af9ee",
  "isActive": true,
  "eventName": "TARGETCOMPLETED",
  "metadata": [
    {
      "key": "Type_of_Promotion",
      "value": "Rewardable_Activity",
      "isBrandDefined": "true"
    }
  ],
  "allocatePointsOn": "CUSTOMER",
  "limits": {
    "pointsPerCustomer": 0,
    "numberOfTimesPerCustomer": 0,
    "totalPointsInPromotion": 0,
    "totalPointsPerEventLimit": 0
  },
  "useProportions": false,
  "pointsOfferType": "GENERIC",
  "promotionRestrictions": {
    "restrictions": {
      "redemptionRestrictions": [
        {
          "name": "MAX_ALLOWED_TIMES_PER_CUSTOMER",
          "value": 1,
          "type": "NON_PERIOD_BASED",
          "periodType": "MOVING_WINDOW",
          "periodUnit": "DAILY"
        },
        {
          "name": "MAX_REDEMPTIONS_PER_EARN_PER_CUSTOMER",
          "value": 100,
          "type": "NON_PERIOD_BASED",
          "periodType": null,
          "periodUnit": null
        }
      ],
      "issualRestrictions": [],
      "earnRestrictions": [],
      "expiryRestrictions": []
    },
    "scope": null,
    "isStackable": false,
    "isConsideredForRanking": false,
    "loyaltyEarningType": null,
    "expiryReminder": null,
    "isExclusive": false,
    "isAlwaysApply": false,
    "targetGroupIds": null,
    "targetRuleIds": null,
    "linkedTargetGroupVsTargetRuleIdMap": null
  }
}