{
  "id": 2111,
  "name": "Custom 17: Fidelity 1:1 Session Completion_v30",
  "description": "Optum Engage|Rewardable Activity|{PROGRAM_NAME}",
  "promotionStatus": "LIVE",
  "lastUpdateDate": "2024-12-03T16:26:48-05:00",
  "lastUpdatedBy": 4,
  "rulesetInfos": [
    {
      "id": 2008764,
      "orgName": "Roche_UAT",
      "contextID": 211,
      "orgID": 4000284,
      "contextType": "program",
      "rules": [
        {
          "id": 2010920,
          "exp": "(currentCustomer.extField_affiliation_id==\"optum_roche_aff_20190828_190621_uqvv\"||currentCustomer.extField_affiliation_id==\"optum_roche_aff_17_-roche_uhc_health_choice_spee\"||currentCustomer.extField_affiliation_id==\"optum_roche_aff_20190828_190621_vwjw\"||currentCustomer.extField_affiliation_id==\"optum_roche_aff_20191226_180752_lpgc\"||currentCustomer.extField_affiliation_id==\"optum_roche_aff_20190828_190621_vved\"||currentCustomer.extField_affiliation_id==\"optum_roche_aff_20191226_180752_i1sh\"||currentCustomer.extField_affiliation_id==\"optum_roche_aff_20190828_190621_8fyb\"||currentCustomer.extField_affiliation_id==\"optum_roche_aff_20191226_180752_2jtl\"||currentCustomer.extField_affiliation_id==\"optum_roche_aff_20190828_190621_qz7p\"||currentCustomer.extField_affiliation_id==\"optum_roche_aff_14_-roche_kaiser_hmo_choice_ee_gift\"||currentCustomer.extField_affiliation_id==\"optum_roche_aff_15_-roche_kaiser_hmo_choice_spee_gift\")&&(currentEvent.targetGroup==\"Gatekept Custom 17: Fidelity 1:1 Session Completion (EE Only)_v30\"&&currentEvent.isUnifiedTargetAchievedEvent)",
          "expJSON": "\n{\n  \"arity\":\"binary_operation\",\n  \"value\":\"&&\",\n  \"type\":\"boolean:primitive\",\n  \"operands\":[\n    {\n      \"arity\":\"binary_operation\",\n      \"value\":\"||\",\n      \"type\":\"boolean:primitive\",\n      \"operands\":[\n        {\n          \"arity\":\"binary_operation\",\n          \"value\":\"==\",\n          \"type\":\"boolean:primitive\",\n          \"operands\":[\n            {\n              \"arity\":\"object_dereference\",\n              \"type\":\"string:object:primitive\",\n              \"operands\":[\n                {\n                  \"arity\":\"name\",\n                  \"value\":\"currentCustomer\",\n                  \"type\":\"customer:object:primitive\"\n                },\n                {\n                  \"arity\":\"name\",\n                  \"value\":\"extField_affiliation_id\",\n                  \"type\":\"string:object:primitive\"\n                }\n              ]\n            },\n            {\n              \"arity\":\"literal\",\n              \"value\":\"optum_roche_aff_20190828_190621_uqvv\",\n              \"type\":\"string:object:primitive\"\n            }\n          ]\n        },\n        {\n          \"arity\":\"binary_operation\",\n          \"value\":\"||\",\n          \"type\":\"boolean:primitive\",\n          \"operands\":[\n            {\n              \"arity\":\"binary_operation\",\n              \"value\":\"==\",\n              \"type\":\"boolean:primitive\",\n              \"operands\":[\n                {\n                  \"arity\":\"object_dereference\",\n                  \"type\":\"string:object:primitive\",\n                  \"operands\":[\n                    {\n                      \"arity\":\"name\",\n                      \"value\":\"currentCustomer\",\n                      \"type\":\"customer:object:primitive\"\n                    },\n                    {\n                      \"arity\":\"name\",\n                      \"value\":\"extField_affiliation_id\",\n                      \"type\":\"string:object:primitive\"\n                    }\n                  ]\n                },\n                {\n                  \"arity\":\"literal\",\n                  \"value\":\"optum_roche_aff_17_-roche_uhc_health_choice_spee\",\n                  \"type\":\"string:object:primitive\"\n                }\n              ]\n            },\n            {\n              \"arity\":\"binary_operation\",\n              \"value\":\"||\",\n              \"type\":\"boolean:primitive\",\n              \"operands\":[\n                {\n                  \"arity\":\"binary_operation\",\n                  \"value\":\"==\",\n                  \"type\":\"boolean:primitive\",\n                  \"operands\":[\n                    {\n                      \"arity\":\"object_dereference\",\n                      \"type\":\"string:object:primitive\",\n                      \"operands\":[\n                        {\n                          \"arity\":\"name\",\n                          \"value\":\"currentCustomer\",\n                          \"type\":\"customer:object:primitive\"\n                        },\n                        {\n                          \"arity\":\"name\",\n                          \"value\":\"extField_affiliation_id\",\n                          \"type\":\"string:object:primitive\"\n                        }\n                      ]\n                    },\n                    {\n                      \"arity\":\"literal\",\n                      \"value\":\"optum_roche_aff_20190828_190621_vwjw\",\n                      \"type\":\"string:object:primitive\"\n                    }\n                  ]\n                },\n                {\n                  \"arity\":\"binary_operation\",\n                  \"value\":\"||\",\n                  \"type\":\"boolean:primitive\",\n                  \"operands\":[\n                    {\n                      \"arity\":\"binary_operation\",\n                      \"value\":\"==\",\n                      \"type\":\"boolean:primitive\",\n                      \"operands\":[\n                        {\n                          \"arity\":\"object_dereference\",\n                          \"type\":\"string:object:primitive\",\n                          \"operands\":[\n                            {\n                              \"arity\":\"name\",\n                              \"value\":\"currentCustomer\",\n                              \"type\":\"customer:object:primitive\"\n                            },\n                            {\n                              \"arity\":\"name\",\n                              \"value\":\"extField_affiliation_id\",\n                              \"type\":\"string:object:primitive\"\n                            }\n                          ]\n                        },\n                        {\n                          \"arity\":\"literal\",\n                          \"value\":\"optum_roche_aff_20191226_180752_lpgc\",\n                          \"type\":\"string:object:primitive\"\n                        }\n                      ]\n                    },\n                    {\n                      \"arity\":\"binary_operation\",\n                      \"value\":\"||\",\n                      \"type\":\"boolean:primitive\",\n                      \"operands\":[\n                        {\n                          \"arity\":\"binary_operation\",\n                          \"value\":\"==\",\n                          \"type\":\"boolean:primitive\",\n                          \"operands\":[\n                            {\n                              \"arity\":\"object_dereference\",\n                              \"type\":\"string:object:primitive\",\n                              \"operands\":[\n                                {\n                                  \"arity\":\"name\",\n                                  \"value\":\"currentCustomer\",\n                                  \"type\":\"customer:object:primitive\"\n                                },\n                                {\n                                  \"arity\":\"name\",\n                                  \"value\":\"extField_affiliation_id\",\n                                  \"type\":\"string:object:primitive\"\n                                }\n                              ]\n                            },\n                            {\n                              \"arity\":\"literal\",\n                              \"value\":\"optum_roche_aff_20190828_190621_vved\",\n                              \"type\":\"string:object:primitive\"\n                            }\n                          ]\n                        },\n                        {\n                          \"arity\":\"binary_operation\",\n                          \"value\":\"||\",\n                          \"type\":\"boolean:primitive\",\n                          \"operands\":[\n                            {\n                              \"arity\":\"binary_operation\",\n                              \"value\":\"==\",\n                              \"type\":\"boolean:primitive\",\n                              \"operands\":[\n                                {\n                                  \"arity\":\"object_dereference\",\n                                  \"type\":\"string:object:primitive\",\n                                  \"operands\":[\n                                    {\n                                      \"arity\":\"name\",\n                                      \"value\":\"currentCustomer\",\n                                      \"type\":\"customer:object:primitive\"\n                                    },\n                                    {\n                                      \"arity\":\"name\",\n                                      \"value\":\"extField_affiliation_id\",\n                                      \"type\":\"string:object:primitive\"\n                                    }\n                                  ]\n                                },\n                                {\n                                  \"arity\":\"literal\",\n                                  \"value\":\"optum_roche_aff_20191226_180752_i1sh\",\n                                  \"type\":\"string:object:primitive\"\n                                }\n                              ]\n                            },\n                            {\n                              \"arity\":\"binary_operation\",\n                              \"value\":\"||\",\n                              \"type\":\"boolean:primitive\",\n                              \"operands\":[\n                                {\n                                  \"arity\":\"binary_operation\",\n                                  \"value\":\"==\",\n                                  \"type\":\"boolean:primitive\",\n                                  \"operands\":[\n                                    {\n                                      \"arity\":\"object_dereference\",\n                                      \"type\":\"string:object:primitive\",\n                                      \"operands\":[\n                                        {\n                                          \"arity\":\"name\",\n                                          \"value\":\"currentCustomer\",\n                                          \"type\":\"customer:object:primitive\"\n                                        },\n                                        {\n                                          \"arity\":\"name\",\n                                          \"value\":\"extField_affiliation_id\",\n                                          \"type\":\"string:object:primitive\"\n                                        }\n                                      ]\n                                    },\n                                    {\n                                      \"arity\":\"literal\",\n                                      \"value\":\"optum_roche_aff_20190828_190621_8fyb\",\n                                      \"type\":\"string:object:primitive\"\n                                    }\n                                  ]\n                                },\n                                {\n                                  \"arity\":\"binary_operation\",\n                                  \"value\":\"||\",\n                                  \"type\":\"boolean:primitive\",\n                                  \"operands\":[\n                                    {\n                                      \"arity\":\"binary_operation\",\n                                      \"value\":\"==\",\n                                      \"type\":\"boolean:primitive\",\n                                      \"operands\":[\n                                        {\n                                          \"arity\":\"object_dereference\",\n                                          \"type\":\"string:object:primitive\",\n                                          \"operands\":[\n                                            {\n                                              \"arity\":\"name\",\n                                              \"value\":\"currentCustomer\",\n                                              \"type\":\"customer:object:primitive\"\n                                            },\n                                            {\n                                              \"arity\":\"name\",\n                                              \"value\":\"extField_affiliation_id\",\n                                              \"type\":\"string:object:primitive\"\n                                            }\n                                          ]\n                                        },\n                                        {\n                                          \"arity\":\"literal\",\n                                          \"value\":\"optum_roche_aff_20191226_180752_2jtl\",\n                                          \"type\":\"string:object:primitive\"\n                                        }\n                                      ]\n                                    },\n                                    {\n                                      \"arity\":\"binary_operation\",\n                                      \"value\":\"||\",\n                                      \"type\":\"boolean:primitive\",\n                                      \"operands\":[\n                                        {\n                                          \"arity\":\"binary_operation\",\n                                          \"value\":\"==\",\n                                          \"type\":\"boolean:primitive\",\n                                          \"operands\":[\n                                            {\n                                              \"arity\":\"object_dereference\",\n                                              \"type\":\"string:object:primitive\",\n                                              \"operands\":[\n                                                {\n                                                  \"arity\":\"name\",\n                                                  \"value\":\"currentCustomer\",\n                                                  \"type\":\"customer:object:primitive\"\n                                                },\n                                                {\n                                                  \"arity\":\"name\",\n                                                  \"value\":\"extField_affiliation_id\",\n                                                  \"type\":\"string:object:primitive\"\n                                                }\n                                              ]\n                                            },\n                                            {\n                                              \"arity\":\"literal\",\n                                              \"value\":\"optum_roche_aff_20190828_190621_qz7p\",\n                                              \"type\":\"string:object:primitive\"\n                                            }\n                                          ]\n                                        },\n                                        {\n                                          \"arity\":\"binary_operation\",\n                                          \"value\":\"||\",\n                                          \"type\":\"boolean:primitive\",\n                                          \"operands\":[\n                                            {\n                                              \"arity\":\"binary_operation\",\n                                              \"value\":\"==\",\n                                              \"type\":\"boolean:primitive\",\n                                              \"operands\":[\n                                                {\n                                                  \"arity\":\"object_dereference\",\n                                                  \"type\":\"string:object:primitive\",\n                                                  \"operands\":[\n                                                    {\n                                                      \"arity\":\"name\",\n                                                      \"value\":\"currentCustomer\",\n                                                      \"type\":\"customer:object:primitive\"\n                                                    },\n                                                    {\n                                                      \"arity\":\"name\",\n                                                      \"value\":\"extField_affiliation_id\",\n                                                      \"type\":\"string:object:primitive\"\n                                                    }\n                                                  ]\n                                                },\n                                                {\n                                                  \"arity\":\"literal\",\n                                                  \"value\":\"optum_roche_aff_14_-roche_kaiser_hmo_choice_ee_gift\",\n                                                  \"type\":\"string:object:primitive\"\n                                                }\n                                              ]\n                                            },\n                                            {\n                                              \"arity\":\"binary_operation\",\n                                              \"value\":\"==\",\n                                              \"type\":\"boolean:primitive\",\n                                              \"operands\":[\n                                                {\n                                                  \"arity\":\"object_dereference\",\n                                                  \"type\":\"string:object:primitive\",\n                                                  \"operands\":[\n                                                    {\n                                                      \"arity\":\"name\",\n                                                      \"value\":\"currentCustomer\",\n                                                      \"type\":\"customer:object:primitive\"\n                                                    },\n                                                    {\n                                                      \"arity\":\"name\",\n                                                      \"value\":\"extField_affiliation_id\",\n                                                      \"type\":\"string:object:primitive\"\n                                                    }\n                                                  ]\n                                                },\n                                                {\n                                                  \"arity\":\"literal\",\n                                                  \"value\":\"optum_roche_aff_15_-roche_kaiser_hmo_choice_spee_gift\",\n                                                  \"type\":\"string:object:primitive\"\n                                                }\n                                              ]\n                                            }\n                                          ]\n                                        }\n                                      ]\n                                    }\n                                  ]\n                                }\n                              ]\n                            }\n                          ]\n                        }\n                      ]\n                    }\n                  ]\n                }\n              ]\n            }\n          ]\n        }\n      ]\n    },\n    {\n      \"arity\":\"binary_operation\",\n      \"value\":\"&&\",\n      \"type\":\"boolean:primitive\",\n      \"operands\":[\n        {\n          \"arity\":\"binary_operation\",\n          \"value\":\"==\",\n          \"type\":\"boolean:primitive\",\n          \"operands\":[\n            {\n              \"arity\":\"object_dereference\",\n              \"type\":\"string:object:primitive\",\n              \"operands\":[\n                {\n                  \"arity\":\"name\",\n                  \"value\":\"currentEvent\",\n                  \"type\":\"customer.targetCompletedEvent:object:primitive\"\n                },\n                {\n                  \"arity\":\"name\",\n                  \"value\":\"targetGroup\",\n                  \"type\":\"string:object:primitive\"\n                }\n              ]\n            },\n            {\n              \"arity\":\"literal\",\n              \"value\":\"Gatekept Custom 17: Fidelity 1:1 Session Completion (EE Only)_v30\",\n              \"type\":\"string:object:primitive\"\n            }\n          ]\n        },\n        {\n          \"arity\":\"object_dereference\",\n          \"type\":\"boolean:primitive\",\n          \"operands\":[\n            {\n              \"arity\":\"name\",\n              \"value\":\"currentEvent\",\n              \"type\":\"customer.targetCompletedEvent:object:primitive\"\n            },\n            {\n              \"arity\":\"name\",\n              \"value\":\"isUnifiedTargetAchievedEvent\",\n              \"type\":\"boolean:primitive\"\n            }\n          ]\n        }\n      ]\n    }\n  ]\n}",
          "jsonType": "JNODE",
          "isActive": true,
          "priority": -1,
          "startDate": 1099937147753,
          "endDate": 33603530747753,
          "createdOn": 1733261208595,
          "caseToActions": {
            "true": [
              {
                "id": 2010101,
                "actionName": "AWARD_TARGET_POINTS_ACTION",
                "actionClass": "com.capillary.shopbook.pointsengine.endpoint.impl.action.AwardTargetPointsActionImpl",
                "mandatoryPropertiesValues": {
                  "TargetGroupId": "5415",
                  "ExpiryStrategy": "2506",
                  "PointType": "Main",
                  "AwardStrategy": "2505",
                  "PointsRoundingStrategy": "ACTUAL"
                },
                "mandatoryComplexPropertiesValues": {},
                "description": "50"
              }
            ]
          },
          "ruleScope": "SERVER",
          "createdBy": 400170676,
          "modifiedBy": 400170676,
          "modifiedOn": 1733261208595,
          "name": "Rule 1",
          "description": "",
          "expDataType": null,
          "filterInfo": [],
          "ruleSetId": 2008764,
          "updatedViaNewUI": false
        }
      ],
      "ruleScope": "SERVER",
      "startDate": 1730437200000,
      "endDate": 1767157200000,
      "createdOn": 1733261208594,
      "createdBy": 400170676,
      "modifiedBy": 400170676,
      "modifiedOn": 1733261208594,
      "name": "ruleset_b4d21323-12c3-4020-8c06-1268a33ca50b",
      "packageName": "",
      "description": "",
      "filterInfo": [],
      "eventType": null,
      "cappingInfo": [],
      "updatedViaNewUI": false,
      "label": null,
      "private": false
    }
  ],
  "programName": "Roche_UATDefaultProgram",
  "programId": 211,
  "startDate": "2024-11-01T00:00-05:00",
  "endDate": "2025-12-31T00:00-05:00",
  "identifier": "cfff2474-48b7-4a2c-8129-9ec67c48adba",
  "isActive": true,
  "eventName": "TARGETCOMPLETED",
  "metadata": [
    {
      "key": "Type_of_Promotion",
      "value": "Rewardable_Activity",
      "isBrandDefined": "true"
    }
  ],
  "allocatePointsOn": "CUSTOMER",
  "limits": {
    "pointsPerCustomer": 0,
    "numberOfTimesPerCustomer": 0,
    "totalPointsInPromotion": 0,
    "totalPointsPerEventLimit": 0
  },
  "useProportions": false,
  "pointsOfferType": "GENERIC",
  "promotionRestrictions": {
    "restrictions": {
      "redemptionRestrictions": [
        {
          "name": "MAX_ALLOWED_TIMES_PER_CUSTOMER",
          "value": 1,
          "type": "NON_PERIOD_BASED",
          "periodType": "MOVING_WINDOW",
          "periodUnit": "DAILY"
        },
        {
          "name": "MAX_REDEMPTIONS_PER_EARN_PER_CUSTOMER",
          "value": 100,
          "type": "NON_PERIOD_BASED",
          "periodType": null,
          "periodUnit": null
        }
      ],
      "issualRestrictions": [],
      "earnRestrictions": [],
      "expiryRestrictions": []
    },
    "scope": null,
    "isStackable": false,
    "isConsideredForRanking": false,
    "loyaltyEarningType": null,
    "expiryReminder": null,
    "isExclusive": false,
    "isAlwaysApply": false,
    "targetGroupIds": null,
    "targetRuleIds": null,
    "linkedTargetGroupVsTargetRuleIdMap": null
  }
}