{
  "id": 2140,
  "name": "R4: Complete any Public and/or Private Rally Challenges_v30",
  "description": "Optum Engage|Rewardable Activity|Challenge Activity",
  "promotionStatus": "LIVE",
  "lastUpdateDate": "2024-12-03T19:35:28-05:00",
  "lastUpdatedBy": 4,
  "rulesetInfos": [
    {
      "id": 2008904,
      "orgName": "Valero Energy Corp_UAT",
      "contextID": 215,
      "orgID": 4000288,
      "contextType": "program",
      "rules": [
        {
          "id": 2011145,
          "exp": "(currentCustomer.extField_affiliation_id==\"optum_valero_aff_02_-_valero_uhc_ee\"||currentCustomer.extField_affiliation_id==\"optum_valero_aff_03_-_valero_uhc_sp\"||currentCustomer.extField_affiliation_id==\"optum_valero_aff_04_-_valero_bcbs_sd_wellmark_ee_gift\"||currentCustomer.extField_affiliation_id==\"optum_valero_aff_05_-_valero_bcbs_sd_wellmark_spee_dpee_gift\"||currentCustomer.extField_affiliation_id==\"optum_valero_aff_06_-_valero_bcbs_tn_ee_gift\"||currentCustomer.extField_affiliation_id==\"optum_valero_aff_07_-_valero_bcbs_tn_spee_dpee_gift\"||currentCustomer.extField_affiliation_id==\"optum_valero_aff_08_-_valero_cigna_ee_gift\"||currentCustomer.extField_affiliation_id==\"optum_valero_aff_09_-_valero_cigna_spee_dpee_gift\"||currentCustomer.extField_affiliation_id==\"optum_valero_aff_10_-_valero_kaiser_ee_gift\"||currentCustomer.extField_affiliation_id==\"optum_valero_aff_11_-_valero_kaiser_spee_dpee_gift\")&&(currentEvent.targetGroup==\"Gatekept R4: Complete any Public and/or Private Rally Challenges_v30\"&&currentEvent.isUnifiedTargetAchievedEvent)",
          "expJSON": "\n{\n  \"arity\":\"binary_operation\",\n  \"value\":\"&&\",\n  \"type\":\"boolean:primitive\",\n  \"operands\":[\n    {\n      \"arity\":\"binary_operation\",\n      \"value\":\"||\",\n      \"type\":\"boolean:primitive\",\n      \"operands\":[\n        {\n          \"arity\":\"binary_operation\",\n          \"value\":\"==\",\n          \"type\":\"boolean:primitive\",\n          \"operands\":[\n            {\n              \"arity\":\"object_dereference\",\n              \"type\":\"string:object:primitive\",\n              \"operands\":[\n                {\n                  \"arity\":\"name\",\n                  \"value\":\"currentCustomer\",\n                  \"type\":\"customer:object:primitive\"\n                },\n                {\n                  \"arity\":\"name\",\n                  \"value\":\"extField_affiliation_id\",\n                  \"type\":\"string:object:primitive\"\n                }\n              ]\n            },\n            {\n              \"arity\":\"literal\",\n              \"value\":\"optum_valero_aff_02_-_valero_uhc_ee\",\n              \"type\":\"string:object:primitive\"\n            }\n          ]\n        },\n        {\n          \"arity\":\"binary_operation\",\n          \"value\":\"||\",\n          \"type\":\"boolean:primitive\",\n          \"operands\":[\n            {\n              \"arity\":\"binary_operation\",\n              \"value\":\"==\",\n              \"type\":\"boolean:primitive\",\n              \"operands\":[\n                {\n                  \"arity\":\"object_dereference\",\n                  \"type\":\"string:object:primitive\",\n                  \"operands\":[\n                    {\n                      \"arity\":\"name\",\n                      \"value\":\"currentCustomer\",\n                      \"type\":\"customer:object:primitive\"\n                    },\n                    {\n                      \"arity\":\"name\",\n                      \"value\":\"extField_affiliation_id\",\n                      \"type\":\"string:object:primitive\"\n                    }\n                  ]\n                },\n                {\n                  \"arity\":\"literal\",\n                  \"value\":\"optum_valero_aff_03_-_valero_uhc_sp\",\n                  \"type\":\"string:object:primitive\"\n                }\n              ]\n            },\n            {\n              \"arity\":\"binary_operation\",\n              \"value\":\"||\",\n              \"type\":\"boolean:primitive\",\n              \"operands\":[\n                {\n                  \"arity\":\"binary_operation\",\n                  \"value\":\"==\",\n                  \"type\":\"boolean:primitive\",\n                  \"operands\":[\n                    {\n                      \"arity\":\"object_dereference\",\n                      \"type\":\"string:object:primitive\",\n                      \"operands\":[\n                        {\n                          \"arity\":\"name\",\n                          \"value\":\"currentCustomer\",\n                          \"type\":\"customer:object:primitive\"\n                        },\n                        {\n                          \"arity\":\"name\",\n                          \"value\":\"extField_affiliation_id\",\n                          \"type\":\"string:object:primitive\"\n                        }\n                      ]\n                    },\n                    {\n                      \"arity\":\"literal\",\n                      \"value\":\"optum_valero_aff_04_-_valero_bcbs_sd_wellmark_ee_gift\",\n                      \"type\":\"string:object:primitive\"\n                    }\n                  ]\n                },\n                {\n                  \"arity\":\"binary_operation\",\n                  \"value\":\"||\",\n                  \"type\":\"boolean:primitive\",\n                  \"operands\":[\n                    {\n                      \"arity\":\"binary_operation\",\n                      \"value\":\"==\",\n                      \"type\":\"boolean:primitive\",\n                      \"operands\":[\n                        {\n                          \"arity\":\"object_dereference\",\n                          \"type\":\"string:object:primitive\",\n                          \"operands\":[\n                            {\n                              \"arity\":\"name\",\n                              \"value\":\"currentCustomer\",\n                              \"type\":\"customer:object:primitive\"\n                            },\n                            {\n                              \"arity\":\"name\",\n                              \"value\":\"extField_affiliation_id\",\n                              \"type\":\"string:object:primitive\"\n                            }\n                          ]\n                        },\n                        {\n                          \"arity\":\"literal\",\n                          \"value\":\"optum_valero_aff_05_-_valero_bcbs_sd_wellmark_spee_dpee_gift\",\n                          \"type\":\"string:object:primitive\"\n                        }\n                      ]\n                    },\n                    {\n                      \"arity\":\"binary_operation\",\n                      \"value\":\"||\",\n                      \"type\":\"boolean:primitive\",\n                      \"operands\":[\n                        {\n                          \"arity\":\"binary_operation\",\n                          \"value\":\"==\",\n                          \"type\":\"boolean:primitive\",\n                          \"operands\":[\n                            {\n                              \"arity\":\"object_dereference\",\n                              \"type\":\"string:object:primitive\",\n                              \"operands\":[\n                                {\n                                  \"arity\":\"name\",\n                                  \"value\":\"currentCustomer\",\n                                  \"type\":\"customer:object:primitive\"\n                                },\n                                {\n                                  \"arity\":\"name\",\n                                  \"value\":\"extField_affiliation_id\",\n                                  \"type\":\"string:object:primitive\"\n                                }\n                              ]\n                            },\n                            {\n                              \"arity\":\"literal\",\n                              \"value\":\"optum_valero_aff_06_-_valero_bcbs_tn_ee_gift\",\n                              \"type\":\"string:object:primitive\"\n                            }\n                          ]\n                        },\n                        {\n                          \"arity\":\"binary_operation\",\n                          \"value\":\"||\",\n                          \"type\":\"boolean:primitive\",\n                          \"operands\":[\n                            {\n                              \"arity\":\"binary_operation\",\n                              \"value\":\"==\",\n                              \"type\":\"boolean:primitive\",\n                              \"operands\":[\n                                {\n                                  \"arity\":\"object_dereference\",\n                                  \"type\":\"string:object:primitive\",\n                                  \"operands\":[\n                                    {\n                                      \"arity\":\"name\",\n                                      \"value\":\"currentCustomer\",\n                                      \"type\":\"customer:object:primitive\"\n                                    },\n                                    {\n                                      \"arity\":\"name\",\n                                      \"value\":\"extField_affiliation_id\",\n                                      \"type\":\"string:object:primitive\"\n                                    }\n                                  ]\n                                },\n                                {\n                                  \"arity\":\"literal\",\n                                  \"value\":\"optum_valero_aff_07_-_valero_bcbs_tn_spee_dpee_gift\",\n                                  \"type\":\"string:object:primitive\"\n                                }\n                              ]\n                            },\n                            {\n                              \"arity\":\"binary_operation\",\n                              \"value\":\"||\",\n                              \"type\":\"boolean:primitive\",\n                              \"operands\":[\n                                {\n                                  \"arity\":\"binary_operation\",\n                                  \"value\":\"==\",\n                                  \"type\":\"boolean:primitive\",\n                                  \"operands\":[\n                                    {\n                                      \"arity\":\"object_dereference\",\n                                      \"type\":\"string:object:primitive\",\n                                      \"operands\":[\n                                        {\n                                          \"arity\":\"name\",\n                                          \"value\":\"currentCustomer\",\n                                          \"type\":\"customer:object:primitive\"\n                                        },\n                                        {\n                                          \"arity\":\"name\",\n                                          \"value\":\"extField_affiliation_id\",\n                                          \"type\":\"string:object:primitive\"\n                                        }\n                                      ]\n                                    },\n                                    {\n                                      \"arity\":\"literal\",\n                                      \"value\":\"optum_valero_aff_08_-_valero_cigna_ee_gift\",\n                                      \"type\":\"string:object:primitive\"\n                                    }\n                                  ]\n                                },\n                                {\n                                  \"arity\":\"binary_operation\",\n                                  \"value\":\"||\",\n                                  \"type\":\"boolean:primitive\",\n                                  \"operands\":[\n                                    {\n                                      \"arity\":\"binary_operation\",\n                                      \"value\":\"==\",\n                                      \"type\":\"boolean:primitive\",\n                                      \"operands\":[\n                                        {\n                                          \"arity\":\"object_dereference\",\n                                          \"type\":\"string:object:primitive\",\n                                          \"operands\":[\n                                            {\n                                              \"arity\":\"name\",\n                                              \"value\":\"currentCustomer\",\n                                              \"type\":\"customer:object:primitive\"\n                                            },\n                                            {\n                                              \"arity\":\"name\",\n                                              \"value\":\"extField_affiliation_id\",\n                                              \"type\":\"string:object:primitive\"\n                                            }\n                                          ]\n                                        },\n                                        {\n                                          \"arity\":\"literal\",\n                                          \"value\":\"optum_valero_aff_09_-_valero_cigna_spee_dpee_gift\",\n                                          \"type\":\"string:object:primitive\"\n                                        }\n                                      ]\n                                    },\n                                    {\n                                      \"arity\":\"binary_operation\",\n                                      \"value\":\"||\",\n                                      \"type\":\"boolean:primitive\",\n                                      \"operands\":[\n                                        {\n                                          \"arity\":\"binary_operation\",\n                                          \"value\":\"==\",\n                                          \"type\":\"boolean:primitive\",\n                                          \"operands\":[\n                                            {\n                                              \"arity\":\"object_dereference\",\n                                              \"type\":\"string:object:primitive\",\n                                              \"operands\":[\n                                                {\n                                                  \"arity\":\"name\",\n                                                  \"value\":\"currentCustomer\",\n                                                  \"type\":\"customer:object:primitive\"\n                                                },\n                                                {\n                                                  \"arity\":\"name\",\n                                                  \"value\":\"extField_affiliation_id\",\n                                                  \"type\":\"string:object:primitive\"\n                                                }\n                                              ]\n                                            },\n                                            {\n                                              \"arity\":\"literal\",\n                                              \"value\":\"optum_valero_aff_10_-_valero_kaiser_ee_gift\",\n                                              \"type\":\"string:object:primitive\"\n                                            }\n                                          ]\n                                        },\n                                        {\n                                          \"arity\":\"binary_operation\",\n                                          \"value\":\"==\",\n                                          \"type\":\"boolean:primitive\",\n                                          \"operands\":[\n                                            {\n                                              \"arity\":\"object_dereference\",\n                                              \"type\":\"string:object:primitive\",\n                                              \"operands\":[\n                                                {\n                                                  \"arity\":\"name\",\n                                                  \"value\":\"currentCustomer\",\n                                                  \"type\":\"customer:object:primitive\"\n                                                },\n                                                {\n                                                  \"arity\":\"name\",\n                                                  \"value\":\"extField_affiliation_id\",\n                                                  \"type\":\"string:object:primitive\"\n                                                }\n                                              ]\n                                            },\n                                            {\n                                              \"arity\":\"literal\",\n                                              \"value\":\"optum_valero_aff_11_-_valero_kaiser_spee_dpee_gift\",\n                                              \"type\":\"string:object:primitive\"\n                                            }\n                                          ]\n                                        }\n                                      ]\n                                    }\n                                  ]\n                                }\n                              ]\n                            }\n                          ]\n                        }\n                      ]\n                    }\n                  ]\n                }\n              ]\n            }\n          ]\n        }\n      ]\n    },\n    {\n      \"arity\":\"binary_operation\",\n      \"value\":\"&&\",\n      \"type\":\"boolean:primitive\",\n      \"operands\":[\n        {\n          \"arity\":\"binary_operation\",\n          \"value\":\"==\",\n          \"type\":\"boolean:primitive\",\n          \"operands\":[\n            {\n              \"arity\":\"object_dereference\",\n              \"type\":\"string:object:primitive\",\n              \"operands\":[\n                {\n                  \"arity\":\"name\",\n                  \"value\":\"currentEvent\",\n                  \"type\":\"customer.targetCompletedEvent:object:primitive\"\n                },\n                {\n                  \"arity\":\"name\",\n                  \"value\":\"targetGroup\",\n                  \"type\":\"string:object:primitive\"\n                }\n              ]\n            },\n            {\n              \"arity\":\"literal\",\n              \"value\":\"Gatekept R4: Complete any Public and/or Private Rally Challenges_v30\",\n              \"type\":\"string:object:primitive\"\n            }\n          ]\n        },\n        {\n          \"arity\":\"object_dereference\",\n          \"type\":\"boolean:primitive\",\n          \"operands\":[\n            {\n              \"arity\":\"name\",\n              \"value\":\"currentEvent\",\n              \"type\":\"customer.targetCompletedEvent:object:primitive\"\n            },\n            {\n              \"arity\":\"name\",\n              \"value\":\"isUnifiedTargetAchievedEvent\",\n              \"type\":\"boolean:primitive\"\n            }\n          ]\n        }\n      ]\n    }\n  ]\n}",
          "jsonType": "JNODE",
          "isActive": true,
          "priority": -1,
          "startDate": 1099937147753,
          "endDate": 33603530747753,
          "createdOn": 1733272527974,
          "caseToActions": {
            "true": [
              {
                "id": 2010392,
                "actionName": "AWARD_TARGET_POINTS_ACTION",
                "actionClass": "com.capillary.shopbook.pointsengine.endpoint.impl.action.AwardTargetPointsActionImpl",
                "mandatoryPropertiesValues": {
                  "TargetGroupId": "5471",
                  "ExpiryStrategy": "2516",
                  "PointType": "Main",
                  "AwardStrategy": "2515",
                  "PointsRoundingStrategy": "ACTUAL"
                },
                "mandatoryComplexPropertiesValues": {},
                "description": "25"
              }
            ]
          },
          "ruleScope": "SERVER",
          "createdBy": 400170676,
          "modifiedBy": 400170676,
          "modifiedOn": 1733272527974,
          "name": "Rule 1",
          "description": "",
          "expDataType": null,
          "filterInfo": [],
          "ruleSetId": 2008904,
          "updatedViaNewUI": false
        },
        {
          "id": 2011146,
          "exp": "(currentCustomer.extField_affiliation_id==\"optum_valero_aff_02_-_valero_uhc_ee\"||currentCustomer.extField_affiliation_id==\"optum_valero_aff_03_-_valero_uhc_sp\"||currentCustomer.extField_affiliation_id==\"optum_valero_aff_04_-_valero_bcbs_sd_wellmark_ee_gift\"||currentCustomer.extField_affiliation_id==\"optum_valero_aff_05_-_valero_bcbs_sd_wellmark_spee_dpee_gift\"||currentCustomer.extField_affiliation_id==\"optum_valero_aff_06_-_valero_bcbs_tn_ee_gift\"||currentCustomer.extField_affiliation_id==\"optum_valero_aff_07_-_valero_bcbs_tn_spee_dpee_gift\"||currentCustomer.extField_affiliation_id==\"optum_valero_aff_08_-_valero_cigna_ee_gift\"||currentCustomer.extField_affiliation_id==\"optum_valero_aff_09_-_valero_cigna_spee_dpee_gift\"||currentCustomer.extField_affiliation_id==\"optum_valero_aff_10_-_valero_kaiser_ee_gift\"||currentCustomer.extField_affiliation_id==\"optum_valero_aff_11_-_valero_kaiser_spee_dpee_gift\")&&(currentEvent.targetGroup==\"Gatekept R4: Complete any Public and/or Private Rally Challenges_v30_1\"&&currentEvent.isUnifiedTargetAchievedEvent)",
          "expJSON": "\n{\n  \"arity\":\"binary_operation\",\n  \"value\":\"&&\",\n  \"type\":\"boolean:primitive\",\n  \"operands\":[\n    {\n      \"arity\":\"binary_operation\",\n      \"value\":\"||\",\n      \"type\":\"boolean:primitive\",\n      \"operands\":[\n        {\n          \"arity\":\"binary_operation\",\n          \"value\":\"==\",\n          \"type\":\"boolean:primitive\",\n          \"operands\":[\n            {\n              \"arity\":\"object_dereference\",\n              \"type\":\"string:object:primitive\",\n              \"operands\":[\n                {\n                  \"arity\":\"name\",\n                  \"value\":\"currentCustomer\",\n                  \"type\":\"customer:object:primitive\"\n                },\n                {\n                  \"arity\":\"name\",\n                  \"value\":\"extField_affiliation_id\",\n                  \"type\":\"string:object:primitive\"\n                }\n              ]\n            },\n            {\n              \"arity\":\"literal\",\n              \"value\":\"optum_valero_aff_02_-_valero_uhc_ee\",\n              \"type\":\"string:object:primitive\"\n            }\n          ]\n        },\n        {\n          \"arity\":\"binary_operation\",\n          \"value\":\"||\",\n          \"type\":\"boolean:primitive\",\n          \"operands\":[\n            {\n              \"arity\":\"binary_operation\",\n              \"value\":\"==\",\n              \"type\":\"boolean:primitive\",\n              \"operands\":[\n                {\n                  \"arity\":\"object_dereference\",\n                  \"type\":\"string:object:primitive\",\n                  \"operands\":[\n                    {\n                      \"arity\":\"name\",\n                      \"value\":\"currentCustomer\",\n                      \"type\":\"customer:object:primitive\"\n                    },\n                    {\n                      \"arity\":\"name\",\n                      \"value\":\"extField_affiliation_id\",\n                      \"type\":\"string:object:primitive\"\n                    }\n                  ]\n                },\n                {\n                  \"arity\":\"literal\",\n                  \"value\":\"optum_valero_aff_03_-_valero_uhc_sp\",\n                  \"type\":\"string:object:primitive\"\n                }\n              ]\n            },\n            {\n              \"arity\":\"binary_operation\",\n              \"value\":\"||\",\n              \"type\":\"boolean:primitive\",\n              \"operands\":[\n                {\n                  \"arity\":\"binary_operation\",\n                  \"value\":\"==\",\n                  \"type\":\"boolean:primitive\",\n                  \"operands\":[\n                    {\n                      \"arity\":\"object_dereference\",\n                      \"type\":\"string:object:primitive\",\n                      \"operands\":[\n                        {\n                          \"arity\":\"name\",\n                          \"value\":\"currentCustomer\",\n                          \"type\":\"customer:object:primitive\"\n                        },\n                        {\n                          \"arity\":\"name\",\n                          \"value\":\"extField_affiliation_id\",\n                          \"type\":\"string:object:primitive\"\n                        }\n                      ]\n                    },\n                    {\n                      \"arity\":\"literal\",\n                      \"value\":\"optum_valero_aff_04_-_valero_bcbs_sd_wellmark_ee_gift\",\n                      \"type\":\"string:object:primitive\"\n                    }\n                  ]\n                },\n                {\n                  \"arity\":\"binary_operation\",\n                  \"value\":\"||\",\n                  \"type\":\"boolean:primitive\",\n                  \"operands\":[\n                    {\n                      \"arity\":\"binary_operation\",\n                      \"value\":\"==\",\n                      \"type\":\"boolean:primitive\",\n                      \"operands\":[\n                        {\n                          \"arity\":\"object_dereference\",\n                          \"type\":\"string:object:primitive\",\n                          \"operands\":[\n                            {\n                              \"arity\":\"name\",\n                              \"value\":\"currentCustomer\",\n                              \"type\":\"customer:object:primitive\"\n                            },\n                            {\n                              \"arity\":\"name\",\n                              \"value\":\"extField_affiliation_id\",\n                              \"type\":\"string:object:primitive\"\n                            }\n                          ]\n                        },\n                        {\n                          \"arity\":\"literal\",\n                          \"value\":\"optum_valero_aff_05_-_valero_bcbs_sd_wellmark_spee_dpee_gift\",\n                          \"type\":\"string:object:primitive\"\n                        }\n                      ]\n                    },\n                    {\n                      \"arity\":\"binary_operation\",\n                      \"value\":\"||\",\n                      \"type\":\"boolean:primitive\",\n                      \"operands\":[\n                        {\n                          \"arity\":\"binary_operation\",\n                          \"value\":\"==\",\n                          \"type\":\"boolean:primitive\",\n                          \"operands\":[\n                            {\n                              \"arity\":\"object_dereference\",\n                              \"type\":\"string:object:primitive\",\n                              \"operands\":[\n                                {\n                                  \"arity\":\"name\",\n                                  \"value\":\"currentCustomer\",\n                                  \"type\":\"customer:object:primitive\"\n                                },\n                                {\n                                  \"arity\":\"name\",\n                                  \"value\":\"extField_affiliation_id\",\n                                  \"type\":\"string:object:primitive\"\n                                }\n                              ]\n                            },\n                            {\n                              \"arity\":\"literal\",\n                              \"value\":\"optum_valero_aff_06_-_valero_bcbs_tn_ee_gift\",\n                              \"type\":\"string:object:primitive\"\n                            }\n                          ]\n                        },\n                        {\n                          \"arity\":\"binary_operation\",\n                          \"value\":\"||\",\n                          \"type\":\"boolean:primitive\",\n                          \"operands\":[\n                            {\n                              \"arity\":\"binary_operation\",\n                              \"value\":\"==\",\n                              \"type\":\"boolean:primitive\",\n                              \"operands\":[\n                                {\n                                  \"arity\":\"object_dereference\",\n                                  \"type\":\"string:object:primitive\",\n                                  \"operands\":[\n                                    {\n                                      \"arity\":\"name\",\n                                      \"value\":\"currentCustomer\",\n                                      \"type\":\"customer:object:primitive\"\n                                    },\n                                    {\n                                      \"arity\":\"name\",\n                                      \"value\":\"extField_affiliation_id\",\n                                      \"type\":\"string:object:primitive\"\n                                    }\n                                  ]\n                                },\n                                {\n                                  \"arity\":\"literal\",\n                                  \"value\":\"optum_valero_aff_07_-_valero_bcbs_tn_spee_dpee_gift\",\n                                  \"type\":\"string:object:primitive\"\n                                }\n                              ]\n                            },\n                            {\n                              \"arity\":\"binary_operation\",\n                              \"value\":\"||\",\n                              \"type\":\"boolean:primitive\",\n                              \"operands\":[\n                                {\n                                  \"arity\":\"binary_operation\",\n                                  \"value\":\"==\",\n                                  \"type\":\"boolean:primitive\",\n                                  \"operands\":[\n                                    {\n                                      \"arity\":\"object_dereference\",\n                                      \"type\":\"string:object:primitive\",\n                                      \"operands\":[\n                                        {\n                                          \"arity\":\"name\",\n                                          \"value\":\"currentCustomer\",\n                                          \"type\":\"customer:object:primitive\"\n                                        },\n                                        {\n                                          \"arity\":\"name\",\n                                          \"value\":\"extField_affiliation_id\",\n                                          \"type\":\"string:object:primitive\"\n                                        }\n                                      ]\n                                    },\n                                    {\n                                      \"arity\":\"literal\",\n                                      \"value\":\"optum_valero_aff_08_-_valero_cigna_ee_gift\",\n                                      \"type\":\"string:object:primitive\"\n                                    }\n                                  ]\n                                },\n                                {\n                                  \"arity\":\"binary_operation\",\n                                  \"value\":\"||\",\n                                  \"type\":\"boolean:primitive\",\n                                  \"operands\":[\n                                    {\n                                      \"arity\":\"binary_operation\",\n                                      \"value\":\"==\",\n                                      \"type\":\"boolean:primitive\",\n                                      \"operands\":[\n                                        {\n                                          \"arity\":\"object_dereference\",\n                                          \"type\":\"string:object:primitive\",\n                                          \"operands\":[\n                                            {\n                                              \"arity\":\"name\",\n                                              \"value\":\"currentCustomer\",\n                                              \"type\":\"customer:object:primitive\"\n                                            },\n                                            {\n                                              \"arity\":\"name\",\n                                              \"value\":\"extField_affiliation_id\",\n                                              \"type\":\"string:object:primitive\"\n                                            }\n                                          ]\n                                        },\n                                        {\n                                          \"arity\":\"literal\",\n                                          \"value\":\"optum_valero_aff_09_-_valero_cigna_spee_dpee_gift\",\n                                          \"type\":\"string:object:primitive\"\n                                        }\n                                      ]\n                                    },\n                                    {\n                                      \"arity\":\"binary_operation\",\n                                      \"value\":\"||\",\n                                      \"type\":\"boolean:primitive\",\n                                      \"operands\":[\n                                        {\n                                          \"arity\":\"binary_operation\",\n                                          \"value\":\"==\",\n                                          \"type\":\"boolean:primitive\",\n                                          \"operands\":[\n                                            {\n                                              \"arity\":\"object_dereference\",\n                                              \"type\":\"string:object:primitive\",\n                                              \"operands\":[\n                                                {\n                                                  \"arity\":\"name\",\n                                                  \"value\":\"currentCustomer\",\n                                                  \"type\":\"customer:object:primitive\"\n                                                },\n                                                {\n                                                  \"arity\":\"name\",\n                                                  \"value\":\"extField_affiliation_id\",\n                                                  \"type\":\"string:object:primitive\"\n                                                }\n                                              ]\n                                            },\n                                            {\n                                              \"arity\":\"literal\",\n                                              \"value\":\"optum_valero_aff_10_-_valero_kaiser_ee_gift\",\n                                              \"type\":\"string:object:primitive\"\n                                            }\n                                          ]\n                                        },\n                                        {\n                                          \"arity\":\"binary_operation\",\n                                          \"value\":\"==\",\n                                          \"type\":\"boolean:primitive\",\n                                          \"operands\":[\n                                            {\n                                              \"arity\":\"object_dereference\",\n                                              \"type\":\"string:object:primitive\",\n                                              \"operands\":[\n                                                {\n                                                  \"arity\":\"name\",\n                                                  \"value\":\"currentCustomer\",\n                                                  \"type\":\"customer:object:primitive\"\n                                                },\n                                                {\n                                                  \"arity\":\"name\",\n                                                  \"value\":\"extField_affiliation_id\",\n                                                  \"type\":\"string:object:primitive\"\n                                                }\n                                              ]\n                                            },\n                                            {\n                                              \"arity\":\"literal\",\n                                              \"value\":\"optum_valero_aff_11_-_valero_kaiser_spee_dpee_gift\",\n                                              \"type\":\"string:object:primitive\"\n                                            }\n                                          ]\n                                        }\n                                      ]\n                                    }\n                                  ]\n                                }\n                              ]\n                            }\n                          ]\n                        }\n                      ]\n                    }\n                  ]\n                }\n              ]\n            }\n          ]\n        }\n      ]\n    },\n    {\n      \"arity\":\"binary_operation\",\n      \"value\":\"&&\",\n      \"type\":\"boolean:primitive\",\n      \"operands\":[\n        {\n          \"arity\":\"binary_operation\",\n          \"value\":\"==\",\n          \"type\":\"boolean:primitive\",\n          \"operands\":[\n            {\n              \"arity\":\"object_dereference\",\n              \"type\":\"string:object:primitive\",\n              \"operands\":[\n                {\n                  \"arity\":\"name\",\n                  \"value\":\"currentEvent\",\n                  \"type\":\"customer.targetCompletedEvent:object:primitive\"\n                },\n                {\n                  \"arity\":\"name\",\n                  \"value\":\"targetGroup\",\n                  \"type\":\"string:object:primitive\"\n                }\n              ]\n            },\n            {\n              \"arity\":\"literal\",\n              \"value\":\"Gatekept R4: Complete any Public and/or Private Rally Challenges_v30_1\",\n              \"type\":\"string:object:primitive\"\n            }\n          ]\n        },\n        {\n          \"arity\":\"object_dereference\",\n          \"type\":\"boolean:primitive\",\n          \"operands\":[\n            {\n              \"arity\":\"name\",\n              \"value\":\"currentEvent\",\n              \"type\":\"customer.targetCompletedEvent:object:primitive\"\n            },\n            {\n              \"arity\":\"name\",\n              \"value\":\"isUnifiedTargetAchievedEvent\",\n              \"type\":\"boolean:primitive\"\n            }\n          ]\n        }\n      ]\n    }\n  ]\n}",
          "jsonType": "JNODE",
          "isActive": true,
          "priority": -1,
          "startDate": 1099937147753,
          "endDate": 33603530747753,
          "createdOn": 1733272527974,
          "caseToActions": {
            "true": [
              {
                "id": 2010393,
                "actionName": "AWARD_TARGET_POINTS_ACTION",
                "actionClass": "com.capillary.shopbook.pointsengine.endpoint.impl.action.AwardTargetPointsActionImpl",
                "mandatoryPropertiesValues": {
                  "TargetGroupId": "5472",
                  "ExpiryStrategy": "2516",
                  "PointType": "Main",
                  "AwardStrategy": "2515",
                  "PointsRoundingStrategy": "ACTUAL"
                },
                "mandatoryComplexPropertiesValues": {},
                "description": "25"
              }
            ]
          },
          "ruleScope": "SERVER",
          "createdBy": 400170676,
          "modifiedBy": 400170676,
          "modifiedOn": 1733272527974,
          "name": "Rule 2",
          "description": "",
          "expDataType": null,
          "filterInfo": [],
          "ruleSetId": 2008904,
          "updatedViaNewUI": false
        },
        {
          "id": 2011147,
          "exp": "(currentCustomer.extField_affiliation_id==\"optum_valero_aff_02_-_valero_uhc_ee\"||currentCustomer.extField_affiliation_id==\"optum_valero_aff_03_-_valero_uhc_sp\"||currentCustomer.extField_affiliation_id==\"optum_valero_aff_04_-_valero_bcbs_sd_wellmark_ee_gift\"||currentCustomer.extField_affiliation_id==\"optum_valero_aff_05_-_valero_bcbs_sd_wellmark_spee_dpee_gift\"||currentCustomer.extField_affiliation_id==\"optum_valero_aff_06_-_valero_bcbs_tn_ee_gift\"||currentCustomer.extField_affiliation_id==\"optum_valero_aff_07_-_valero_bcbs_tn_spee_dpee_gift\"||currentCustomer.extField_affiliation_id==\"optum_valero_aff_08_-_valero_cigna_ee_gift\"||currentCustomer.extField_affiliation_id==\"optum_valero_aff_09_-_valero_cigna_spee_dpee_gift\"||currentCustomer.extField_affiliation_id==\"optum_valero_aff_10_-_valero_kaiser_ee_gift\"||currentCustomer.extField_affiliation_id==\"optum_valero_aff_11_-_valero_kaiser_spee_dpee_gift\")&&(currentEvent.targetGroup==\"Gatekept R4: Complete any Public and/or Private Rally Challenges_v30_2\"&&currentEvent.isUnifiedTargetAchievedEvent)",
          "expJSON": "\n{\n  \"arity\":\"binary_operation\",\n  \"value\":\"&&\",\n  \"type\":\"boolean:primitive\",\n  \"operands\":[\n    {\n      \"arity\":\"binary_operation\",\n      \"value\":\"||\",\n      \"type\":\"boolean:primitive\",\n      \"operands\":[\n        {\n          \"arity\":\"binary_operation\",\n          \"value\":\"==\",\n          \"type\":\"boolean:primitive\",\n          \"operands\":[\n            {\n              \"arity\":\"object_dereference\",\n              \"type\":\"string:object:primitive\",\n              \"operands\":[\n                {\n                  \"arity\":\"name\",\n                  \"value\":\"currentCustomer\",\n                  \"type\":\"customer:object:primitive\"\n                },\n                {\n                  \"arity\":\"name\",\n                  \"value\":\"extField_affiliation_id\",\n                  \"type\":\"string:object:primitive\"\n                }\n              ]\n            },\n            {\n              \"arity\":\"literal\",\n              \"value\":\"optum_valero_aff_02_-_valero_uhc_ee\",\n              \"type\":\"string:object:primitive\"\n            }\n          ]\n        },\n        {\n          \"arity\":\"binary_operation\",\n          \"value\":\"||\",\n          \"type\":\"boolean:primitive\",\n          \"operands\":[\n            {\n              \"arity\":\"binary_operation\",\n              \"value\":\"==\",\n              \"type\":\"boolean:primitive\",\n              \"operands\":[\n                {\n                  \"arity\":\"object_dereference\",\n                  \"type\":\"string:object:primitive\",\n                  \"operands\":[\n                    {\n                      \"arity\":\"name\",\n                      \"value\":\"currentCustomer\",\n                      \"type\":\"customer:object:primitive\"\n                    },\n                    {\n                      \"arity\":\"name\",\n                      \"value\":\"extField_affiliation_id\",\n                      \"type\":\"string:object:primitive\"\n                    }\n                  ]\n                },\n                {\n                  \"arity\":\"literal\",\n                  \"value\":\"optum_valero_aff_03_-_valero_uhc_sp\",\n                  \"type\":\"string:object:primitive\"\n                }\n              ]\n            },\n            {\n              \"arity\":\"binary_operation\",\n              \"value\":\"||\",\n              \"type\":\"boolean:primitive\",\n              \"operands\":[\n                {\n                  \"arity\":\"binary_operation\",\n                  \"value\":\"==\",\n                  \"type\":\"boolean:primitive\",\n                  \"operands\":[\n                    {\n                      \"arity\":\"object_dereference\",\n                      \"type\":\"string:object:primitive\",\n                      \"operands\":[\n                        {\n                          \"arity\":\"name\",\n                          \"value\":\"currentCustomer\",\n                          \"type\":\"customer:object:primitive\"\n                        },\n                        {\n                          \"arity\":\"name\",\n                          \"value\":\"extField_affiliation_id\",\n                          \"type\":\"string:object:primitive\"\n                        }\n                      ]\n                    },\n                    {\n                      \"arity\":\"literal\",\n                      \"value\":\"optum_valero_aff_04_-_valero_bcbs_sd_wellmark_ee_gift\",\n                      \"type\":\"string:object:primitive\"\n                    }\n                  ]\n                },\n                {\n                  \"arity\":\"binary_operation\",\n                  \"value\":\"||\",\n                  \"type\":\"boolean:primitive\",\n                  \"operands\":[\n                    {\n                      \"arity\":\"binary_operation\",\n                      \"value\":\"==\",\n                      \"type\":\"boolean:primitive\",\n                      \"operands\":[\n                        {\n                          \"arity\":\"object_dereference\",\n                          \"type\":\"string:object:primitive\",\n                          \"operands\":[\n                            {\n                              \"arity\":\"name\",\n                              \"value\":\"currentCustomer\",\n                              \"type\":\"customer:object:primitive\"\n                            },\n                            {\n                              \"arity\":\"name\",\n                              \"value\":\"extField_affiliation_id\",\n                              \"type\":\"string:object:primitive\"\n                            }\n                          ]\n                        },\n                        {\n                          \"arity\":\"literal\",\n                          \"value\":\"optum_valero_aff_05_-_valero_bcbs_sd_wellmark_spee_dpee_gift\",\n                          \"type\":\"string:object:primitive\"\n                        }\n                      ]\n                    },\n                    {\n                      \"arity\":\"binary_operation\",\n                      \"value\":\"||\",\n                      \"type\":\"boolean:primitive\",\n                      \"operands\":[\n                        {\n                          \"arity\":\"binary_operation\",\n                          \"value\":\"==\",\n                          \"type\":\"boolean:primitive\",\n                          \"operands\":[\n                            {\n                              \"arity\":\"object_dereference\",\n                              \"type\":\"string:object:primitive\",\n                              \"operands\":[\n                                {\n                                  \"arity\":\"name\",\n                                  \"value\":\"currentCustomer\",\n                                  \"type\":\"customer:object:primitive\"\n                                },\n                                {\n                                  \"arity\":\"name\",\n                                  \"value\":\"extField_affiliation_id\",\n                                  \"type\":\"string:object:primitive\"\n                                }\n                              ]\n                            },\n                            {\n                              \"arity\":\"literal\",\n                              \"value\":\"optum_valero_aff_06_-_valero_bcbs_tn_ee_gift\",\n                              \"type\":\"string:object:primitive\"\n                            }\n                          ]\n                        },\n                        {\n                          \"arity\":\"binary_operation\",\n                          \"value\":\"||\",\n                          \"type\":\"boolean:primitive\",\n                          \"operands\":[\n                            {\n                              \"arity\":\"binary_operation\",\n                              \"value\":\"==\",\n                              \"type\":\"boolean:primitive\",\n                              \"operands\":[\n                                {\n                                  \"arity\":\"object_dereference\",\n                                  \"type\":\"string:object:primitive\",\n                                  \"operands\":[\n                                    {\n                                      \"arity\":\"name\",\n                                      \"value\":\"currentCustomer\",\n                                      \"type\":\"customer:object:primitive\"\n                                    },\n                                    {\n                                      \"arity\":\"name\",\n                                      \"value\":\"extField_affiliation_id\",\n                                      \"type\":\"string:object:primitive\"\n                                    }\n                                  ]\n                                },\n                                {\n                                  \"arity\":\"literal\",\n                                  \"value\":\"optum_valero_aff_07_-_valero_bcbs_tn_spee_dpee_gift\",\n                                  \"type\":\"string:object:primitive\"\n                                }\n                              ]\n                            },\n                            {\n                              \"arity\":\"binary_operation\",\n                              \"value\":\"||\",\n                              \"type\":\"boolean:primitive\",\n                              \"operands\":[\n                                {\n                                  \"arity\":\"binary_operation\",\n                                  \"value\":\"==\",\n                                  \"type\":\"boolean:primitive\",\n                                  \"operands\":[\n                                    {\n                                      \"arity\":\"object_dereference\",\n                                      \"type\":\"string:object:primitive\",\n                                      \"operands\":[\n                                        {\n                                          \"arity\":\"name\",\n                                          \"value\":\"currentCustomer\",\n                                          \"type\":\"customer:object:primitive\"\n                                        },\n                                        {\n                                          \"arity\":\"name\",\n                                          \"value\":\"extField_affiliation_id\",\n                                          \"type\":\"string:object:primitive\"\n                                        }\n                                      ]\n                                    },\n                                    {\n                                      \"arity\":\"literal\",\n                                      \"value\":\"optum_valero_aff_08_-_valero_cigna_ee_gift\",\n                                      \"type\":\"string:object:primitive\"\n                                    }\n                                  ]\n                                },\n                                {\n                                  \"arity\":\"binary_operation\",\n                                  \"value\":\"||\",\n                                  \"type\":\"boolean:primitive\",\n                                  \"operands\":[\n                                    {\n                                      \"arity\":\"binary_operation\",\n                                      \"value\":\"==\",\n                                      \"type\":\"boolean:primitive\",\n                                      \"operands\":[\n                                        {\n                                          \"arity\":\"object_dereference\",\n                                          \"type\":\"string:object:primitive\",\n                                          \"operands\":[\n                                            {\n                                              \"arity\":\"name\",\n                                              \"value\":\"currentCustomer\",\n                                              \"type\":\"customer:object:primitive\"\n                                            },\n                                            {\n                                              \"arity\":\"name\",\n                                              \"value\":\"extField_affiliation_id\",\n                                              \"type\":\"string:object:primitive\"\n                                            }\n                                          ]\n                                        },\n                                        {\n                                          \"arity\":\"literal\",\n                                          \"value\":\"optum_valero_aff_09_-_valero_cigna_spee_dpee_gift\",\n                                          \"type\":\"string:object:primitive\"\n                                        }\n                                      ]\n                                    },\n                                    {\n                                      \"arity\":\"binary_operation\",\n                                      \"value\":\"||\",\n                                      \"type\":\"boolean:primitive\",\n                                      \"operands\":[\n                                        {\n                                          \"arity\":\"binary_operation\",\n                                          \"value\":\"==\",\n                                          \"type\":\"boolean:primitive\",\n                                          \"operands\":[\n                                            {\n                                              \"arity\":\"object_dereference\",\n                                              \"type\":\"string:object:primitive\",\n                                              \"operands\":[\n                                                {\n                                                  \"arity\":\"name\",\n                                                  \"value\":\"currentCustomer\",\n                                                  \"type\":\"customer:object:primitive\"\n                                                },\n                                                {\n                                                  \"arity\":\"name\",\n                                                  \"value\":\"extField_affiliation_id\",\n                                                  \"type\":\"string:object:primitive\"\n                                                }\n                                              ]\n                                            },\n                                            {\n                                              \"arity\":\"literal\",\n                                              \"value\":\"optum_valero_aff_10_-_valero_kaiser_ee_gift\",\n                                              \"type\":\"string:object:primitive\"\n                                            }\n                                          ]\n                                        },\n                                        {\n                                          \"arity\":\"binary_operation\",\n                                          \"value\":\"==\",\n                                          \"type\":\"boolean:primitive\",\n                                          \"operands\":[\n                                            {\n                                              \"arity\":\"object_dereference\",\n                                              \"type\":\"string:object:primitive\",\n                                              \"operands\":[\n                                                {\n                                                  \"arity\":\"name\",\n                                                  \"value\":\"currentCustomer\",\n                                                  \"type\":\"customer:object:primitive\"\n                                                },\n                                                {\n                                                  \"arity\":\"name\",\n                                                  \"value\":\"extField_affiliation_id\",\n                                                  \"type\":\"string:object:primitive\"\n                                                }\n                                              ]\n                                            },\n                                            {\n                                              \"arity\":\"literal\",\n                                              \"value\":\"optum_valero_aff_11_-_valero_kaiser_spee_dpee_gift\",\n                                              \"type\":\"string:object:primitive\"\n                                            }\n                                          ]\n                                        }\n                                      ]\n                                    }\n                                  ]\n                                }\n                              ]\n                            }\n                          ]\n                        }\n                      ]\n                    }\n                  ]\n                }\n              ]\n            }\n          ]\n        }\n      ]\n    },\n    {\n      \"arity\":\"binary_operation\",\n      \"value\":\"&&\",\n      \"type\":\"boolean:primitive\",\n      \"operands\":[\n        {\n          \"arity\":\"binary_operation\",\n          \"value\":\"==\",\n          \"type\":\"boolean:primitive\",\n          \"operands\":[\n            {\n              \"arity\":\"object_dereference\",\n              \"type\":\"string:object:primitive\",\n              \"operands\":[\n                {\n                  \"arity\":\"name\",\n                  \"value\":\"currentEvent\",\n                  \"type\":\"customer.targetCompletedEvent:object:primitive\"\n                },\n                {\n                  \"arity\":\"name\",\n                  \"value\":\"targetGroup\",\n                  \"type\":\"string:object:primitive\"\n                }\n              ]\n            },\n            {\n              \"arity\":\"literal\",\n              \"value\":\"Gatekept R4: Complete any Public and/or Private Rally Challenges_v30_2\",\n              \"type\":\"string:object:primitive\"\n            }\n          ]\n        },\n        {\n          \"arity\":\"object_dereference\",\n          \"type\":\"boolean:primitive\",\n          \"operands\":[\n            {\n              \"arity\":\"name\",\n              \"value\":\"currentEvent\",\n              \"type\":\"customer.targetCompletedEvent:object:primitive\"\n            },\n            {\n              \"arity\":\"name\",\n              \"value\":\"isUnifiedTargetAchievedEvent\",\n              \"type\":\"boolean:primitive\"\n            }\n          ]\n        }\n      ]\n    }\n  ]\n}",
          "jsonType": "JNODE",
          "isActive": true,
          "priority": -1,
          "startDate": 1099937147753,
          "endDate": 33603530747753,
          "createdOn": 1733272527974,
          "caseToActions": {
            "true": [
              {
                "id": 2010394,
                "actionName": "AWARD_TARGET_POINTS_ACTION",
                "actionClass": "com.capillary.shopbook.pointsengine.endpoint.impl.action.AwardTargetPointsActionImpl",
                "mandatoryPropertiesValues": {
                  "TargetGroupId": "5473",
                  "ExpiryStrategy": "2516",
                  "PointType": "Main",
                  "AwardStrategy": "2515",
                  "PointsRoundingStrategy": "ACTUAL"
                },
                "mandatoryComplexPropertiesValues": {},
                "description": "25"
              }
            ]
          },
          "ruleScope": "SERVER",
          "createdBy": 400170676,
          "modifiedBy": 400170676,
          "modifiedOn": 1733272527974,
          "name": "Rule 3",
          "description": "",
          "expDataType": null,
          "filterInfo": [],
          "ruleSetId": 2008904,
          "updatedViaNewUI": false
        }
      ],
      "ruleScope": "SERVER",
      "startDate": 1730437200000,
      "endDate": 1767157200000,
      "createdOn": 1733272527974,
      "createdBy": 400170676,
      "modifiedBy": 400170676,
      "modifiedOn": 1733272527974,
      "name": "ruleset_1f60469b-a62c-42f6-b6ef-aee3c9b0ada9",
      "packageName": "",
      "description": "",
      "filterInfo": [],
      "eventType": null,
      "cappingInfo": [],
      "updatedViaNewUI": false,
      "label": null,
      "private": false
    }
  ],
  "programName": "Valero Energy Corp_UATDefaultProgram",
  "programId": 215,
  "startDate": "2024-11-01T00:00-05:00",
  "endDate": "2025-12-31T00:00-05:00",
  "identifier": "f02eec7f-6562-4eb8-97f8-ad468ee0ffd4",
  "isActive": true,
  "eventName": "TARGETCOMPLETED",
  "metadata": [
    {
      "key": "Type_of_Promotion",
      "value": "Rewardable_Activity",
      "isBrandDefined": "true"
    }
  ],
  "allocatePointsOn": "CUSTOMER",
  "limits": {
    "pointsPerCustomer": 0,
    "numberOfTimesPerCustomer": 0,
    "totalPointsInPromotion": 0,
    "totalPointsPerEventLimit": 0
  },
  "useProportions": false,
  "pointsOfferType": "GENERIC",
  "promotionRestrictions": {
    "restrictions": {
      "redemptionRestrictions": [
        {
          "name": "MAX_ALLOWED_TIMES_PER_CUSTOMER",
          "value": 3,
          "type": "NON_PERIOD_BASED",
          "periodType": "MOVING_WINDOW",
          "periodUnit": "DAILY"
        },
        {
          "name": "MAX_REDEMPTIONS_PER_EARN_PER_CUSTOMER",
          "value": 100,
          "type": "NON_PERIOD_BASED",
          "periodType": null,
          "periodUnit": null
        }
      ],
      "issualRestrictions": [],
      "earnRestrictions": [],
      "expiryRestrictions": []
    },
    "scope": null,
    "isStackable": false,
    "isConsideredForRanking": false,
    "loyaltyEarningType": null,
    "expiryReminder": null,
    "isExclusive": false,
    "isAlwaysApply": false,
    "targetGroupIds": null,
    "targetRuleIds": null,
    "linkedTargetGroupVsTargetRuleIdMap": null
  }
}