{
  "id": 2215,
  "name": "RAP_v30 for BE: BiometricScreeningBE_v5",
  "description": "RAP_v30 for BE: BiometricScreeningBE_v5",
  "promotionStatus": "LIVE",
  "lastUpdateDate": "2024-12-04T03:28:35-05:00",
  "lastUpdatedBy": 4,
  "rulesetInfos": [
    {
      "id": 2009180,
      "orgName": "Waste Management_UAT",
      "contextID": 190,
      "orgID": 4000257,
      "contextType": "program",
      "rules": [
        {
          "id": 2011438,
          "exp": "(currentEvent.bmiScore<=30||currentCustomer.extField_BMI_previous-currentEvent.bmiScore>=2)==false||(currentEvent.diastolicBloodPressure<=90&&currentEvent.systolicBloodPressure<=140)==false||(currentCustomer.extField_gender==\"Female\"&&(currentEvent.waistCircIn<35||(currentCustomer.extField_waist_circ_previous-currentEvent.waistCircIn>2)))==false||(currentCustomer.extField_gender==\"Male\"&&(currentEvent.waistCircIn<40||(currentCustomer.extField_waist_circ_previous-currentEvent.waistCircIn>2)))==false",
          "expJSON": "\n{\n  \"arity\":\"binary_operation\",\n  \"value\":\"||\",\n  \"type\":\"boolean:primitive\",\n  \"operands\":[\n    {\n      \"arity\":\"binary_operation\",\n      \"value\":\"==\",\n      \"type\":\"boolean:primitive\",\n      \"operands\":[\n        {\n          \"arity\":\"binary_operation\",\n          \"value\":\"||\",\n          \"type\":\"boolean:primitive\",\n          \"operands\":[\n            {\n              \"arity\":\"binary_operation\",\n              \"value\":\"<=\",\n              \"type\":\"boolean:primitive\",\n              \"operands\":[\n                {\n                  \"arity\":\"object_dereference\",\n                  \"type\":\"real:object:primitive\",\n                  \"operands\":[\n                    {\n                      \"arity\":\"name\",\n                      \"value\":\"currentEvent\",\n                      \"type\":\"customer.genericProfile:object:primitive\"\n                    },\n                    {\n                      \"arity\":\"name\",\n                      \"value\":\"bmiScore\",\n                      \"type\":\"real:object:primitive\"\n                    }\n                  ]\n                },\n                {\n                  \"arity\":\"literal\",\n                  \"value\":\"30\",\n                  \"type\":\"number:primitive\"\n                }\n              ]\n            },\n            {\n              \"arity\":\"binary_operation\",\n              \"value\":\">=\",\n              \"type\":\"boolean:primitive\",\n              \"operands\":[\n                {\n                  \"arity\":\"binary_operation\",\n                  \"value\":\"-\",\n                  \"type\":\"real:object:primitive\",\n                  \"operands\":[\n                    {\n                      \"arity\":\"object_dereference\",\n                      \"type\":\"real:object:primitive\",\n                      \"operands\":[\n                        {\n                          \"arity\":\"name\",\n                          \"value\":\"currentCustomer\",\n                          \"type\":\"customer:object:primitive\"\n                        },\n                        {\n                          \"arity\":\"name\",\n                          \"value\":\"extField_BMI_previous\",\n                          \"type\":\"real:object:primitive\"\n                        }\n                      ]\n                    },\n                    {\n                      \"arity\":\"object_dereference\",\n                      \"type\":\"real:object:primitive\",\n                      \"operands\":[\n                        {\n                          \"arity\":\"name\",\n                          \"value\":\"currentEvent\",\n                          \"type\":\"customer.genericProfile:object:primitive\"\n                        },\n                        {\n                          \"arity\":\"name\",\n                          \"value\":\"bmiScore\",\n                          \"type\":\"real:object:primitive\"\n                        }\n                      ]\n                    }\n                  ]\n                },\n                {\n                  \"arity\":\"literal\",\n                  \"value\":\"2\",\n                  \"type\":\"number:primitive\"\n                }\n              ]\n            }\n          ]\n        },\n        {\n          \"arity\":\"literal\",\n          \"value\":\"false\",\n          \"type\":\"boolean:primitive\"\n        }\n      ]\n    },\n    {\n      \"arity\":\"binary_operation\",\n      \"value\":\"||\",\n      \"type\":\"boolean:primitive\",\n      \"operands\":[\n        {\n          \"arity\":\"binary_operation\",\n          \"value\":\"==\",\n          \"type\":\"boolean:primitive\",\n          \"operands\":[\n            {\n              \"arity\":\"binary_operation\",\n              \"value\":\"&&\",\n              \"type\":\"boolean:primitive\",\n              \"operands\":[\n                {\n                  \"arity\":\"binary_operation\",\n                  \"value\":\"<=\",\n                  \"type\":\"boolean:primitive\",\n                  \"operands\":[\n                    {\n                      \"arity\":\"object_dereference\",\n                      \"type\":\"real:object:primitive\",\n                      \"operands\":[\n                        {\n                          \"arity\":\"name\",\n                          \"value\":\"currentEvent\",\n                          \"type\":\"customer.genericProfile:object:primitive\"\n                        },\n                        {\n                          \"arity\":\"name\",\n                          \"value\":\"diastolicBloodPressure\",\n                          \"type\":\"real:object:primitive\"\n                        }\n                      ]\n                    },\n                    {\n                      \"arity\":\"literal\",\n                      \"value\":\"90\",\n                      \"type\":\"number:primitive\"\n                    }\n                  ]\n                },\n                {\n                  \"arity\":\"binary_operation\",\n                  \"value\":\"<=\",\n                  \"type\":\"boolean:primitive\",\n                  \"operands\":[\n                    {\n                      \"arity\":\"object_dereference\",\n                      \"type\":\"real:object:primitive\",\n                      \"operands\":[\n                        {\n                          \"arity\":\"name\",\n                          \"value\":\"currentEvent\",\n                          \"type\":\"customer.genericProfile:object:primitive\"\n                        },\n                        {\n                          \"arity\":\"name\",\n                          \"value\":\"systolicBloodPressure\",\n                          \"type\":\"real:object:primitive\"\n                        }\n                      ]\n                    },\n                    {\n                      \"arity\":\"literal\",\n                      \"value\":\"140\",\n                      \"type\":\"number:primitive\"\n                    }\n                  ]\n                }\n              ]\n            },\n            {\n              \"arity\":\"literal\",\n              \"value\":\"false\",\n              \"type\":\"boolean:primitive\"\n            }\n          ]\n        },\n        {\n          \"arity\":\"binary_operation\",\n          \"value\":\"||\",\n          \"type\":\"boolean:primitive\",\n          \"operands\":[\n            {\n              \"arity\":\"binary_operation\",\n              \"value\":\"==\",\n              \"type\":\"boolean:primitive\",\n              \"operands\":[\n                {\n                  \"arity\":\"binary_operation\",\n                  \"value\":\"&&\",\n                  \"type\":\"boolean:primitive\",\n                  \"operands\":[\n                    {\n                      \"arity\":\"binary_operation\",\n                      \"value\":\"==\",\n                      \"type\":\"boolean:primitive\",\n                      \"operands\":[\n                        {\n                          \"arity\":\"object_dereference\",\n                          \"type\":\"string:object:primitive\",\n                          \"operands\":[\n                            {\n                              \"arity\":\"name\",\n                              \"value\":\"currentCustomer\",\n                              \"type\":\"customer:object:primitive\"\n                            },\n                            {\n                              \"arity\":\"name\",\n                              \"value\":\"extField_gender\",\n                              \"type\":\"string:object:primitive\"\n                            }\n                          ]\n                        },\n                        {\n                          \"arity\":\"literal\",\n                          \"value\":\"Female\",\n                          \"type\":\"string:object:primitive\"\n                        }\n                      ]\n                    },\n                    {\n                      \"arity\":\"binary_operation\",\n                      \"value\":\"||\",\n                      \"type\":\"boolean:primitive\",\n                      \"operands\":[\n                        {\n                          \"arity\":\"binary_operation\",\n                          \"value\":\"<\",\n                          \"type\":\"boolean:primitive\",\n                          \"operands\":[\n                            {\n                              \"arity\":\"object_dereference\",\n                              \"type\":\"real:object:primitive\",\n                              \"operands\":[\n                                {\n                                  \"arity\":\"name\",\n                                  \"value\":\"currentEvent\",\n                                  \"type\":\"customer.genericProfile:object:primitive\"\n                                },\n                                {\n                                  \"arity\":\"name\",\n                                  \"value\":\"waistCircIn\",\n                                  \"type\":\"real:object:primitive\"\n                                }\n                              ]\n                            },\n                            {\n                              \"arity\":\"literal\",\n                              \"value\":\"35\",\n                              \"type\":\"number:primitive\"\n                            }\n                          ]\n                        },\n                        {\n                          \"arity\":\"binary_operation\",\n                          \"value\":\">\",\n                          \"type\":\"boolean:primitive\",\n                          \"operands\":[\n                            {\n                              \"arity\":\"binary_operation\",\n                              \"value\":\"-\",\n                              \"type\":\"real:object:primitive\",\n                              \"operands\":[\n                                {\n                                  \"arity\":\"object_dereference\",\n                                  \"type\":\"real:object:primitive\",\n                                  \"operands\":[\n                                    {\n                                      \"arity\":\"name\",\n                                      \"value\":\"currentCustomer\",\n                                      \"type\":\"customer:object:primitive\"\n                                    },\n                                    {\n                                      \"arity\":\"name\",\n                                      \"value\":\"extField_waist_circ_previous\",\n                                      \"type\":\"real:object:primitive\"\n                                    }\n                                  ]\n                                },\n                                {\n                                  \"arity\":\"object_dereference\",\n                                  \"type\":\"real:object:primitive\",\n                                  \"operands\":[\n                                    {\n                                      \"arity\":\"name\",\n                                      \"value\":\"currentEvent\",\n                                      \"type\":\"customer.genericProfile:object:primitive\"\n                                    },\n                                    {\n                                      \"arity\":\"name\",\n                                      \"value\":\"waistCircIn\",\n                                      \"type\":\"real:object:primitive\"\n                                    }\n                                  ]\n                                }\n                              ]\n                            },\n                            {\n                              \"arity\":\"literal\",\n                              \"value\":\"2\",\n                              \"type\":\"number:primitive\"\n                            }\n                          ]\n                        }\n                      ]\n                    }\n                  ]\n                },\n                {\n                  \"arity\":\"literal\",\n                  \"value\":\"false\",\n                  \"type\":\"boolean:primitive\"\n                }\n              ]\n            },\n            {\n              \"arity\":\"binary_operation\",\n              \"value\":\"==\",\n              \"type\":\"boolean:primitive\",\n              \"operands\":[\n                {\n                  \"arity\":\"binary_operation\",\n                  \"value\":\"&&\",\n                  \"type\":\"boolean:primitive\",\n                  \"operands\":[\n                    {\n                      \"arity\":\"binary_operation\",\n                      \"value\":\"==\",\n                      \"type\":\"boolean:primitive\",\n                      \"operands\":[\n                        {\n                          \"arity\":\"object_dereference\",\n                          \"type\":\"string:object:primitive\",\n                          \"operands\":[\n                            {\n                              \"arity\":\"name\",\n                              \"value\":\"currentCustomer\",\n                              \"type\":\"customer:object:primitive\"\n                            },\n                            {\n                              \"arity\":\"name\",\n                              \"value\":\"extField_gender\",\n                              \"type\":\"string:object:primitive\"\n                            }\n                          ]\n                        },\n                        {\n                          \"arity\":\"literal\",\n                          \"value\":\"Male\",\n                          \"type\":\"string:object:primitive\"\n                        }\n                      ]\n                    },\n                    {\n                      \"arity\":\"binary_operation\",\n                      \"value\":\"||\",\n                      \"type\":\"boolean:primitive\",\n                      \"operands\":[\n                        {\n                          \"arity\":\"binary_operation\",\n                          \"value\":\"<\",\n                          \"type\":\"boolean:primitive\",\n                          \"operands\":[\n                            {\n                              \"arity\":\"object_dereference\",\n                              \"type\":\"real:object:primitive\",\n                              \"operands\":[\n                                {\n                                  \"arity\":\"name\",\n                                  \"value\":\"currentEvent\",\n                                  \"type\":\"customer.genericProfile:object:primitive\"\n                                },\n                                {\n                                  \"arity\":\"name\",\n                                  \"value\":\"waistCircIn\",\n                                  \"type\":\"real:object:primitive\"\n                                }\n                              ]\n                            },\n                            {\n                              \"arity\":\"literal\",\n                              \"value\":\"40\",\n                              \"type\":\"number:primitive\"\n                            }\n                          ]\n                        },\n                        {\n                          \"arity\":\"binary_operation\",\n                          \"value\":\">\",\n                          \"type\":\"boolean:primitive\",\n                          \"operands\":[\n                            {\n                              \"arity\":\"binary_operation\",\n                              \"value\":\"-\",\n                              \"type\":\"real:object:primitive\",\n                              \"operands\":[\n                                {\n                                  \"arity\":\"object_dereference\",\n                                  \"type\":\"real:object:primitive\",\n                                  \"operands\":[\n                                    {\n                                      \"arity\":\"name\",\n                                      \"value\":\"currentCustomer\",\n                                      \"type\":\"customer:object:primitive\"\n                                    },\n                                    {\n                                      \"arity\":\"name\",\n                                      \"value\":\"extField_waist_circ_previous\",\n                                      \"type\":\"real:object:primitive\"\n                                    }\n                                  ]\n                                },\n                                {\n                                  \"arity\":\"object_dereference\",\n                                  \"type\":\"real:object:primitive\",\n                                  \"operands\":[\n                                    {\n                                      \"arity\":\"name\",\n                                      \"value\":\"currentEvent\",\n                                      \"type\":\"customer.genericProfile:object:primitive\"\n                                    },\n                                    {\n                                      \"arity\":\"name\",\n                                      \"value\":\"waistCircIn\",\n                                      \"type\":\"real:object:primitive\"\n                                    }\n                                  ]\n                                }\n                              ]\n                            },\n                            {\n                              \"arity\":\"literal\",\n                              \"value\":\"2\",\n                              \"type\":\"number:primitive\"\n                            }\n                          ]\n                        }\n                      ]\n                    }\n                  ]\n                },\n                {\n                  \"arity\":\"literal\",\n                  \"value\":\"false\",\n                  \"type\":\"boolean:primitive\"\n                }\n              ]\n            }\n          ]\n        }\n      ]\n    }\n  ]\n}",
          "jsonType": "JNODE",
          "isActive": true,
          "priority": -1,
          "startDate": 1099937147753,
          "endDate": 33603530747753,
          "createdOn": 1733300915044,
          "caseToActions": {
            "true": [
              {
                "id": 2010719,
                "actionName": "PE_ISSUE_VOUCHER_ACTION",
                "actionClass": "com.capillary.shopbook.pointsengine.endpoint.impl.action.PointsEngineIssueVoucherActionImpl",
                "mandatoryPropertiesValues": {
                  "quantityBasedOn": "USER_INPUT",
                  "isCouponIssualForCustomerActivity": "true",
                  "VoucherSeriesId": "524",
                  "couponDetailsPerTier": "[{\"slabSerial\": 1, \"couponsPerStep\": \"1\"}]"
                },
                "mandatoryComplexPropertiesValues": {},
                "description": "RAP2024"
              }
            ]
          },
          "ruleScope": "SERVER",
          "createdBy": 400170676,
          "modifiedBy": 400170676,
          "modifiedOn": 1733300915044,
          "name": "Rule 1",
          "description": "",
          "expDataType": null,
          "filterInfo": [],
          "ruleSetId": 2009180,
          "updatedViaNewUI": false
        }
      ],
      "ruleScope": "SERVER",
      "startDate": 1730437200000,
      "endDate": 1767157200000,
      "createdOn": 1733300915039,
      "createdBy": 400170676,
      "modifiedBy": 400170676,
      "modifiedOn": 1733300915039,
      "name": "ruleset_6ebfca54-a64f-424a-a6cc-31b9662e90c3",
      "packageName": "",
      "description": "",
      "filterInfo": [],
      "eventType": null,
      "cappingInfo": [],
      "updatedViaNewUI": false,
      "label": null,
      "private": false
    }
  ],
  "programName": "Waste Management_UATDefaultProgram",
  "programId": 190,
  "startDate": "2024-11-01T00:00-05:00",
  "endDate": "2025-12-31T00:00-05:00",
  "identifier": "a0ff8646-d690-466a-a798-d91c0cb4f52f",
  "isActive": true,
  "eventName": "GENERICEVENT",
  "eventSubTypeName": "BiometricScreeningBE_v5",
  "allocatePointsOn": "CUSTOMER",
  "limits": {
    "pointsPerCustomer": 0,
    "numberOfTimesPerCustomer": 0,
    "totalPointsInPromotion": 0,
    "totalPointsPerEventLimit": 0
  },
  "useProportions": false,
  "pointsOfferType": "GENERIC",
  "promotionRestrictions": {
    "restrictions": {
      "redemptionRestrictions": [
        {
          "name": "MAX_REDEMPTIONS_PER_EARN_PER_CUSTOMER",
          "value": 100,
          "type": "NON_PERIOD_BASED",
          "periodType": null,
          "periodUnit": null
        }
      ],
      "issualRestrictions": [],
      "earnRestrictions": [],
      "expiryRestrictions": []
    },
    "scope": null,
    "isStackable": false,
    "isConsideredForRanking": false,
    "loyaltyEarningType": null,
    "expiryReminder": null,
    "isExclusive": false,
    "isAlwaysApply": false,
    "targetGroupIds": null,
    "targetRuleIds": null,
    "linkedTargetGroupVsTargetRuleIdMap": null
  }
}