{
  "id": 2218,
  "name": "B13: Achieve a Waist Circumference Goal  Female_v30",
  "description": "Optum Engage|Rewardable Activity|Achieve Your Waist Circumference Target",
  "promotionStatus": "LIVE",
  "lastUpdateDate": "2024-12-04T03:30:08-05:00",
  "lastUpdatedBy": 4,
  "rulesetInfos": [
    {
      "id": 2009195,
      "orgName": "Waste Management_UAT",
      "contextID": 190,
      "orgID": 4000257,
      "contextType": "program",
      "rules": [
        {
          "id": 2011457,
          "exp": "currentCustomer.extField_affiliation_id==\"optum_waste_management_aff_02_20250101_724773_f6xc\"&&(currentEvent.targetGroup==\"Gatekept B13: Achieve a Waist Circumference Goal  Female_v30\"&&currentEvent.isUnifiedTargetAchievedEvent)",
          "expJSON": "\n{\n  \"arity\":\"binary_operation\",\n  \"value\":\"&&\",\n  \"type\":\"boolean:primitive\",\n  \"operands\":[\n    {\n      \"arity\":\"binary_operation\",\n      \"value\":\"==\",\n      \"type\":\"boolean:primitive\",\n      \"operands\":[\n        {\n          \"arity\":\"object_dereference\",\n          \"type\":\"string:object:primitive\",\n          \"operands\":[\n            {\n              \"arity\":\"name\",\n              \"value\":\"currentCustomer\",\n              \"type\":\"customer:object:primitive\"\n            },\n            {\n              \"arity\":\"name\",\n              \"value\":\"extField_affiliation_id\",\n              \"type\":\"string:object:primitive\"\n            }\n          ]\n        },\n        {\n          \"arity\":\"literal\",\n          \"value\":\"optum_waste_management_aff_02_20250101_724773_f6xc\",\n          \"type\":\"string:object:primitive\"\n        }\n      ]\n    },\n    {\n      \"arity\":\"binary_operation\",\n      \"value\":\"&&\",\n      \"type\":\"boolean:primitive\",\n      \"operands\":[\n        {\n          \"arity\":\"binary_operation\",\n          \"value\":\"==\",\n          \"type\":\"boolean:primitive\",\n          \"operands\":[\n            {\n              \"arity\":\"object_dereference\",\n              \"type\":\"string:object:primitive\",\n              \"operands\":[\n                {\n                  \"arity\":\"name\",\n                  \"value\":\"currentEvent\",\n                  \"type\":\"customer.targetCompletedEvent:object:primitive\"\n                },\n                {\n                  \"arity\":\"name\",\n                  \"value\":\"targetGroup\",\n                  \"type\":\"string:object:primitive\"\n                }\n              ]\n            },\n            {\n              \"arity\":\"literal\",\n              \"value\":\"Gatekept B13: Achieve a Waist Circumference Goal  Female_v30\",\n              \"type\":\"string:object:primitive\"\n            }\n          ]\n        },\n        {\n          \"arity\":\"object_dereference\",\n          \"type\":\"boolean:primitive\",\n          \"operands\":[\n            {\n              \"arity\":\"name\",\n              \"value\":\"currentEvent\",\n              \"type\":\"customer.targetCompletedEvent:object:primitive\"\n            },\n            {\n              \"arity\":\"name\",\n              \"value\":\"isUnifiedTargetAchievedEvent\",\n              \"type\":\"boolean:primitive\"\n            }\n          ]\n        }\n      ]\n    }\n  ]\n}",
          "jsonType": "JNODE",
          "isActive": true,
          "priority": -1,
          "startDate": 1099937147753,
          "endDate": 33603530747753,
          "createdOn": 1733301007955,
          "caseToActions": {
            "true": [
              {
                "id": 2010744,
                "actionName": "AWARD_TARGET_POINTS_ACTION",
                "actionClass": "com.capillary.shopbook.pointsengine.endpoint.impl.action.AwardTargetPointsActionImpl",
                "mandatoryPropertiesValues": {
                  "TargetGroupId": "5547",
                  "ExpiryStrategy": "2645",
                  "PointType": "Main",
                  "AwardStrategy": "2642",
                  "PointsRoundingStrategy": "ACTUAL"
                },
                "mandatoryComplexPropertiesValues": {},
                "description": "50"
              },
              {
                "id": 2010745,
                "actionName": "CONVERT_POINTS_TO_REWARD_ACTION",
                "actionClass": "com.capillary.shopbook.pointsengine.endpoint.impl.action.RewardIssualActionImpl",
                "mandatoryPropertiesValues": {
                  "quantityBasedOn": "POINTS_ON_EVENT",
                  "brandName": "Waste_Management_UAT",
                  "rewardId": "722",
                  "notes": "HRA_DOLLARS",
                  "customFields": "[{\"marvelCustomFieldName\": \"isAutoRedeem\", \"type\": \"USER_INPUT\", \"mappedToValue\": \"TRUE\"}, {\"marvelCustomFieldName\": \"activityId\", \"type\": \"USER_INPUT\", \"mappedToValue\": \"OPTUM.BIOMETRIC.WAISTCIRCUMFERENCE.FEMALE.COMPLETE\"}, {\"marvelCustomFieldName\": \"efid\", \"type\": \"CUSTOMER_EXTENDED_FIELDS\", \"mappedToValue\": \"ef_id\"}, {\"marvelCustomFieldName\": \"client\", \"type\": \"CUSTOMER_EXTENDED_FIELDS\", \"mappedToValue\": \"client\"}, {\"marvelCustomFieldName\": \"partner\", \"type\": \"CUSTOMER_EXTENDED_FIELDS\", \"mappedToValue\": \"partnerId\"}, {\"marvelCustomFieldName\": \"affiliationId\", \"type\": \"CUSTOMER_EXTENDED_FIELDS\", \"mappedToValue\": \"affiliationId\"}, {\"marvelCustomFieldName\": \"rewardType\", \"type\": \"USER_INPUT\", \"mappedToValue\": \"HRA\"}, {\"marvelCustomFieldName\": \"allocationType\", \"type\": \"USER_INPUT\", \"mappedToValue\": \"CAMS\"}]",
                  "brandId": "54",
                  "quantityValue": "",
                  "isRewardIssualForCustomerActivity": "true",
                  "fulfillmentStatus": "Received"
                },
                "mandatoryComplexPropertiesValues": {},
                "description": "Convert points to reward action"
              }
            ]
          },
          "ruleScope": "SERVER",
          "createdBy": 400170676,
          "modifiedBy": 400170676,
          "modifiedOn": 1733301007955,
          "name": "Rule 1",
          "description": "",
          "expDataType": null,
          "filterInfo": [],
          "ruleSetId": 2009195,
          "updatedViaNewUI": false
        },
        {
          "id": 2011458,
          "exp": "currentCustomer.extField_affiliation_id==\"optum_waste_management_aff_03_20250101_812368_24jn\"&&(currentEvent.targetGroup==\"Gatekept B13: Achieve a Waist Circumference Goal  Female_v30\"&&currentEvent.isUnifiedTargetAchievedEvent)",
          "expJSON": "\n{\n  \"arity\":\"binary_operation\",\n  \"value\":\"&&\",\n  \"type\":\"boolean:primitive\",\n  \"operands\":[\n    {\n      \"arity\":\"binary_operation\",\n      \"value\":\"==\",\n      \"type\":\"boolean:primitive\",\n      \"operands\":[\n        {\n          \"arity\":\"object_dereference\",\n          \"type\":\"string:object:primitive\",\n          \"operands\":[\n            {\n              \"arity\":\"name\",\n              \"value\":\"currentCustomer\",\n              \"type\":\"customer:object:primitive\"\n            },\n            {\n              \"arity\":\"name\",\n              \"value\":\"extField_affiliation_id\",\n              \"type\":\"string:object:primitive\"\n            }\n          ]\n        },\n        {\n          \"arity\":\"literal\",\n          \"value\":\"optum_waste_management_aff_03_20250101_812368_24jn\",\n          \"type\":\"string:object:primitive\"\n        }\n      ]\n    },\n    {\n      \"arity\":\"binary_operation\",\n      \"value\":\"&&\",\n      \"type\":\"boolean:primitive\",\n      \"operands\":[\n        {\n          \"arity\":\"binary_operation\",\n          \"value\":\"==\",\n          \"type\":\"boolean:primitive\",\n          \"operands\":[\n            {\n              \"arity\":\"object_dereference\",\n              \"type\":\"string:object:primitive\",\n              \"operands\":[\n                {\n                  \"arity\":\"name\",\n                  \"value\":\"currentEvent\",\n                  \"type\":\"customer.targetCompletedEvent:object:primitive\"\n                },\n                {\n                  \"arity\":\"name\",\n                  \"value\":\"targetGroup\",\n                  \"type\":\"string:object:primitive\"\n                }\n              ]\n            },\n            {\n              \"arity\":\"literal\",\n              \"value\":\"Gatekept B13: Achieve a Waist Circumference Goal  Female_v30\",\n              \"type\":\"string:object:primitive\"\n            }\n          ]\n        },\n        {\n          \"arity\":\"object_dereference\",\n          \"type\":\"boolean:primitive\",\n          \"operands\":[\n            {\n              \"arity\":\"name\",\n              \"value\":\"currentEvent\",\n              \"type\":\"customer.targetCompletedEvent:object:primitive\"\n            },\n            {\n              \"arity\":\"name\",\n              \"value\":\"isUnifiedTargetAchievedEvent\",\n              \"type\":\"boolean:primitive\"\n            }\n          ]\n        }\n      ]\n    }\n  ]\n}",
          "jsonType": "JNODE",
          "isActive": true,
          "priority": -1,
          "startDate": 1099937147753,
          "endDate": 33603530747753,
          "createdOn": 1733301007955,
          "caseToActions": {
            "true": [
              {
                "id": 2010746,
                "actionName": "AWARD_TARGET_POINTS_ACTION",
                "actionClass": "com.capillary.shopbook.pointsengine.endpoint.impl.action.AwardTargetPointsActionImpl",
                "mandatoryPropertiesValues": {
                  "TargetGroupId": "5547",
                  "ExpiryStrategy": "2645",
                  "PointType": "Main",
                  "AwardStrategy": "2642",
                  "PointsRoundingStrategy": "ACTUAL"
                },
                "mandatoryComplexPropertiesValues": {},
                "description": "50"
              },
              {
                "id": 2010747,
                "actionName": "CONVERT_POINTS_TO_REWARD_ACTION",
                "actionClass": "com.capillary.shopbook.pointsengine.endpoint.impl.action.RewardIssualActionImpl",
                "mandatoryPropertiesValues": {
                  "quantityBasedOn": "POINTS_ON_EVENT",
                  "brandName": "Waste_Management_UAT",
                  "rewardId": "721",
                  "notes": "CLIENT_FULFILLED_HSA_DOLLARS",
                  "customFields": "[{\"marvelCustomFieldName\": \"isAutoRedeem\", \"type\": \"USER_INPUT\", \"mappedToValue\": \"TRUE\"}, {\"marvelCustomFieldName\": \"activityId\", \"type\": \"USER_INPUT\", \"mappedToValue\": \"OPTUM.BIOMETRIC.WAISTCIRCUMFERENCE.FEMALE.COMPLETE\"}]",
                  "brandId": "54",
                  "quantityValue": "",
                  "isRewardIssualForCustomerActivity": "true",
                  "fulfillmentStatus": "Fulfilled by Client"
                },
                "mandatoryComplexPropertiesValues": {},
                "description": "Convert points to reward action"
              }
            ]
          },
          "ruleScope": "SERVER",
          "createdBy": 400170676,
          "modifiedBy": 400170676,
          "modifiedOn": 1733301007955,
          "name": "Rule 2",
          "description": "",
          "expDataType": null,
          "filterInfo": [],
          "ruleSetId": 2009195,
          "updatedViaNewUI": false
        },
        {
          "id": 2011459,
          "exp": "currentCustomer.extField_affiliation_id==\"optum_waste_management_aff_04_20250101_599858_74d6\"&&(currentEvent.targetGroup==\"Gatekept B13: Achieve a Waist Circumference Goal  Female_v30\"&&currentEvent.isUnifiedTargetAchievedEvent)",
          "expJSON": "\n{\n  \"arity\":\"binary_operation\",\n  \"value\":\"&&\",\n  \"type\":\"boolean:primitive\",\n  \"operands\":[\n    {\n      \"arity\":\"binary_operation\",\n      \"value\":\"==\",\n      \"type\":\"boolean:primitive\",\n      \"operands\":[\n        {\n          \"arity\":\"object_dereference\",\n          \"type\":\"string:object:primitive\",\n          \"operands\":[\n            {\n              \"arity\":\"name\",\n              \"value\":\"currentCustomer\",\n              \"type\":\"customer:object:primitive\"\n            },\n            {\n              \"arity\":\"name\",\n              \"value\":\"extField_affiliation_id\",\n              \"type\":\"string:object:primitive\"\n            }\n          ]\n        },\n        {\n          \"arity\":\"literal\",\n          \"value\":\"optum_waste_management_aff_04_20250101_599858_74d6\",\n          \"type\":\"string:object:primitive\"\n        }\n      ]\n    },\n    {\n      \"arity\":\"binary_operation\",\n      \"value\":\"&&\",\n      \"type\":\"boolean:primitive\",\n      \"operands\":[\n        {\n          \"arity\":\"binary_operation\",\n          \"value\":\"==\",\n          \"type\":\"boolean:primitive\",\n          \"operands\":[\n            {\n              \"arity\":\"object_dereference\",\n              \"type\":\"string:object:primitive\",\n              \"operands\":[\n                {\n                  \"arity\":\"name\",\n                  \"value\":\"currentEvent\",\n                  \"type\":\"customer.targetCompletedEvent:object:primitive\"\n                },\n                {\n                  \"arity\":\"name\",\n                  \"value\":\"targetGroup\",\n                  \"type\":\"string:object:primitive\"\n                }\n              ]\n            },\n            {\n              \"arity\":\"literal\",\n              \"value\":\"Gatekept B13: Achieve a Waist Circumference Goal  Female_v30\",\n              \"type\":\"string:object:primitive\"\n            }\n          ]\n        },\n        {\n          \"arity\":\"object_dereference\",\n          \"type\":\"boolean:primitive\",\n          \"operands\":[\n            {\n              \"arity\":\"name\",\n              \"value\":\"currentEvent\",\n              \"type\":\"customer.targetCompletedEvent:object:primitive\"\n            },\n            {\n              \"arity\":\"name\",\n              \"value\":\"isUnifiedTargetAchievedEvent\",\n              \"type\":\"boolean:primitive\"\n            }\n          ]\n        }\n      ]\n    }\n  ]\n}",
          "jsonType": "JNODE",
          "isActive": true,
          "priority": -1,
          "startDate": 1099937147753,
          "endDate": 33603530747753,
          "createdOn": 1733301007955,
          "caseToActions": {
            "true": [
              {
                "id": 2010748,
                "actionName": "AWARD_TARGET_POINTS_ACTION",
                "actionClass": "com.capillary.shopbook.pointsengine.endpoint.impl.action.AwardTargetPointsActionImpl",
                "mandatoryPropertiesValues": {
                  "TargetGroupId": "5547",
                  "ExpiryStrategy": "2645",
                  "PointType": "Main",
                  "AwardStrategy": "2642",
                  "PointsRoundingStrategy": "ACTUAL"
                },
                "mandatoryComplexPropertiesValues": {},
                "description": "50"
              },
              {
                "id": 2010749,
                "actionName": "CONVERT_POINTS_TO_REWARD_ACTION",
                "actionClass": "com.capillary.shopbook.pointsengine.endpoint.impl.action.RewardIssualActionImpl",
                "mandatoryPropertiesValues": {
                  "quantityBasedOn": "POINTS_ON_EVENT",
                  "brandName": "Waste_Management_UAT",
                  "rewardId": "720",
                  "notes": "CLIENT_FULFILLED_HRA_DOLLARS",
                  "customFields": "[{\"marvelCustomFieldName\": \"isAutoRedeem\", \"type\": \"USER_INPUT\", \"mappedToValue\": \"TRUE\"}, {\"marvelCustomFieldName\": \"activityId\", \"type\": \"USER_INPUT\", \"mappedToValue\": \"OPTUM.BIOMETRIC.WAISTCIRCUMFERENCE.FEMALE.COMPLETE\"}]",
                  "brandId": "54",
                  "quantityValue": "",
                  "isRewardIssualForCustomerActivity": "true",
                  "fulfillmentStatus": "Fulfilled by Client"
                },
                "mandatoryComplexPropertiesValues": {},
                "description": "Convert points to reward action"
              }
            ]
          },
          "ruleScope": "SERVER",
          "createdBy": 400170676,
          "modifiedBy": 400170676,
          "modifiedOn": 1733301007955,
          "name": "Rule 3",
          "description": "",
          "expDataType": null,
          "filterInfo": [],
          "ruleSetId": 2009195,
          "updatedViaNewUI": false
        }
      ],
      "ruleScope": "SERVER",
      "startDate": 1730437200000,
      "endDate": 1767157200000,
      "createdOn": 1733301007955,
      "createdBy": 400170676,
      "modifiedBy": 400170676,
      "modifiedOn": 1733301007955,
      "name": "ruleset_c48e33ed-62c9-47e4-927b-5fa2436c9c2d",
      "packageName": "",
      "description": "",
      "filterInfo": [],
      "eventType": null,
      "cappingInfo": [],
      "updatedViaNewUI": false,
      "label": null,
      "private": false
    }
  ],
  "programName": "Waste Management_UATDefaultProgram",
  "programId": 190,
  "startDate": "2024-11-01T00:00-05:00",
  "endDate": "2025-12-31T00:00-05:00",
  "identifier": "c41f19f8-3fd4-4df2-acaf-a07728aa547c",
  "isActive": true,
  "eventName": "TARGETCOMPLETED",
  "metadata": [
    {
      "key": "Type_of_Promotion",
      "value": "Rewardable_Activity",
      "isBrandDefined": "true"
    }
  ],
  "allocatePointsOn": "CUSTOMER",
  "limits": {
    "pointsPerCustomer": 0,
    "numberOfTimesPerCustomer": 0,
    "totalPointsInPromotion": 0,
    "totalPointsPerEventLimit": 0
  },
  "useProportions": false,
  "pointsOfferType": "GENERIC",
  "promotionRestrictions": {
    "restrictions": {
      "redemptionRestrictions": [
        {
          "name": "MAX_ALLOWED_TIMES_PER_CUSTOMER",
          "value": 1,
          "type": "NON_PERIOD_BASED",
          "periodType": "MOVING_WINDOW",
          "periodUnit": "DAILY"
        },
        {
          "name": "MAX_REDEMPTIONS_PER_EARN_PER_CUSTOMER",
          "value": 100,
          "type": "NON_PERIOD_BASED",
          "periodType": null,
          "periodUnit": null
        }
      ],
      "issualRestrictions": [],
      "earnRestrictions": [],
      "expiryRestrictions": []
    },
    "scope": null,
    "isStackable": false,
    "isConsideredForRanking": false,
    "loyaltyEarningType": null,
    "expiryReminder": null,
    "isExclusive": false,
    "isAlwaysApply": false,
    "targetGroupIds": null,
    "targetRuleIds": null,
    "linkedTargetGroupVsTargetRuleIdMap": null
  }
}