{
  "id": 2346,
  "name": "Fitness Reimbursement",
  "description": "Fitness Reimbursement",
  "promotionStatus": "LIVE",
  "lastUpdateDate": "2024-12-15T18:01:28-05:00",
  "lastUpdatedBy": 400169197,
  "rulesetInfos": [
    {
      "id": 2009785,
      "orgName": "Kaiser NW Oregon Commercial_UAT",
      "contextID": 224,
      "orgID": 4000296,
      "contextType": "program",
      "rules": [
        {
          "id": 2012381,
          "exp": "currentCustomer.extField_affiliation_id==\"optum_kaiser_northwest_oregon_commercial_aff_02_20250101_873620_j5e4\"||currentCustomer.extField_affiliation_id==\"optum_kaiser_northwest_oregon_commercial_aff_03_20250101_833498_6t0w\"",
          "expJSON": "\n{\n  \"arity\":\"binary_operation\",\n  \"value\":\"||\",\n  \"type\":\"boolean:primitive\",\n  \"operands\":[\n    {\n      \"arity\":\"binary_operation\",\n      \"value\":\"==\",\n      \"type\":\"boolean:primitive\",\n      \"operands\":[\n        {\n          \"arity\":\"object_dereference\",\n          \"type\":\"string:object:primitive\",\n          \"operands\":[\n            {\n              \"arity\":\"name\",\n              \"value\":\"currentCustomer\",\n              \"type\":\"customer:object:primitive\"\n            },\n            {\n              \"arity\":\"name\",\n              \"value\":\"extField_affiliation_id\",\n              \"type\":\"string:object:primitive\"\n            }\n          ]\n        },\n        {\n          \"arity\":\"literal\",\n          \"value\":\"optum_kaiser_northwest_oregon_commercial_aff_02_20250101_873620_j5e4\",\n          \"type\":\"string:object:primitive\"\n        }\n      ]\n    },\n    {\n      \"arity\":\"binary_operation\",\n      \"value\":\"==\",\n      \"type\":\"boolean:primitive\",\n      \"operands\":[\n        {\n          \"arity\":\"object_dereference\",\n          \"type\":\"string:object:primitive\",\n          \"operands\":[\n            {\n              \"arity\":\"name\",\n              \"value\":\"currentCustomer\",\n              \"type\":\"customer:object:primitive\"\n            },\n            {\n              \"arity\":\"name\",\n              \"value\":\"extField_affiliation_id\",\n              \"type\":\"string:object:primitive\"\n            }\n          ]\n        },\n        {\n          \"arity\":\"literal\",\n          \"value\":\"optum_kaiser_northwest_oregon_commercial_aff_03_20250101_833498_6t0w\",\n          \"type\":\"string:object:primitive\"\n        }\n      ]\n    }\n  ]\n}",
          "jsonType": "JNODE",
          "isActive": true,
          "priority": -1,
          "startDate": 1102291812884,
          "endDate": 33605885412884,
          "createdOn": 1733444050630,
          "caseToActions": {
            "true": [
              {
                "id": 2011882,
                "actionName": "AWARD_POINTS_ACTION",
                "actionClass": "com.capillary.shopbook.pointsengine.endpoint.impl.action.AwardPointsActionImpl",
                "mandatoryPropertiesValues": {
                  "ProRateOnSourceValue": "EVENT_DEFAULT_VALUE",
                  "DelayStrategy": "AS_DEFINED_IN_ALLOCATION_STRATEGY",
                  "SourceValueRoundingStrategy": "ACTUAL",
                  "EvaluatedEntity": "USER",
                  "ExpiryStrategy": "2708",
                  "PointType": "Main",
                  "AwardStrategy": "2707",
                  "DelayExtendedFieldName": "",
                  "PointsRoundingStrategy": "ACTUAL"
                },
                "mandatoryComplexPropertiesValues": {},
                "description": "100%"
              },
              {
                "id": 2011883,
                "actionName": "CONVERT_POINTS_TO_REWARD_ACTION",
                "actionClass": "com.capillary.shopbook.pointsengine.endpoint.impl.action.RewardIssualActionImpl",
                "mandatoryPropertiesValues": {
                  "quantityBasedOn": "POINTS_ON_EVENT",
                  "brandName": "Kaiser_Permanente_Northwest_Oregon_UAT",
                  "rewardId": "767",
                  "notes": "Physical check",
                  "customFields": "[{\"marvelCustomFieldName\":\"fitnessReimbursementTransactionId\",\"type\":\"TXN_EXT_FIELDS\",\"mappedToValue\":\"ticket_id\"}]",
                  "brandId": "101",
                  "quantityValue": "",
                  "isRewardIssualForCustomerActivity": "true",
                  "fulfillmentStatus": "Processing"
                },
                "mandatoryComplexPropertiesValues": {},
                "description": "Convert points to reward action"
              }
            ]
          },
          "ruleScope": "SERVER",
          "createdBy": 441,
          "modifiedBy": 441,
          "modifiedOn": 1733444941821,
          "name": "Rule 1",
          "description": "",
          "expDataType": null,
          "filterInfo": [],
          "ruleSetId": 2009785,
          "updatedViaNewUI": false
        }
      ],
      "ruleScope": "SERVER",
      "startDate": 1730437200000,
      "endDate": 1767243599000,
      "createdOn": 1733444050629,
      "createdBy": 441,
      "modifiedBy": 441,
      "modifiedOn": 1733444941820,
      "name": "ruleset_20241205191012",
      "packageName": "",
      "description": "",
      "filterInfo": [
        {
          "id": 2009150,
          "orgID": 4000296,
          "ruleID": -1,
          "name": "LoyaltyType",
          "className": "com.capillary.shopbook.emf.impl.filter.LoyaltyTypeFilterImpl",
          "isInclude": true,
          "propertyToValues": {
            "loyaltyType": [
              "loyalty"
            ]
          }
        },
        {
          "id": 2009151,
          "orgID": 4000296,
          "ruleID": -1,
          "name": "EventSource",
          "className": "com.capillary.shopbook.emf.impl.filter.EventSourceFilterImpl",
          "isInclude": true,
          "propertyToValues": {
            "eventSource": [
              "INSTORE"
            ]
          }
        }
      ],
      "eventType": null,
      "cappingInfo": [],
      "updatedViaNewUI": false,
      "label": null,
      "private": false
    }
  ],
  "programName": "Kaiser NW Oregon Commercial_UATDefaultProgram",
  "programId": 224,
  "startDate": "2024-11-01T00:00-05:00",
  "endDate": "2025-12-31T23:59:59-05:00",
  "identifier": "78a27c4a-8558-4f7e-8cb7-5058c7a33546",
  "isActive": true,
  "eventName": "TRANSACTIONADD",
  "metadata": [
    {
      "key": "Type_of_Promotion",
      "value": "home",
      "isBrandDefined": "true"
    }
  ],
  "allocatePointsOn": "BILL",
  "limits": {
    "pointsPerCustomer": 0,
    "numberOfTimesPerCustomer": 0,
    "totalPointsInPromotion": 0,
    "totalPointsPerEventLimit": 0
  },
  "useProportions": false,
  "pointsOfferType": "GENERIC",
  "promotionRestrictions": {
    "restrictions": null,
    "scope": null,
    "isStackable": false,
    "isConsideredForRanking": false,
    "loyaltyEarningType": null,
    "expiryReminder": null,
    "isExclusive": false,
    "isAlwaysApply": false,
    "targetGroupIds": null,
    "targetRuleIds": null,
    "linkedTargetGroupVsTargetRuleIdMap": null
  }
}