{
  "id": 2376,
  "name": "R156: Complete Stride_v33",
  "description": "Optum Engage|Rewardable Activity|Stride",
  "promotionStatus": "LIVE",
  "lastUpdateDate": "2024-12-06T02:38:11-05:00",
  "lastUpdatedBy": 4,
  "rulesetInfos": [
    {
      "id": 2009916,
      "orgName": "Global Atlantic Financial Group_UAT",
      "contextID": 69,
      "orgID": 4000136,
      "contextType": "program",
      "rules": [
        {
          "id": 2012534,
          "exp": "currentCustomer.extField_choice_rwd_type==\"2a8a742e-53e2-4e37-b547-71ed5812579a\"&&currentCustomer.extField_affiliation_id==\"optum_global_atlantic_aff_02_-_global_atlantic_uhc_ee_hsa_gift\"&&(currentEvent.isTargetAchievedEvent&&currentEvent.targetName==\"R156: Rally Stride_v33\"&&(currentEvent.targetAchieved(\"R156: Rally Stride_v33\")>=currentEvent.targetDefined(\"R156: Rally Stride_v33\")))",
          "expJSON": "\n{\n  \"arity\":\"binary_operation\",\n  \"value\":\"&&\",\n  \"type\":\"boolean:primitive\",\n  \"operands\":[\n    {\n      \"arity\":\"binary_operation\",\n      \"value\":\"==\",\n      \"type\":\"boolean:primitive\",\n      \"operands\":[\n        {\n          \"arity\":\"object_dereference\",\n          \"type\":\"string:object:primitive\",\n          \"operands\":[\n            {\n              \"arity\":\"name\",\n              \"value\":\"currentCustomer\",\n              \"type\":\"customer:object:primitive\"\n            },\n            {\n              \"arity\":\"name\",\n              \"value\":\"extField_choice_rwd_type\",\n              \"type\":\"string:object:primitive\"\n            }\n          ]\n        },\n        {\n          \"arity\":\"literal\",\n          \"value\":\"2a8a742e-53e2-4e37-b547-71ed5812579a\",\n          \"type\":\"string:object:primitive\"\n        }\n      ]\n    },\n    {\n      \"arity\":\"binary_operation\",\n      \"value\":\"&&\",\n      \"type\":\"boolean:primitive\",\n      \"operands\":[\n        {\n          \"arity\":\"binary_operation\",\n          \"value\":\"==\",\n          \"type\":\"boolean:primitive\",\n          \"operands\":[\n            {\n              \"arity\":\"object_dereference\",\n              \"type\":\"string:object:primitive\",\n              \"operands\":[\n                {\n                  \"arity\":\"name\",\n                  \"value\":\"currentCustomer\",\n                  \"type\":\"customer:object:primitive\"\n                },\n                {\n                  \"arity\":\"name\",\n                  \"value\":\"extField_affiliation_id\",\n                  \"type\":\"string:object:primitive\"\n                }\n              ]\n            },\n            {\n              \"arity\":\"literal\",\n              \"value\":\"optum_global_atlantic_aff_02_-_global_atlantic_uhc_ee_hsa_gift\",\n              \"type\":\"string:object:primitive\"\n            }\n          ]\n        },\n        {\n          \"arity\":\"binary_operation\",\n          \"value\":\"&&\",\n          \"type\":\"boolean:primitive\",\n          \"operands\":[\n            {\n              \"arity\":\"object_dereference\",\n              \"type\":\"boolean:primitive\",\n              \"operands\":[\n                {\n                  \"arity\":\"name\",\n                  \"value\":\"currentEvent\",\n                  \"type\":\"customer.targetCompletedEvent:object:primitive\"\n                },\n                {\n                  \"arity\":\"name\",\n                  \"value\":\"isTargetAchievedEvent\",\n                  \"type\":\"boolean:primitive\"\n                }\n              ]\n            },\n            {\n              \"arity\":\"binary_operation\",\n              \"value\":\"&&\",\n              \"type\":\"boolean:primitive\",\n              \"operands\":[\n                {\n                  \"arity\":\"binary_operation\",\n                  \"value\":\"==\",\n                  \"type\":\"boolean:primitive\",\n                  \"operands\":[\n                    {\n                      \"arity\":\"object_dereference\",\n                      \"type\":\"string:object:primitive\",\n                      \"operands\":[\n                        {\n                          \"arity\":\"name\",\n                          \"value\":\"currentEvent\",\n                          \"type\":\"customer.targetCompletedEvent:object:primitive\"\n                        },\n                        {\n                          \"arity\":\"name\",\n                          \"value\":\"targetName\",\n                          \"type\":\"string:object:primitive\"\n                        }\n                      ]\n                    },\n                    {\n                      \"arity\":\"literal\",\n                      \"value\":\"R156: Rally Stride_v33\",\n                      \"type\":\"string:object:primitive\"\n                    }\n                  ]\n                },\n                {\n                  \"arity\":\"binary_operation\",\n                  \"value\":\">=\",\n                  \"type\":\"boolean:primitive\",\n                  \"operands\":[\n                    {\n                      \"arity\":\"method_call\",\n                      \"type\":\"real:object:primitive\",\n                      \"operands\":[\n                        {\n                          \"arity\":\"name\",\n                          \"value\":\"currentEvent\",\n                          \"type\":\"customer.targetCompletedEvent:object:primitive\"\n                        },\n                        {\n                          \"arity\":\"name\",\n                          \"value\":\"targetAchieved\",\n                          \"type\":\"anonymous:function:primitive\"\n                        },\n                        {\n                          \"arity\":\"literal\",\n                          \"value\":\"R156: Rally Stride_v33\",\n                          \"type\":\"string:object:primitive\"\n                        }\n                      ]\n                    },\n                    {\n                      \"arity\":\"method_call\",\n                      \"type\":\"real:object:primitive\",\n                      \"operands\":[\n                        {\n                          \"arity\":\"name\",\n                          \"value\":\"currentEvent\",\n                          \"type\":\"customer.targetCompletedEvent:object:primitive\"\n                        },\n                        {\n                          \"arity\":\"name\",\n                          \"value\":\"targetDefined\",\n                          \"type\":\"anonymous:function:primitive\"\n                        },\n                        {\n                          \"arity\":\"literal\",\n                          \"value\":\"R156: Rally Stride_v33\",\n                          \"type\":\"string:object:primitive\"\n                        }\n                      ]\n                    }\n                  ]\n                }\n              ]\n            }\n          ]\n        }\n      ]\n    }\n  ]\n}",
          "jsonType": "JNODE",
          "isActive": true,
          "priority": -1,
          "startDate": 1099937147753,
          "endDate": 33603530747753,
          "createdOn": 1733470691100,
          "caseToActions": {
            "true": [
              {
                "id": 2012064,
                "actionName": "AWARD_TARGET_POINTS_ACTION",
                "actionClass": "com.capillary.shopbook.pointsengine.endpoint.impl.action.AwardTargetPointsActionImpl",
                "mandatoryPropertiesValues": {
                  "ProRateOnSourceValue": "DEFINED_TARGET",
                  "TargetGroupId": "12373",
                  "ExpiryStrategy": "2663",
                  "PointType": "Main",
                  "AwardStrategy": "2659",
                  "PointsRoundingStrategy": "ACTUAL",
                  "TargetName": "R156: Rally Stride_v33"
                },
                "mandatoryComplexPropertiesValues": {},
                "description": "5"
              },
              {
                "id": 2012065,
                "actionName": "CONVERT_POINTS_TO_REWARD_ACTION",
                "actionClass": "com.capillary.shopbook.pointsengine.endpoint.impl.action.RewardIssualActionImpl",
                "mandatoryPropertiesValues": {
                  "quantityBasedOn": "POINTS_ON_EVENT",
                  "brandName": "Global_Atlantic_Financial_Group_UAT",
                  "rewardId": "728",
                  "notes": "HSA_DOLLARS",
                  "customFields": "[{\"marvelCustomFieldName\": \"isAutoRedeem\", \"type\": \"USER_INPUT\", \"mappedToValue\": \"TRUE\"}, {\"marvelCustomFieldName\": \"activityId\", \"type\": \"USER_INPUT\", \"mappedToValue\": \"ENGAGE.DASH.CHOICE.ANY\"}, {\"marvelCustomFieldName\": \"efid\", \"type\": \"CUSTOMER_EXTENDED_FIELDS\", \"mappedToValue\": \"ef_id\"}, {\"marvelCustomFieldName\": \"client\", \"type\": \"CUSTOMER_EXTENDED_FIELDS\", \"mappedToValue\": \"client\"}, {\"marvelCustomFieldName\": \"partner\", \"type\": \"CUSTOMER_EXTENDED_FIELDS\", \"mappedToValue\": \"partnerId\"}, {\"marvelCustomFieldName\": \"affiliationId\", \"type\": \"CUSTOMER_EXTENDED_FIELDS\", \"mappedToValue\": \"affiliationId\"}, {\"marvelCustomFieldName\": \"rewardType\", \"type\": \"USER_INPUT\", \"mappedToValue\": \"HSA\"}, {\"marvelCustomFieldName\": \"allocationType\", \"type\": \"USER_INPUT\", \"mappedToValue\": \"OHFS\"}]",
                  "brandId": "71",
                  "quantityValue": "",
                  "isRewardIssualForCustomerActivity": "true",
                  "fulfillmentStatus": "Received"
                },
                "mandatoryComplexPropertiesValues": {},
                "description": "Convert points to reward action"
              }
            ]
          },
          "ruleScope": "SERVER",
          "createdBy": 400170676,
          "modifiedBy": 400170676,
          "modifiedOn": 1733470691100,
          "name": "Rule 1",
          "description": "",
          "expDataType": null,
          "filterInfo": [],
          "ruleSetId": 2009916,
          "updatedViaNewUI": false
        },
        {
          "id": 2012535,
          "exp": "currentCustomer.extField_choice_rwd_type==\"9e31bc90-c41c-4840-899c-1c65e429927e\"&&currentCustomer.extField_affiliation_id==\"optum_global_atlantic_aff_02_-_global_atlantic_uhc_ee_hsa_gift\"&&(currentEvent.isTargetAchievedEvent&&currentEvent.targetName==\"R156: Rally Stride_v33\"&&(currentEvent.targetAchieved(\"R156: Rally Stride_v33\")>=currentEvent.targetDefined(\"R156: Rally Stride_v33\")))",
          "expJSON": "\n{\n  \"arity\":\"binary_operation\",\n  \"value\":\"&&\",\n  \"type\":\"boolean:primitive\",\n  \"operands\":[\n    {\n      \"arity\":\"binary_operation\",\n      \"value\":\"==\",\n      \"type\":\"boolean:primitive\",\n      \"operands\":[\n        {\n          \"arity\":\"object_dereference\",\n          \"type\":\"string:object:primitive\",\n          \"operands\":[\n            {\n              \"arity\":\"name\",\n              \"value\":\"currentCustomer\",\n              \"type\":\"customer:object:primitive\"\n            },\n            {\n              \"arity\":\"name\",\n              \"value\":\"extField_choice_rwd_type\",\n              \"type\":\"string:object:primitive\"\n            }\n          ]\n        },\n        {\n          \"arity\":\"literal\",\n          \"value\":\"9e31bc90-c41c-4840-899c-1c65e429927e\",\n          \"type\":\"string:object:primitive\"\n        }\n      ]\n    },\n    {\n      \"arity\":\"binary_operation\",\n      \"value\":\"&&\",\n      \"type\":\"boolean:primitive\",\n      \"operands\":[\n        {\n          \"arity\":\"binary_operation\",\n          \"value\":\"==\",\n          \"type\":\"boolean:primitive\",\n          \"operands\":[\n            {\n              \"arity\":\"object_dereference\",\n              \"type\":\"string:object:primitive\",\n              \"operands\":[\n                {\n                  \"arity\":\"name\",\n                  \"value\":\"currentCustomer\",\n                  \"type\":\"customer:object:primitive\"\n                },\n                {\n                  \"arity\":\"name\",\n                  \"value\":\"extField_affiliation_id\",\n                  \"type\":\"string:object:primitive\"\n                }\n              ]\n            },\n            {\n              \"arity\":\"literal\",\n              \"value\":\"optum_global_atlantic_aff_02_-_global_atlantic_uhc_ee_hsa_gift\",\n              \"type\":\"string:object:primitive\"\n            }\n          ]\n        },\n        {\n          \"arity\":\"binary_operation\",\n          \"value\":\"&&\",\n          \"type\":\"boolean:primitive\",\n          \"operands\":[\n            {\n              \"arity\":\"object_dereference\",\n              \"type\":\"boolean:primitive\",\n              \"operands\":[\n                {\n                  \"arity\":\"name\",\n                  \"value\":\"currentEvent\",\n                  \"type\":\"customer.targetCompletedEvent:object:primitive\"\n                },\n                {\n                  \"arity\":\"name\",\n                  \"value\":\"isTargetAchievedEvent\",\n                  \"type\":\"boolean:primitive\"\n                }\n              ]\n            },\n            {\n              \"arity\":\"binary_operation\",\n              \"value\":\"&&\",\n              \"type\":\"boolean:primitive\",\n              \"operands\":[\n                {\n                  \"arity\":\"binary_operation\",\n                  \"value\":\"==\",\n                  \"type\":\"boolean:primitive\",\n                  \"operands\":[\n                    {\n                      \"arity\":\"object_dereference\",\n                      \"type\":\"string:object:primitive\",\n                      \"operands\":[\n                        {\n                          \"arity\":\"name\",\n                          \"value\":\"currentEvent\",\n                          \"type\":\"customer.targetCompletedEvent:object:primitive\"\n                        },\n                        {\n                          \"arity\":\"name\",\n                          \"value\":\"targetName\",\n                          \"type\":\"string:object:primitive\"\n                        }\n                      ]\n                    },\n                    {\n                      \"arity\":\"literal\",\n                      \"value\":\"R156: Rally Stride_v33\",\n                      \"type\":\"string:object:primitive\"\n                    }\n                  ]\n                },\n                {\n                  \"arity\":\"binary_operation\",\n                  \"value\":\">=\",\n                  \"type\":\"boolean:primitive\",\n                  \"operands\":[\n                    {\n                      \"arity\":\"method_call\",\n                      \"type\":\"real:object:primitive\",\n                      \"operands\":[\n                        {\n                          \"arity\":\"name\",\n                          \"value\":\"currentEvent\",\n                          \"type\":\"customer.targetCompletedEvent:object:primitive\"\n                        },\n                        {\n                          \"arity\":\"name\",\n                          \"value\":\"targetAchieved\",\n                          \"type\":\"anonymous:function:primitive\"\n                        },\n                        {\n                          \"arity\":\"literal\",\n                          \"value\":\"R156: Rally Stride_v33\",\n                          \"type\":\"string:object:primitive\"\n                        }\n                      ]\n                    },\n                    {\n                      \"arity\":\"method_call\",\n                      \"type\":\"real:object:primitive\",\n                      \"operands\":[\n                        {\n                          \"arity\":\"name\",\n                          \"value\":\"currentEvent\",\n                          \"type\":\"customer.targetCompletedEvent:object:primitive\"\n                        },\n                        {\n                          \"arity\":\"name\",\n                          \"value\":\"targetDefined\",\n                          \"type\":\"anonymous:function:primitive\"\n                        },\n                        {\n                          \"arity\":\"literal\",\n                          \"value\":\"R156: Rally Stride_v33\",\n                          \"type\":\"string:object:primitive\"\n                        }\n                      ]\n                    }\n                  ]\n                }\n              ]\n            }\n          ]\n        }\n      ]\n    }\n  ]\n}",
          "jsonType": "JNODE",
          "isActive": true,
          "priority": -1,
          "startDate": 1099937147753,
          "endDate": 33603530747753,
          "createdOn": 1733470691100,
          "caseToActions": {
            "true": [
              {
                "id": 2012066,
                "actionName": "AWARD_TARGET_POINTS_ACTION",
                "actionClass": "com.capillary.shopbook.pointsengine.endpoint.impl.action.AwardTargetPointsActionImpl",
                "mandatoryPropertiesValues": {
                  "ProRateOnSourceValue": "DEFINED_TARGET",
                  "TargetGroupId": "12373",
                  "ExpiryStrategy": "2664",
                  "PointType": "Main",
                  "AwardStrategy": "2659",
                  "PointsRoundingStrategy": "ACTUAL",
                  "TargetName": "R156: Rally Stride_v33"
                },
                "mandatoryComplexPropertiesValues": {},
                "description": "5"
              }
            ]
          },
          "ruleScope": "SERVER",
          "createdBy": 400170676,
          "modifiedBy": 400170676,
          "modifiedOn": 1733470691100,
          "name": "Rule 2",
          "description": "",
          "expDataType": null,
          "filterInfo": [],
          "ruleSetId": 2009916,
          "updatedViaNewUI": false
        },
        {
          "id": 2012536,
          "exp": "currentCustomer.extField_affiliation_id==\"optum_global_atlantic_aff_03_-_global_atlantic_opt_out_ee_gift\"&&(currentEvent.isTargetAchievedEvent&&currentEvent.targetName==\"R156: Rally Stride_v33\"&&(currentEvent.targetAchieved(\"R156: Rally Stride_v33\")>=currentEvent.targetDefined(\"R156: Rally Stride_v33\")))",
          "expJSON": "\n{\n  \"arity\":\"binary_operation\",\n  \"value\":\"&&\",\n  \"type\":\"boolean:primitive\",\n  \"operands\":[\n    {\n      \"arity\":\"binary_operation\",\n      \"value\":\"==\",\n      \"type\":\"boolean:primitive\",\n      \"operands\":[\n        {\n          \"arity\":\"object_dereference\",\n          \"type\":\"string:object:primitive\",\n          \"operands\":[\n            {\n              \"arity\":\"name\",\n              \"value\":\"currentCustomer\",\n              \"type\":\"customer:object:primitive\"\n            },\n            {\n              \"arity\":\"name\",\n              \"value\":\"extField_affiliation_id\",\n              \"type\":\"string:object:primitive\"\n            }\n          ]\n        },\n        {\n          \"arity\":\"literal\",\n          \"value\":\"optum_global_atlantic_aff_03_-_global_atlantic_opt_out_ee_gift\",\n          \"type\":\"string:object:primitive\"\n        }\n      ]\n    },\n    {\n      \"arity\":\"binary_operation\",\n      \"value\":\"&&\",\n      \"type\":\"boolean:primitive\",\n      \"operands\":[\n        {\n          \"arity\":\"object_dereference\",\n          \"type\":\"boolean:primitive\",\n          \"operands\":[\n            {\n              \"arity\":\"name\",\n              \"value\":\"currentEvent\",\n              \"type\":\"customer.targetCompletedEvent:object:primitive\"\n            },\n            {\n              \"arity\":\"name\",\n              \"value\":\"isTargetAchievedEvent\",\n              \"type\":\"boolean:primitive\"\n            }\n          ]\n        },\n        {\n          \"arity\":\"binary_operation\",\n          \"value\":\"&&\",\n          \"type\":\"boolean:primitive\",\n          \"operands\":[\n            {\n              \"arity\":\"binary_operation\",\n              \"value\":\"==\",\n              \"type\":\"boolean:primitive\",\n              \"operands\":[\n                {\n                  \"arity\":\"object_dereference\",\n                  \"type\":\"string:object:primitive\",\n                  \"operands\":[\n                    {\n                      \"arity\":\"name\",\n                      \"value\":\"currentEvent\",\n                      \"type\":\"customer.targetCompletedEvent:object:primitive\"\n                    },\n                    {\n                      \"arity\":\"name\",\n                      \"value\":\"targetName\",\n                      \"type\":\"string:object:primitive\"\n                    }\n                  ]\n                },\n                {\n                  \"arity\":\"literal\",\n                  \"value\":\"R156: Rally Stride_v33\",\n                  \"type\":\"string:object:primitive\"\n                }\n              ]\n            },\n            {\n              \"arity\":\"binary_operation\",\n              \"value\":\">=\",\n              \"type\":\"boolean:primitive\",\n              \"operands\":[\n                {\n                  \"arity\":\"method_call\",\n                  \"type\":\"real:object:primitive\",\n                  \"operands\":[\n                    {\n                      \"arity\":\"name\",\n                      \"value\":\"currentEvent\",\n                      \"type\":\"customer.targetCompletedEvent:object:primitive\"\n                    },\n                    {\n                      \"arity\":\"name\",\n                      \"value\":\"targetAchieved\",\n                      \"type\":\"anonymous:function:primitive\"\n                    },\n                    {\n                      \"arity\":\"literal\",\n                      \"value\":\"R156: Rally Stride_v33\",\n                      \"type\":\"string:object:primitive\"\n                    }\n                  ]\n                },\n                {\n                  \"arity\":\"method_call\",\n                  \"type\":\"real:object:primitive\",\n                  \"operands\":[\n                    {\n                      \"arity\":\"name\",\n                      \"value\":\"currentEvent\",\n                      \"type\":\"customer.targetCompletedEvent:object:primitive\"\n                    },\n                    {\n                      \"arity\":\"name\",\n                      \"value\":\"targetDefined\",\n                      \"type\":\"anonymous:function:primitive\"\n                    },\n                    {\n                      \"arity\":\"literal\",\n                      \"value\":\"R156: Rally Stride_v33\",\n                      \"type\":\"string:object:primitive\"\n                    }\n                  ]\n                }\n              ]\n            }\n          ]\n        }\n      ]\n    }\n  ]\n}",
          "jsonType": "JNODE",
          "isActive": true,
          "priority": -1,
          "startDate": 1099937147753,
          "endDate": 33603530747753,
          "createdOn": 1733470691100,
          "caseToActions": {
            "true": [
              {
                "id": 2012067,
                "actionName": "AWARD_TARGET_POINTS_ACTION",
                "actionClass": "com.capillary.shopbook.pointsengine.endpoint.impl.action.AwardTargetPointsActionImpl",
                "mandatoryPropertiesValues": {
                  "ProRateOnSourceValue": "DEFINED_TARGET",
                  "TargetGroupId": "12373",
                  "ExpiryStrategy": "2664",
                  "PointType": "Main",
                  "AwardStrategy": "2659",
                  "PointsRoundingStrategy": "ACTUAL",
                  "TargetName": "R156: Rally Stride_v33"
                },
                "mandatoryComplexPropertiesValues": {},
                "description": "5"
              }
            ]
          },
          "ruleScope": "SERVER",
          "createdBy": 400170676,
          "modifiedBy": 400170676,
          "modifiedOn": 1733470691100,
          "name": "Rule 3",
          "description": "",
          "expDataType": null,
          "filterInfo": [],
          "ruleSetId": 2009916,
          "updatedViaNewUI": false
        }
      ],
      "ruleScope": "SERVER",
      "startDate": 1730437200000,
      "endDate": 1761886800000,
      "createdOn": 1733470691099,
      "createdBy": 400170676,
      "modifiedBy": 400170676,
      "modifiedOn": 1733470691099,
      "name": "ruleset_c9ec62ec-dba7-4b69-b6a1-b628b7229fd4",
      "packageName": "",
      "description": "",
      "filterInfo": [],
      "eventType": null,
      "cappingInfo": [],
      "updatedViaNewUI": false,
      "label": null,
      "private": false
    }
  ],
  "programName": "Global Atlantic Financial Group_UATDefaultProgram",
  "programId": 69,
  "startDate": "2024-11-01T00:00-05:00",
  "endDate": "2025-10-31T00:00-05:00",
  "identifier": "767f1a80-2272-426c-a819-01e92cb58946",
  "isActive": true,
  "eventName": "TARGETCOMPLETED",
  "metadata": [
    {
      "key": "Type_of_Promotion",
      "value": "Stride",
      "isBrandDefined": "true"
    }
  ],
  "allocatePointsOn": "CUSTOMER",
  "limits": {
    "pointsPerCustomer": 0,
    "numberOfTimesPerCustomer": 0,
    "totalPointsInPromotion": 0,
    "totalPointsPerEventLimit": 0
  },
  "useProportions": false,
  "pointsOfferType": "LOYALTY",
  "promotionRestrictions": {
    "restrictions": {
      "redemptionRestrictions": [
        {
          "name": "MAX_REDEMPTIONS_PER_EARN_PER_CUSTOMER",
          "value": 1,
          "type": "NON_PERIOD_BASED",
          "periodType": "MOVING_WINDOW",
          "periodUnit": "DAILY"
        }
      ],
      "issualRestrictions": [
        {
          "name": "MAX_NUMBER_OF_ISSUALS_PER_CUSTOMER",
          "value": 100
        }
      ],
      "earnRestrictions": [
        {
          "name": "MAX_NUMBER_OF_EARNS_PER_CUSTOMER",
          "value": 100
        },
        {
          "name": "MAX_POINTS_PER_EARN_PER_CUSTOMER",
          "value": -1
        }
      ],
      "expiryRestrictions": [
        {
          "name": "EARN_PROMOTION_EXPIRY_BASED_ON",
          "value": 0,
          "type": "PROMOTION"
        }
      ]
    },
    "scope": null,
    "isStackable": false,
    "isConsideredForRanking": false,
    "loyaltyEarningType": null,
    "expiryReminder": null,
    "isExclusive": false,
    "isAlwaysApply": true,
    "targetGroupIds": null,
    "targetRuleIds": null,
    "linkedTargetGroupVsTargetRuleIdMap": null
  }
}