{
  "id": 2377,
  "name": "C2: Complete a Quit for Life Program_v32",
  "description": "Optum Engage|Rewardable Activity|Quit For Life(r) Program",
  "promotionStatus": "LIVE",
  "lastUpdateDate": "2024-12-06T03:07:31-05:00",
  "lastUpdatedBy": 400170573,
  "rulesetInfos": [
    {
      "id": 2009919,
      "orgName": "Fortrea_UAT",
      "contextID": 139,
      "orgID": 4000206,
      "contextType": "program",
      "rules": [
        {
          "id": 2012539,
          "exp": "(currentCustomer.extField_affiliation_id==\"optum_fortrea_aff_03_-_fortrea_ee_sp_noseed_open_hsa\"||currentCustomer.extField_affiliation_id==\"optum_fortrea_aff_09_-_fortrea_new_sp_noseed_open_hsa\"||currentCustomer.extField_affiliation_id==\"optum_fortrea_aff_05_-_fortrea_ee_seed_open_hsa\"||currentCustomer.extField_affiliation_id==\"optum_fortrea_aff_07_-_fortrea_sp_seed_open_hsa\"||currentCustomer.extField_affiliation_id==\"optum_fortrea_aff_02_-_fortrea_ee_sp_hra\"||currentCustomer.extField_affiliation_id==\"optum_fortrea_aff_04_-_fortrea_ee_sp_noseed_notopen_hsa\"||currentCustomer.extField_affiliation_id==\"optum_fortrea_aff_10_-_fortrea_new_sp_noseed_notopen_hsa\"||currentCustomer.extField_affiliation_id==\"optum_fortrea_aff_06_-_fortrea_ee_seed_notopen_hsa\"||currentCustomer.extField_affiliation_id==\"optum_fortrea_aff_08_-_fortrea_sp_seed_notopen_hsa\")&&(currentEvent.targetGroup==\"Gatekept C2: Complete a Quit for Life Program_v32\"&&currentEvent.isUnifiedTargetAchievedEvent)",
          "expJSON": "\n{\n  \"arity\":\"binary_operation\",\n  \"value\":\"&&\",\n  \"type\":\"boolean:primitive\",\n  \"operands\":[\n    {\n      \"arity\":\"binary_operation\",\n      \"value\":\"||\",\n      \"type\":\"boolean:primitive\",\n      \"operands\":[\n        {\n          \"arity\":\"binary_operation\",\n          \"value\":\"==\",\n          \"type\":\"boolean:primitive\",\n          \"operands\":[\n            {\n              \"arity\":\"object_dereference\",\n              \"type\":\"string:object:primitive\",\n              \"operands\":[\n                {\n                  \"arity\":\"name\",\n                  \"value\":\"currentCustomer\",\n                  \"type\":\"customer:object:primitive\"\n                },\n                {\n                  \"arity\":\"name\",\n                  \"value\":\"extField_affiliation_id\",\n                  \"type\":\"string:object:primitive\"\n                }\n              ]\n            },\n            {\n              \"arity\":\"literal\",\n              \"value\":\"optum_fortrea_aff_03_-_fortrea_ee_sp_noseed_open_hsa\",\n              \"type\":\"string:object:primitive\"\n            }\n          ]\n        },\n        {\n          \"arity\":\"binary_operation\",\n          \"value\":\"||\",\n          \"type\":\"boolean:primitive\",\n          \"operands\":[\n            {\n              \"arity\":\"binary_operation\",\n              \"value\":\"==\",\n              \"type\":\"boolean:primitive\",\n              \"operands\":[\n                {\n                  \"arity\":\"object_dereference\",\n                  \"type\":\"string:object:primitive\",\n                  \"operands\":[\n                    {\n                      \"arity\":\"name\",\n                      \"value\":\"currentCustomer\",\n                      \"type\":\"customer:object:primitive\"\n                    },\n                    {\n                      \"arity\":\"name\",\n                      \"value\":\"extField_affiliation_id\",\n                      \"type\":\"string:object:primitive\"\n                    }\n                  ]\n                },\n                {\n                  \"arity\":\"literal\",\n                  \"value\":\"optum_fortrea_aff_09_-_fortrea_new_sp_noseed_open_hsa\",\n                  \"type\":\"string:object:primitive\"\n                }\n              ]\n            },\n            {\n              \"arity\":\"binary_operation\",\n              \"value\":\"||\",\n              \"type\":\"boolean:primitive\",\n              \"operands\":[\n                {\n                  \"arity\":\"binary_operation\",\n                  \"value\":\"==\",\n                  \"type\":\"boolean:primitive\",\n                  \"operands\":[\n                    {\n                      \"arity\":\"object_dereference\",\n                      \"type\":\"string:object:primitive\",\n                      \"operands\":[\n                        {\n                          \"arity\":\"name\",\n                          \"value\":\"currentCustomer\",\n                          \"type\":\"customer:object:primitive\"\n                        },\n                        {\n                          \"arity\":\"name\",\n                          \"value\":\"extField_affiliation_id\",\n                          \"type\":\"string:object:primitive\"\n                        }\n                      ]\n                    },\n                    {\n                      \"arity\":\"literal\",\n                      \"value\":\"optum_fortrea_aff_05_-_fortrea_ee_seed_open_hsa\",\n                      \"type\":\"string:object:primitive\"\n                    }\n                  ]\n                },\n                {\n                  \"arity\":\"binary_operation\",\n                  \"value\":\"||\",\n                  \"type\":\"boolean:primitive\",\n                  \"operands\":[\n                    {\n                      \"arity\":\"binary_operation\",\n                      \"value\":\"==\",\n                      \"type\":\"boolean:primitive\",\n                      \"operands\":[\n                        {\n                          \"arity\":\"object_dereference\",\n                          \"type\":\"string:object:primitive\",\n                          \"operands\":[\n                            {\n                              \"arity\":\"name\",\n                              \"value\":\"currentCustomer\",\n                              \"type\":\"customer:object:primitive\"\n                            },\n                            {\n                              \"arity\":\"name\",\n                              \"value\":\"extField_affiliation_id\",\n                              \"type\":\"string:object:primitive\"\n                            }\n                          ]\n                        },\n                        {\n                          \"arity\":\"literal\",\n                          \"value\":\"optum_fortrea_aff_07_-_fortrea_sp_seed_open_hsa\",\n                          \"type\":\"string:object:primitive\"\n                        }\n                      ]\n                    },\n                    {\n                      \"arity\":\"binary_operation\",\n                      \"value\":\"||\",\n                      \"type\":\"boolean:primitive\",\n                      \"operands\":[\n                        {\n                          \"arity\":\"binary_operation\",\n                          \"value\":\"==\",\n                          \"type\":\"boolean:primitive\",\n                          \"operands\":[\n                            {\n                              \"arity\":\"object_dereference\",\n                              \"type\":\"string:object:primitive\",\n                              \"operands\":[\n                                {\n                                  \"arity\":\"name\",\n                                  \"value\":\"currentCustomer\",\n                                  \"type\":\"customer:object:primitive\"\n                                },\n                                {\n                                  \"arity\":\"name\",\n                                  \"value\":\"extField_affiliation_id\",\n                                  \"type\":\"string:object:primitive\"\n                                }\n                              ]\n                            },\n                            {\n                              \"arity\":\"literal\",\n                              \"value\":\"optum_fortrea_aff_02_-_fortrea_ee_sp_hra\",\n                              \"type\":\"string:object:primitive\"\n                            }\n                          ]\n                        },\n                        {\n                          \"arity\":\"binary_operation\",\n                          \"value\":\"||\",\n                          \"type\":\"boolean:primitive\",\n                          \"operands\":[\n                            {\n                              \"arity\":\"binary_operation\",\n                              \"value\":\"==\",\n                              \"type\":\"boolean:primitive\",\n                              \"operands\":[\n                                {\n                                  \"arity\":\"object_dereference\",\n                                  \"type\":\"string:object:primitive\",\n                                  \"operands\":[\n                                    {\n                                      \"arity\":\"name\",\n                                      \"value\":\"currentCustomer\",\n                                      \"type\":\"customer:object:primitive\"\n                                    },\n                                    {\n                                      \"arity\":\"name\",\n                                      \"value\":\"extField_affiliation_id\",\n                                      \"type\":\"string:object:primitive\"\n                                    }\n                                  ]\n                                },\n                                {\n                                  \"arity\":\"literal\",\n                                  \"value\":\"optum_fortrea_aff_04_-_fortrea_ee_sp_noseed_notopen_hsa\",\n                                  \"type\":\"string:object:primitive\"\n                                }\n                              ]\n                            },\n                            {\n                              \"arity\":\"binary_operation\",\n                              \"value\":\"||\",\n                              \"type\":\"boolean:primitive\",\n                              \"operands\":[\n                                {\n                                  \"arity\":\"binary_operation\",\n                                  \"value\":\"==\",\n                                  \"type\":\"boolean:primitive\",\n                                  \"operands\":[\n                                    {\n                                      \"arity\":\"object_dereference\",\n                                      \"type\":\"string:object:primitive\",\n                                      \"operands\":[\n                                        {\n                                          \"arity\":\"name\",\n                                          \"value\":\"currentCustomer\",\n                                          \"type\":\"customer:object:primitive\"\n                                        },\n                                        {\n                                          \"arity\":\"name\",\n                                          \"value\":\"extField_affiliation_id\",\n                                          \"type\":\"string:object:primitive\"\n                                        }\n                                      ]\n                                    },\n                                    {\n                                      \"arity\":\"literal\",\n                                      \"value\":\"optum_fortrea_aff_10_-_fortrea_new_sp_noseed_notopen_hsa\",\n                                      \"type\":\"string:object:primitive\"\n                                    }\n                                  ]\n                                },\n                                {\n                                  \"arity\":\"binary_operation\",\n                                  \"value\":\"||\",\n                                  \"type\":\"boolean:primitive\",\n                                  \"operands\":[\n                                    {\n                                      \"arity\":\"binary_operation\",\n                                      \"value\":\"==\",\n                                      \"type\":\"boolean:primitive\",\n                                      \"operands\":[\n                                        {\n                                          \"arity\":\"object_dereference\",\n                                          \"type\":\"string:object:primitive\",\n                                          \"operands\":[\n                                            {\n                                              \"arity\":\"name\",\n                                              \"value\":\"currentCustomer\",\n                                              \"type\":\"customer:object:primitive\"\n                                            },\n                                            {\n                                              \"arity\":\"name\",\n                                              \"value\":\"extField_affiliation_id\",\n                                              \"type\":\"string:object:primitive\"\n                                            }\n                                          ]\n                                        },\n                                        {\n                                          \"arity\":\"literal\",\n                                          \"value\":\"optum_fortrea_aff_06_-_fortrea_ee_seed_notopen_hsa\",\n                                          \"type\":\"string:object:primitive\"\n                                        }\n                                      ]\n                                    },\n                                    {\n                                      \"arity\":\"binary_operation\",\n                                      \"value\":\"==\",\n                                      \"type\":\"boolean:primitive\",\n                                      \"operands\":[\n                                        {\n                                          \"arity\":\"object_dereference\",\n                                          \"type\":\"string:object:primitive\",\n                                          \"operands\":[\n                                            {\n                                              \"arity\":\"name\",\n                                              \"value\":\"currentCustomer\",\n                                              \"type\":\"customer:object:primitive\"\n                                            },\n                                            {\n                                              \"arity\":\"name\",\n                                              \"value\":\"extField_affiliation_id\",\n                                              \"type\":\"string:object:primitive\"\n                                            }\n                                          ]\n                                        },\n                                        {\n                                          \"arity\":\"literal\",\n                                          \"value\":\"optum_fortrea_aff_08_-_fortrea_sp_seed_notopen_hsa\",\n                                          \"type\":\"string:object:primitive\"\n                                        }\n                                      ]\n                                    }\n                                  ]\n                                }\n                              ]\n                            }\n                          ]\n                        }\n                      ]\n                    }\n                  ]\n                }\n              ]\n            }\n          ]\n        }\n      ]\n    },\n    {\n      \"arity\":\"binary_operation\",\n      \"value\":\"&&\",\n      \"type\":\"boolean:primitive\",\n      \"operands\":[\n        {\n          \"arity\":\"binary_operation\",\n          \"value\":\"==\",\n          \"type\":\"boolean:primitive\",\n          \"operands\":[\n            {\n              \"arity\":\"object_dereference\",\n              \"type\":\"string:object:primitive\",\n              \"operands\":[\n                {\n                  \"arity\":\"name\",\n                  \"value\":\"currentEvent\",\n                  \"type\":\"customer.targetCompletedEvent:object:primitive\"\n                },\n                {\n                  \"arity\":\"name\",\n                  \"value\":\"targetGroup\",\n                  \"type\":\"string:object:primitive\"\n                }\n              ]\n            },\n            {\n              \"arity\":\"literal\",\n              \"value\":\"Gatekept C2: Complete a Quit for Life Program_v32\",\n              \"type\":\"string:object:primitive\"\n            }\n          ]\n        },\n        {\n          \"arity\":\"object_dereference\",\n          \"type\":\"boolean:primitive\",\n          \"operands\":[\n            {\n              \"arity\":\"name\",\n              \"value\":\"currentEvent\",\n              \"type\":\"customer.targetCompletedEvent:object:primitive\"\n            },\n            {\n              \"arity\":\"name\",\n              \"value\":\"isUnifiedTargetAchievedEvent\",\n              \"type\":\"boolean:primitive\"\n            }\n          ]\n        }\n      ]\n    }\n  ]\n}",
          "jsonType": "JNODE",
          "isActive": true,
          "priority": -1,
          "startDate": 1099937147753,
          "endDate": 33603530747753,
          "createdOn": 1733471240761,
          "caseToActions": {
            "true": [
              {
                "id": 2012084,
                "actionName": "ISSUE_ALTERNATE_CURRENCY_xrrUBf",
                "actionClass": "com.capillary.shopbook.pointsengine.endpoint.impl.action.AwardTargetPointsActionImpl",
                "mandatoryPropertiesValues": {
                  "AlternateCurrencyIdentifier": "xrrUBf",
                  "TargetGroupId": "12374",
                  "ExpiryStrategy": "2512",
                  "PointType": "REGULAR",
                  "AwardStrategy": "2723",
                  "PointsRoundingStrategy": "ACTUAL"
                },
                "mandatoryComplexPropertiesValues": {},
                "description": "EARN_400"
              }
            ]
          },
          "ruleScope": "SERVER",
          "createdBy": 400170708,
          "modifiedBy": 400170708,
          "modifiedOn": 1733472451648,
          "name": "Rule 1",
          "description": "",
          "expDataType": null,
          "filterInfo": [],
          "ruleSetId": 2009919,
          "updatedViaNewUI": false
        }
      ],
      "ruleScope": "SERVER",
      "startDate": 1730437200000,
      "endDate": 1767243599000,
      "createdOn": 1733471240761,
      "createdBy": 400170708,
      "modifiedBy": 400170708,
      "modifiedOn": 1733472451648,
      "name": "ruleset_f866f435-2725-4419-b109-120e4569b90f",
      "packageName": "",
      "description": "",
      "filterInfo": [],
      "eventType": null,
      "cappingInfo": [],
      "updatedViaNewUI": false,
      "label": null,
      "private": false
    }
  ],
  "programName": "Fortrea_UATDefaultProgram",
  "programId": 139,
  "startDate": "2024-11-01T00:00-05:00",
  "endDate": "2025-12-31T23:59:59-05:00",
  "identifier": "19aae8c1-37ac-411c-921f-57eebe0605b4",
  "isActive": true,
  "eventName": "TARGETCOMPLETED",
  "metadata": [
    {
      "key": "Type_of_Promotion",
      "value": "Rewardable_Activity",
      "isBrandDefined": "true"
    }
  ],
  "allocatePointsOn": "CUSTOMER",
  "limits": {
    "pointsPerCustomer": 0,
    "numberOfTimesPerCustomer": 0,
    "totalPointsInPromotion": 0,
    "totalPointsPerEventLimit": 0
  },
  "useProportions": false,
  "pointsOfferType": "GENERIC",
  "promotionRestrictions": {
    "restrictions": {
      "redemptionRestrictions": [
        {
          "name": "MAX_ALLOWED_TIMES_PER_CUSTOMER",
          "value": 1,
          "type": "NON_PERIOD_BASED",
          "periodType": "MOVING_WINDOW",
          "periodUnit": "DAILY"
        },
        {
          "name": "MAX_REDEMPTIONS_PER_EARN_PER_CUSTOMER",
          "value": 100,
          "type": "NON_PERIOD_BASED",
          "periodType": null,
          "periodUnit": null
        }
      ],
      "issualRestrictions": [],
      "earnRestrictions": [],
      "expiryRestrictions": []
    },
    "scope": null,
    "isStackable": false,
    "isConsideredForRanking": false,
    "loyaltyEarningType": null,
    "expiryReminder": null,
    "isExclusive": false,
    "isAlwaysApply": false,
    "targetGroupIds": null,
    "targetRuleIds": null,
    "linkedTargetGroupVsTargetRuleIdMap": null
  }
}