{
  "id": 2463,
  "name": "RAP_v35 for BE: BiometricScreeningBE_v5",
  "description": "RAP_v35 for BE: BiometricScreeningBE_v5",
  "promotionStatus": "LIVE",
  "lastUpdateDate": "2024-12-14T13:23:41-05:00",
  "lastUpdatedBy": 4,
  "rulesetInfos": [
    {
      "id": 2010228,
      "orgName": "The School District of Palm Beach County_UAT",
      "contextID": 164,
      "orgID": 4000231,
      "contextType": "program",
      "rules": [
        {
          "id": 2013006,
          "exp": "(currentEvent.bmiScore<=27.5||currentCustomer.extField_BMI_previous-currentEvent.bmiScore>=2)==false||(currentEvent.diastolicBloodPressure<90&&currentEvent.systolicBloodPressure<140)==false||(currentEvent.ldl<=160||(currentCustomer.extField_LDL_previous-currentEvent.ldl>=4))==false||(currentEvent.glucose<=100||currentCustomer.extField_glucose_previous-currentEvent.glucose>=20)==false||(currentEvent.totalCholesterol<200||currentCustomer.extField_Cholesterol_total-currentEvent.totalCholesterol>=4)==false",
          "expJSON": "\n{\n  \"arity\":\"binary_operation\",\n  \"value\":\"||\",\n  \"type\":\"boolean:primitive\",\n  \"operands\":[\n    {\n      \"arity\":\"binary_operation\",\n      \"value\":\"==\",\n      \"type\":\"boolean:primitive\",\n      \"operands\":[\n        {\n          \"arity\":\"binary_operation\",\n          \"value\":\"||\",\n          \"type\":\"boolean:primitive\",\n          \"operands\":[\n            {\n              \"arity\":\"binary_operation\",\n              \"value\":\"<=\",\n              \"type\":\"boolean:primitive\",\n              \"operands\":[\n                {\n                  \"arity\":\"object_dereference\",\n                  \"type\":\"real:object:primitive\",\n                  \"operands\":[\n                    {\n                      \"arity\":\"name\",\n                      \"value\":\"currentEvent\",\n                      \"type\":\"customer.genericProfile:object:primitive\"\n                    },\n                    {\n                      \"arity\":\"name\",\n                      \"value\":\"bmiScore\",\n                      \"type\":\"real:object:primitive\"\n                    }\n                  ]\n                },\n                {\n                  \"arity\":\"literal\",\n                  \"value\":\"27.5\",\n                  \"type\":\"number:primitive\"\n                }\n              ]\n            },\n            {\n              \"arity\":\"binary_operation\",\n              \"value\":\">=\",\n              \"type\":\"boolean:primitive\",\n              \"operands\":[\n                {\n                  \"arity\":\"binary_operation\",\n                  \"value\":\"-\",\n                  \"type\":\"real:object:primitive\",\n                  \"operands\":[\n                    {\n                      \"arity\":\"object_dereference\",\n                      \"type\":\"real:object:primitive\",\n                      \"operands\":[\n                        {\n                          \"arity\":\"name\",\n                          \"value\":\"currentCustomer\",\n                          \"type\":\"customer:object:primitive\"\n                        },\n                        {\n                          \"arity\":\"name\",\n                          \"value\":\"extField_BMI_previous\",\n                          \"type\":\"real:object:primitive\"\n                        }\n                      ]\n                    },\n                    {\n                      \"arity\":\"object_dereference\",\n                      \"type\":\"real:object:primitive\",\n                      \"operands\":[\n                        {\n                          \"arity\":\"name\",\n                          \"value\":\"currentEvent\",\n                          \"type\":\"customer.genericProfile:object:primitive\"\n                        },\n                        {\n                          \"arity\":\"name\",\n                          \"value\":\"bmiScore\",\n                          \"type\":\"real:object:primitive\"\n                        }\n                      ]\n                    }\n                  ]\n                },\n                {\n                  \"arity\":\"literal\",\n                  \"value\":\"2\",\n                  \"type\":\"number:primitive\"\n                }\n              ]\n            }\n          ]\n        },\n        {\n          \"arity\":\"literal\",\n          \"value\":\"false\",\n          \"type\":\"boolean:primitive\"\n        }\n      ]\n    },\n    {\n      \"arity\":\"binary_operation\",\n      \"value\":\"||\",\n      \"type\":\"boolean:primitive\",\n      \"operands\":[\n        {\n          \"arity\":\"binary_operation\",\n          \"value\":\"==\",\n          \"type\":\"boolean:primitive\",\n          \"operands\":[\n            {\n              \"arity\":\"binary_operation\",\n              \"value\":\"&&\",\n              \"type\":\"boolean:primitive\",\n              \"operands\":[\n                {\n                  \"arity\":\"binary_operation\",\n                  \"value\":\"<\",\n                  \"type\":\"boolean:primitive\",\n                  \"operands\":[\n                    {\n                      \"arity\":\"object_dereference\",\n                      \"type\":\"real:object:primitive\",\n                      \"operands\":[\n                        {\n                          \"arity\":\"name\",\n                          \"value\":\"currentEvent\",\n                          \"type\":\"customer.genericProfile:object:primitive\"\n                        },\n                        {\n                          \"arity\":\"name\",\n                          \"value\":\"diastolicBloodPressure\",\n                          \"type\":\"real:object:primitive\"\n                        }\n                      ]\n                    },\n                    {\n                      \"arity\":\"literal\",\n                      \"value\":\"90\",\n                      \"type\":\"number:primitive\"\n                    }\n                  ]\n                },\n                {\n                  \"arity\":\"binary_operation\",\n                  \"value\":\"<\",\n                  \"type\":\"boolean:primitive\",\n                  \"operands\":[\n                    {\n                      \"arity\":\"object_dereference\",\n                      \"type\":\"real:object:primitive\",\n                      \"operands\":[\n                        {\n                          \"arity\":\"name\",\n                          \"value\":\"currentEvent\",\n                          \"type\":\"customer.genericProfile:object:primitive\"\n                        },\n                        {\n                          \"arity\":\"name\",\n                          \"value\":\"systolicBloodPressure\",\n                          \"type\":\"real:object:primitive\"\n                        }\n                      ]\n                    },\n                    {\n                      \"arity\":\"literal\",\n                      \"value\":\"140\",\n                      \"type\":\"number:primitive\"\n                    }\n                  ]\n                }\n              ]\n            },\n            {\n              \"arity\":\"literal\",\n              \"value\":\"false\",\n              \"type\":\"boolean:primitive\"\n            }\n          ]\n        },\n        {\n          \"arity\":\"binary_operation\",\n          \"value\":\"||\",\n          \"type\":\"boolean:primitive\",\n          \"operands\":[\n            {\n              \"arity\":\"binary_operation\",\n              \"value\":\"==\",\n              \"type\":\"boolean:primitive\",\n              \"operands\":[\n                {\n                  \"arity\":\"binary_operation\",\n                  \"value\":\"||\",\n                  \"type\":\"boolean:primitive\",\n                  \"operands\":[\n                    {\n                      \"arity\":\"binary_operation\",\n                      \"value\":\"<=\",\n                      \"type\":\"boolean:primitive\",\n                      \"operands\":[\n                        {\n                          \"arity\":\"object_dereference\",\n                          \"type\":\"real:object:primitive\",\n                          \"operands\":[\n                            {\n                              \"arity\":\"name\",\n                              \"value\":\"currentEvent\",\n                              \"type\":\"customer.genericProfile:object:primitive\"\n                            },\n                            {\n                              \"arity\":\"name\",\n                              \"value\":\"ldl\",\n                              \"type\":\"real:object:primitive\"\n                            }\n                          ]\n                        },\n                        {\n                          \"arity\":\"literal\",\n                          \"value\":\"160\",\n                          \"type\":\"number:primitive\"\n                        }\n                      ]\n                    },\n                    {\n                      \"arity\":\"binary_operation\",\n                      \"value\":\">=\",\n                      \"type\":\"boolean:primitive\",\n                      \"operands\":[\n                        {\n                          \"arity\":\"binary_operation\",\n                          \"value\":\"-\",\n                          \"type\":\"real:object:primitive\",\n                          \"operands\":[\n                            {\n                              \"arity\":\"object_dereference\",\n                              \"type\":\"real:object:primitive\",\n                              \"operands\":[\n                                {\n                                  \"arity\":\"name\",\n                                  \"value\":\"currentCustomer\",\n                                  \"type\":\"customer:object:primitive\"\n                                },\n                                {\n                                  \"arity\":\"name\",\n                                  \"value\":\"extField_LDL_previous\",\n                                  \"type\":\"real:object:primitive\"\n                                }\n                              ]\n                            },\n                            {\n                              \"arity\":\"object_dereference\",\n                              \"type\":\"real:object:primitive\",\n                              \"operands\":[\n                                {\n                                  \"arity\":\"name\",\n                                  \"value\":\"currentEvent\",\n                                  \"type\":\"customer.genericProfile:object:primitive\"\n                                },\n                                {\n                                  \"arity\":\"name\",\n                                  \"value\":\"ldl\",\n                                  \"type\":\"real:object:primitive\"\n                                }\n                              ]\n                            }\n                          ]\n                        },\n                        {\n                          \"arity\":\"literal\",\n                          \"value\":\"4\",\n                          \"type\":\"number:primitive\"\n                        }\n                      ]\n                    }\n                  ]\n                },\n                {\n                  \"arity\":\"literal\",\n                  \"value\":\"false\",\n                  \"type\":\"boolean:primitive\"\n                }\n              ]\n            },\n            {\n              \"arity\":\"binary_operation\",\n              \"value\":\"||\",\n              \"type\":\"boolean:primitive\",\n              \"operands\":[\n                {\n                  \"arity\":\"binary_operation\",\n                  \"value\":\"==\",\n                  \"type\":\"boolean:primitive\",\n                  \"operands\":[\n                    {\n                      \"arity\":\"binary_operation\",\n                      \"value\":\"||\",\n                      \"type\":\"boolean:primitive\",\n                      \"operands\":[\n                        {\n                          \"arity\":\"binary_operation\",\n                          \"value\":\"<=\",\n                          \"type\":\"boolean:primitive\",\n                          \"operands\":[\n                            {\n                              \"arity\":\"object_dereference\",\n                              \"type\":\"real:object:primitive\",\n                              \"operands\":[\n                                {\n                                  \"arity\":\"name\",\n                                  \"value\":\"currentEvent\",\n                                  \"type\":\"customer.genericProfile:object:primitive\"\n                                },\n                                {\n                                  \"arity\":\"name\",\n                                  \"value\":\"glucose\",\n                                  \"type\":\"real:object:primitive\"\n                                }\n                              ]\n                            },\n                            {\n                              \"arity\":\"literal\",\n                              \"value\":\"100\",\n                              \"type\":\"number:primitive\"\n                            }\n                          ]\n                        },\n                        {\n                          \"arity\":\"binary_operation\",\n                          \"value\":\">=\",\n                          \"type\":\"boolean:primitive\",\n                          \"operands\":[\n                            {\n                              \"arity\":\"binary_operation\",\n                              \"value\":\"-\",\n                              \"type\":\"real:object:primitive\",\n                              \"operands\":[\n                                {\n                                  \"arity\":\"object_dereference\",\n                                  \"type\":\"real:object:primitive\",\n                                  \"operands\":[\n                                    {\n                                      \"arity\":\"name\",\n                                      \"value\":\"currentCustomer\",\n                                      \"type\":\"customer:object:primitive\"\n                                    },\n                                    {\n                                      \"arity\":\"name\",\n                                      \"value\":\"extField_glucose_previous\",\n                                      \"type\":\"real:object:primitive\"\n                                    }\n                                  ]\n                                },\n                                {\n                                  \"arity\":\"object_dereference\",\n                                  \"type\":\"real:object:primitive\",\n                                  \"operands\":[\n                                    {\n                                      \"arity\":\"name\",\n                                      \"value\":\"currentEvent\",\n                                      \"type\":\"customer.genericProfile:object:primitive\"\n                                    },\n                                    {\n                                      \"arity\":\"name\",\n                                      \"value\":\"glucose\",\n                                      \"type\":\"real:object:primitive\"\n                                    }\n                                  ]\n                                }\n                              ]\n                            },\n                            {\n                              \"arity\":\"literal\",\n                              \"value\":\"20\",\n                              \"type\":\"number:primitive\"\n                            }\n                          ]\n                        }\n                      ]\n                    },\n                    {\n                      \"arity\":\"literal\",\n                      \"value\":\"false\",\n                      \"type\":\"boolean:primitive\"\n                    }\n                  ]\n                },\n                {\n                  \"arity\":\"binary_operation\",\n                  \"value\":\"==\",\n                  \"type\":\"boolean:primitive\",\n                  \"operands\":[\n                    {\n                      \"arity\":\"binary_operation\",\n                      \"value\":\"||\",\n                      \"type\":\"boolean:primitive\",\n                      \"operands\":[\n                        {\n                          \"arity\":\"binary_operation\",\n                          \"value\":\"<\",\n                          \"type\":\"boolean:primitive\",\n                          \"operands\":[\n                            {\n                              \"arity\":\"object_dereference\",\n                              \"type\":\"real:object:primitive\",\n                              \"operands\":[\n                                {\n                                  \"arity\":\"name\",\n                                  \"value\":\"currentEvent\",\n                                  \"type\":\"customer.genericProfile:object:primitive\"\n                                },\n                                {\n                                  \"arity\":\"name\",\n                                  \"value\":\"totalCholesterol\",\n                                  \"type\":\"real:object:primitive\"\n                                }\n                              ]\n                            },\n                            {\n                              \"arity\":\"literal\",\n                              \"value\":\"200\",\n                              \"type\":\"number:primitive\"\n                            }\n                          ]\n                        },\n                        {\n                          \"arity\":\"binary_operation\",\n                          \"value\":\">=\",\n                          \"type\":\"boolean:primitive\",\n                          \"operands\":[\n                            {\n                              \"arity\":\"binary_operation\",\n                              \"value\":\"-\",\n                              \"type\":\"real:object:primitive\",\n                              \"operands\":[\n                                {\n                                  \"arity\":\"object_dereference\",\n                                  \"type\":\"real:object:primitive\",\n                                  \"operands\":[\n                                    {\n                                      \"arity\":\"name\",\n                                      \"value\":\"currentCustomer\",\n                                      \"type\":\"customer:object:primitive\"\n                                    },\n                                    {\n                                      \"arity\":\"name\",\n                                      \"value\":\"extField_Cholesterol_total\",\n                                      \"type\":\"real:object:primitive\"\n                                    }\n                                  ]\n                                },\n                                {\n                                  \"arity\":\"object_dereference\",\n                                  \"type\":\"real:object:primitive\",\n                                  \"operands\":[\n                                    {\n                                      \"arity\":\"name\",\n                                      \"value\":\"currentEvent\",\n                                      \"type\":\"customer.genericProfile:object:primitive\"\n                                    },\n                                    {\n                                      \"arity\":\"name\",\n                                      \"value\":\"totalCholesterol\",\n                                      \"type\":\"real:object:primitive\"\n                                    }\n                                  ]\n                                }\n                              ]\n                            },\n                            {\n                              \"arity\":\"literal\",\n                              \"value\":\"4\",\n                              \"type\":\"number:primitive\"\n                            }\n                          ]\n                        }\n                      ]\n                    },\n                    {\n                      \"arity\":\"literal\",\n                      \"value\":\"false\",\n                      \"type\":\"boolean:primitive\"\n                    }\n                  ]\n                }\n              ]\n            }\n          ]\n        }\n      ]\n    }\n  ]\n}",
          "jsonType": "JNODE",
          "isActive": true,
          "priority": -1,
          "startDate": 1099937147753,
          "endDate": 33603530747753,
          "createdOn": 1734200620979,
          "caseToActions": {
            "true": [
              {
                "id": 2012649,
                "actionName": "PE_ISSUE_VOUCHER_ACTION",
                "actionClass": "com.capillary.shopbook.pointsengine.endpoint.impl.action.PointsEngineIssueVoucherActionImpl",
                "mandatoryPropertiesValues": {
                  "quantityBasedOn": "USER_INPUT",
                  "isCouponIssualForCustomerActivity": "true",
                  "VoucherSeriesId": "398",
                  "couponDetailsPerTier": "[{\"slabSerial\": 1, \"couponsPerStep\": \"1\"}]"
                },
                "mandatoryComplexPropertiesValues": {},
                "description": "RAP2024"
              }
            ]
          },
          "ruleScope": "SERVER",
          "createdBy": 400170708,
          "modifiedBy": 400170708,
          "modifiedOn": 1734200620979,
          "name": "Rule 1",
          "description": "",
          "expDataType": null,
          "filterInfo": [],
          "ruleSetId": 2010228,
          "updatedViaNewUI": false
        }
      ],
      "ruleScope": "SERVER",
      "startDate": 1730437200000,
      "endDate": 1767157200000,
      "createdOn": 1734200620979,
      "createdBy": 400170708,
      "modifiedBy": 400170708,
      "modifiedOn": 1734200620979,
      "name": "ruleset_2b46f7fa-a065-47b7-bda6-8c99207c6abe",
      "packageName": "",
      "description": "",
      "filterInfo": [],
      "eventType": null,
      "cappingInfo": [],
      "updatedViaNewUI": false,
      "label": null,
      "private": false
    }
  ],
  "programName": "The School District of Palm Beach County_UATDefaultProgram",
  "programId": 164,
  "startDate": "2024-11-01T00:00-05:00",
  "endDate": "2025-12-31T00:00-05:00",
  "identifier": "8cc4b78e-9448-480a-8acf-471df4b34439",
  "isActive": true,
  "eventName": "GENERICEVENT",
  "eventSubTypeName": "BiometricScreeningBE_v5",
  "allocatePointsOn": "CUSTOMER",
  "limits": {
    "pointsPerCustomer": 0,
    "numberOfTimesPerCustomer": 0,
    "totalPointsInPromotion": 0,
    "totalPointsPerEventLimit": 0
  },
  "useProportions": false,
  "pointsOfferType": "GENERIC",
  "promotionRestrictions": {
    "restrictions": {
      "redemptionRestrictions": [
        {
          "name": "MAX_REDEMPTIONS_PER_EARN_PER_CUSTOMER",
          "value": 100,
          "type": "NON_PERIOD_BASED",
          "periodType": null,
          "periodUnit": null
        }
      ],
      "issualRestrictions": [],
      "earnRestrictions": [],
      "expiryRestrictions": []
    },
    "scope": null,
    "isStackable": false,
    "isConsideredForRanking": false,
    "loyaltyEarningType": null,
    "expiryReminder": null,
    "isExclusive": false,
    "isAlwaysApply": false,
    "targetGroupIds": null,
    "targetRuleIds": null,
    "linkedTargetGroupVsTargetRuleIdMap": null
  }
}