{
  "id": 2511,
  "name": "Physical Activity Exemption",
  "description": "",
  "promotionStatus": "LIVE",
  "lastUpdateDate": "2024-12-17T00:25:42-05:00",
  "lastUpdatedBy": 400169197,
  "rulesetInfos": [
    {
      "id": 2010398,
      "orgName": "City of Greensboro_UAT",
      "contextID": 156,
      "orgID": 4000223,
      "contextType": "program",
      "rules": [
        {
          "id": 2013198,
          "exp": "currentCustomer.extField_physical_activity_exemption_until_date.isNotNull(\u00a0)&&currentEvent.currentTimeInStoreTZ.isBefore(currentCustomer.extField_physical_activity_exemption_until_date.year(\u00a0),currentCustomer.extField_physical_activity_exemption_until_date.month(\u00a0),currentCustomer.extField_physical_activity_exemption_until_date.dayOfMonth(\u00a0),23,59,59)",
          "expJSON": "\n{\n  \"arity\":\"binary_operation\",\n  \"value\":\"&&\",\n  \"type\":\"boolean:primitive\",\n  \"operands\":[\n    {\n      \"arity\":\"method_call\",\n      \"type\":\"boolean:primitive\",\n      \"operands\":[\n        {\n          \"arity\":\"object_dereference\",\n          \"type\":\"date:object:primitive\",\n          \"operands\":[\n            {\n              \"arity\":\"name\",\n              \"value\":\"currentCustomer\",\n              \"type\":\"customer:object:primitive\"\n            },\n            {\n              \"arity\":\"name\",\n              \"value\":\"extField_physical_activity_exemption_until_date\",\n              \"type\":\"date:object:primitive\"\n            }\n          ]\n        },\n        {\n          \"arity\":\"name\",\n          \"value\":\"isNotNull\",\n          \"type\":\"anonymous:function:primitive\"\n        }\n      ]\n    },\n    {\n      \"arity\":\"method_call\",\n      \"type\":\"boolean:primitive\",\n      \"operands\":[\n        {\n          \"arity\":\"object_dereference\",\n          \"type\":\"date:object:primitive\",\n          \"operands\":[\n            {\n              \"arity\":\"name\",\n              \"value\":\"currentEvent\",\n              \"type\":\"customer.updateCustomerEvent:object:primitive\"\n            },\n            {\n              \"arity\":\"name\",\n              \"value\":\"currentTimeInStoreTZ\",\n              \"type\":\"date:object:primitive\"\n            }\n          ]\n        },\n        {\n          \"arity\":\"name\",\n          \"value\":\"isBefore\",\n          \"type\":\"anonymous:function:primitive\"\n        },\n        {\n          \"arity\":\"method_call\",\n          \"type\":\"integer:number:primitive\",\n          \"operands\":[\n            {\n              \"arity\":\"object_dereference\",\n              \"type\":\"date:object:primitive\",\n              \"operands\":[\n                {\n                  \"arity\":\"name\",\n                  \"value\":\"currentCustomer\",\n                  \"type\":\"customer:object:primitive\"\n                },\n                {\n                  \"arity\":\"name\",\n                  \"value\":\"extField_physical_activity_exemption_until_date\",\n                  \"type\":\"date:object:primitive\"\n                }\n              ]\n            },\n            {\n              \"arity\":\"name\",\n              \"value\":\"year\",\n              \"type\":\"anonymous:function:primitive\"\n            }\n          ]\n        },\n        {\n          \"arity\":\"method_call\",\n          \"type\":\"integer:number:primitive\",\n          \"operands\":[\n            {\n              \"arity\":\"object_dereference\",\n              \"type\":\"date:object:primitive\",\n              \"operands\":[\n                {\n                  \"arity\":\"name\",\n                  \"value\":\"currentCustomer\",\n                  \"type\":\"customer:object:primitive\"\n                },\n                {\n                  \"arity\":\"name\",\n                  \"value\":\"extField_physical_activity_exemption_until_date\",\n                  \"type\":\"date:object:primitive\"\n                }\n              ]\n            },\n            {\n              \"arity\":\"name\",\n              \"value\":\"month\",\n              \"type\":\"anonymous:function:primitive\"\n            }\n          ]\n        },\n        {\n          \"arity\":\"method_call\",\n          \"type\":\"integer:number:primitive\",\n          \"operands\":[\n            {\n              \"arity\":\"object_dereference\",\n              \"type\":\"date:object:primitive\",\n              \"operands\":[\n                {\n                  \"arity\":\"name\",\n                  \"value\":\"currentCustomer\",\n                  \"type\":\"customer:object:primitive\"\n                },\n                {\n                  \"arity\":\"name\",\n                  \"value\":\"extField_physical_activity_exemption_until_date\",\n                  \"type\":\"date:object:primitive\"\n                }\n              ]\n            },\n            {\n              \"arity\":\"name\",\n              \"value\":\"dayOfMonth\",\n              \"type\":\"anonymous:function:primitive\"\n            }\n          ]\n        },\n        {\n          \"arity\":\"literal\",\n          \"value\":\"23\",\n          \"type\":\"integer:number:primitive\"\n        },\n        {\n          \"arity\":\"literal\",\n          \"value\":\"59\",\n          \"type\":\"integer:number:primitive\"\n        },\n        {\n          \"arity\":\"literal\",\n          \"value\":\"59\",\n          \"type\":\"integer:number:primitive\"\n        }\n      ]\n    }\n  ]\n}",
          "jsonType": "JNODE",
          "isActive": true,
          "priority": -1,
          "startDate": 1103261124312,
          "endDate": 33606854724312,
          "createdOn": 1734413142039,
          "caseToActions": {
            "true": [
              {
                "id": 2012854,
                "actionName": "ISSUE_PROMOTION_ACTION",
                "actionClass": "com.capillary.shopbook.pointsengine.endpoint.impl.action.IssuePromotionActionImpl",
                "mandatoryPropertiesValues": {
                  "promotionId": "1313"
                },
                "mandatoryComplexPropertiesValues": {},
                "description": "R156: Stride_v7"
              }
            ]
          },
          "ruleScope": "SERVER",
          "createdBy": 183,
          "modifiedBy": 183,
          "modifiedOn": 1734413142039,
          "name": "Rule 1",
          "description": "",
          "expDataType": null,
          "filterInfo": [],
          "ruleSetId": 2010398,
          "updatedViaNewUI": false
        }
      ],
      "ruleScope": "SERVER",
      "startDate": 1733029200000,
      "endDate": 1767243599000,
      "createdOn": 1734413142038,
      "createdBy": 183,
      "modifiedBy": 183,
      "modifiedOn": 1734413142038,
      "name": "ruleset_20241217002524",
      "packageName": "",
      "description": "",
      "filterInfo": [
        {
          "id": 2012036,
          "orgID": 4000223,
          "ruleID": -1,
          "name": "LoyaltyType",
          "className": "com.capillary.shopbook.emf.impl.filter.LoyaltyTypeFilterImpl",
          "isInclude": true,
          "propertyToValues": {
            "loyaltyType": [
              "loyalty"
            ]
          }
        },
        {
          "id": 2012037,
          "orgID": 4000223,
          "ruleID": -1,
          "name": "EventSource",
          "className": "com.capillary.shopbook.emf.impl.filter.EventSourceFilterImpl",
          "isInclude": true,
          "propertyToValues": {
            "eventSource": [
              "INSTORE"
            ]
          }
        }
      ],
      "eventType": null,
      "cappingInfo": [],
      "updatedViaNewUI": false,
      "label": null,
      "private": false
    }
  ],
  "programName": "City of Greensboro_UATDefaultProgram",
  "programId": 156,
  "startDate": "2024-12-01T00:00-05:00",
  "endDate": "2025-12-31T23:59:59-05:00",
  "identifier": "82f7ba0c-3bc1-4c12-8bea-9c578406a540",
  "isActive": true,
  "eventName": "CUSTOMERUPDATE",
  "allocatePointsOn": "CUSTOMER",
  "limits": {
    "pointsPerCustomer": 0,
    "numberOfTimesPerCustomer": 0,
    "totalPointsInPromotion": 0,
    "totalPointsPerEventLimit": 0
  },
  "useProportions": false,
  "pointsOfferType": "GENERIC",
  "promotionRestrictions": {
    "restrictions": {
      "redemptionRestrictions": [
        {
          "name": "MAX_REDEMPTIONS_PER_EARN_PER_CUSTOMER",
          "value": 100,
          "type": "NON_PERIOD_BASED",
          "periodType": null,
          "periodUnit": null
        }
      ],
      "issualRestrictions": [],
      "earnRestrictions": [],
      "expiryRestrictions": []
    },
    "scope": null,
    "isStackable": false,
    "isConsideredForRanking": false,
    "loyaltyEarningType": null,
    "expiryReminder": null,
    "isExclusive": false,
    "isAlwaysApply": false,
    "targetGroupIds": null,
    "targetRuleIds": null,
    "linkedTargetGroupVsTargetRuleIdMap": null
  }
}