{
  "id": 959,
  "name": "R9.Complete Your Health Survey",
  "description": "",
  "promotionStatus": "LIVE",
  "lastUpdateDate": "2024-11-04T08:25:02-05:00",
  "lastUpdatedBy": 400170755,
  "rulesetInfos": [
    {
      "id": 2003665,
      "orgName": "AO Smith Corp_UAT",
      "contextID": 155,
      "orgID": 4000222,
      "contextType": "program",
      "rules": [
        {
          "id": 2004817,
          "exp": "currentEvent.targetName==\"R9.Complete Your Health Survey\"&&currentEvent.targetExists(\"R9.Complete Your Health Survey\")&&currentEvent.isTargetAchievedEvent",
          "expJSON": "\n{\n  \"arity\":\"binary_operation\",\n  \"value\":\"&&\",\n  \"type\":\"boolean:primitive\",\n  \"operands\":[\n    {\n      \"arity\":\"binary_operation\",\n      \"value\":\"==\",\n      \"type\":\"boolean:primitive\",\n      \"operands\":[\n        {\n          \"arity\":\"object_dereference\",\n          \"type\":\"string:object:primitive\",\n          \"operands\":[\n            {\n              \"arity\":\"name\",\n              \"value\":\"currentEvent\",\n              \"type\":\"customer.targetCompletedEvent:object:primitive\"\n            },\n            {\n              \"arity\":\"name\",\n              \"value\":\"targetName\",\n              \"type\":\"string:object:primitive\"\n            }\n          ]\n        },\n        {\n          \"arity\":\"literal\",\n          \"value\":\"R9.Complete Your Health Survey\",\n          \"type\":\"string:object:primitive\"\n        }\n      ]\n    },\n    {\n      \"arity\":\"binary_operation\",\n      \"value\":\"&&\",\n      \"type\":\"boolean:primitive\",\n      \"operands\":[\n        {\n          \"arity\":\"method_call\",\n          \"type\":\"boolean:primitive\",\n          \"operands\":[\n            {\n              \"arity\":\"name\",\n              \"value\":\"currentEvent\",\n              \"type\":\"customer.targetCompletedEvent:object:primitive\"\n            },\n            {\n              \"arity\":\"name\",\n              \"value\":\"targetExists\",\n              \"type\":\"anonymous:function:primitive\"\n            },\n            {\n              \"arity\":\"literal\",\n              \"value\":\"R9.Complete Your Health Survey\",\n              \"type\":\"string:object:primitive\"\n            }\n          ]\n        },\n        {\n          \"arity\":\"object_dereference\",\n          \"type\":\"boolean:primitive\",\n          \"operands\":[\n            {\n              \"arity\":\"name\",\n              \"value\":\"currentEvent\",\n              \"type\":\"customer.targetCompletedEvent:object:primitive\"\n            },\n            {\n              \"arity\":\"name\",\n              \"value\":\"isTargetAchievedEvent\",\n              \"type\":\"boolean:primitive\"\n            }\n          ]\n        }\n      ]\n    }\n  ]\n}",
          "jsonType": "JNODE",
          "isActive": true,
          "priority": -1,
          "startDate": 1099573803239,
          "endDate": 33603167403239,
          "createdOn": 1730726702523,
          "caseToActions": {},
          "ruleScope": "SERVER",
          "createdBy": 590,
          "modifiedBy": 590,
          "modifiedOn": 1730726702523,
          "name": "Rule 1",
          "description": "",
          "expDataType": null,
          "filterInfo": [],
          "ruleSetId": 2003665,
          "updatedViaNewUI": false
        }
      ],
      "ruleScope": "SERVER",
      "startDate": 1730696400000,
      "endDate": 1751345999000,
      "createdOn": 1730726702523,
      "createdBy": 590,
      "modifiedBy": 590,
      "modifiedOn": 1730726702523,
      "name": "ruleset_20241104081003",
      "packageName": "",
      "description": "",
      "filterInfo": [
        {
          "id": 2006094,
          "orgID": 4000222,
          "ruleID": -1,
          "name": "LoyaltyType",
          "className": "com.capillary.shopbook.emf.impl.filter.LoyaltyTypeFilterImpl",
          "isInclude": true,
          "propertyToValues": {
            "loyaltyType": [
              "loyalty"
            ]
          }
        },
        {
          "id": 2006095,
          "orgID": 4000222,
          "ruleID": -1,
          "name": "EventSource",
          "className": "com.capillary.shopbook.emf.impl.filter.EventSourceFilterImpl",
          "isInclude": true,
          "propertyToValues": {
            "eventSource": [
              "INSTORE"
            ]
          }
        }
      ],
      "eventType": null,
      "cappingInfo": [],
      "updatedViaNewUI": false,
      "label": null,
      "private": false
    }
  ],
  "programName": "AO Smith Corp_UATDefaultProgram",
  "programId": 155,
  "startDate": "2024-11-04T00:00-05:00",
  "endDate": "2025-06-30T23:59:59-05:00",
  "identifier": "cde5d2d7-929f-4781-a573-744b1b524f96",
  "isActive": true,
  "eventName": "TARGETCOMPLETED",
  "allocatePointsOn": "CUSTOMER",
  "limits": {
    "pointsPerCustomer": 0,
    "numberOfTimesPerCustomer": 0,
    "totalPointsInPromotion": 0,
    "totalPointsPerEventLimit": 0
  },
  "useProportions": false,
  "pointsOfferType": "GENERIC",
  "promotionRestrictions": {
    "restrictions": {
      "redemptionRestrictions": [
        {
          "name": "MAX_REDEMPTIONS_PER_EARN_PER_CUSTOMER",
          "value": 100,
          "type": "NON_PERIOD_BASED",
          "periodType": null,
          "periodUnit": null
        }
      ],
      "issualRestrictions": [],
      "earnRestrictions": [],
      "expiryRestrictions": []
    },
    "scope": null,
    "isStackable": false,
    "isConsideredForRanking": false,
    "loyaltyEarningType": null,
    "expiryReminder": null,
    "isExclusive": false,
    "isAlwaysApply": false,
    "targetGroupIds": null,
    "targetRuleIds": null,
    "linkedTargetGroupVsTargetRuleIdMap": null
  }
}