{
  "status": {
    "code": 200,
    "message": "success"
  },
  "validationErrors": null,
  "data": [
    {
      "id": 2144,
      "name": "S3: Complete a LetsGetChecked Biometric Screening_v30",
      "description": "Optum Engage|Rewardable Activity|Complete a Biometric Health Screening (routine lab work)",
      "promotionStatus": "LIVE",
      "lastUpdateDate": "2024-12-03T19:48:27-05:00",
      "startRuleIdentifier": "ruleset_1cb46d01-a286-4a89-980e-1323f0200138",
      "lastUpdatedBy": 4,
      "programName": "National Telecommunications Cooperative Association_UATDefaultProgram",
      "promotionType": "CUSTOMER",
      "programId": 208,
      "startDate": "2024-11-01T00:00-05:00",
      "endDate": "2025-11-30T00:00-05:00",
      "identifier": "0140126b-b1e4-47c7-abf0-4978e5296ca2",
      "isActive": true,
      "eventName": "TARGETCOMPLETED",
      "pointsOfferType": "GENERIC",
      "promotionRestrictions": {
        "restrictions": {
          "redemptionRestrictions": [
            {
              "name": "MAX_ALLOWED_TIMES_PER_CUSTOMER",
              "value": 1,
              "type": "NON_PERIOD_BASED",
              "periodType": "MOVING_WINDOW",
              "periodUnit": "DAILY"
            },
            {
              "name": "MAX_REDEMPTIONS_PER_EARN_PER_CUSTOMER",
              "value": 100,
              "type": "NON_PERIOD_BASED",
              "periodType": null,
              "periodUnit": null
            }
          ],
          "issualRestrictions": [],
          "earnRestrictions": [],
          "expiryRestrictions": []
        },
        "scope": null,
        "isStackable": false,
        "isConsideredForRanking": false,
        "loyaltyEarningType": null,
        "expiryReminder": null,
        "isExclusive": false,
        "isAlwaysApply": false,
        "targetGroupIds": null,
        "targetRuleIds": null,
        "linkedTargetGroupVsTargetRuleIdMap": null
      }
    },
    {
      "id": 2143,
      "name": "C12: Complete Real Appeal_v30",
      "description": "Optum Engage|Rewardable Activity|Real Appeal",
      "promotionStatus": "LIVE",
      "lastUpdateDate": "2024-12-03T19:48:19-05:00",
      "startRuleIdentifier": "ruleset_46ca4890-a72e-4d7b-b851-b086b2c88bea",
      "lastUpdatedBy": 4,
      "programName": "National Telecommunications Cooperative Association_UATDefaultProgram",
      "promotionType": "CUSTOMER",
      "programId": 208,
      "startDate": "2024-11-01T00:00-05:00",
      "endDate": "2025-11-30T00:00-05:00",
      "identifier": "738fb59d-0f0e-42ff-8784-a2011eca0d5c",
      "isActive": true,
      "eventName": "TARGETCOMPLETED",
      "pointsOfferType": "GENERIC",
      "promotionRestrictions": {
        "restrictions": {
          "redemptionRestrictions": [
            {
              "name": "MAX_ALLOWED_TIMES_PER_CUSTOMER",
              "value": 1,
              "type": "NON_PERIOD_BASED",
              "periodType": "MOVING_WINDOW",
              "periodUnit": "DAILY"
            },
            {
              "name": "MAX_REDEMPTIONS_PER_EARN_PER_CUSTOMER",
              "value": 100,
              "type": "NON_PERIOD_BASED",
              "periodType": null,
              "periodUnit": null
            }
          ],
          "issualRestrictions": [],
          "earnRestrictions": [],
          "expiryRestrictions": []
        },
        "scope": null,
        "isStackable": false,
        "isConsideredForRanking": false,
        "loyaltyEarningType": null,
        "expiryReminder": null,
        "isExclusive": false,
        "isAlwaysApply": false,
        "targetGroupIds": null,
        "targetRuleIds": null,
        "linkedTargetGroupVsTargetRuleIdMap": null
      }
    },
    {
      "id": 2142,
      "name": "F8: Complete one of the following programs_v30",
      "description": "Optum Engage|Rewardable Activity|Complete 1 of the following programs",
      "promotionStatus": "LIVE",
      "lastUpdateDate": "2024-12-03T19:48:12-05:00",
      "startRuleIdentifier": "ruleset_b13c66d8-54b5-4801-848a-18e4523d76ad",
      "lastUpdatedBy": 4,
      "programName": "National Telecommunications Cooperative Association_UATDefaultProgram",
      "promotionType": "CUSTOMER",
      "programId": 208,
      "startDate": "2024-11-01T00:00-05:00",
      "endDate": "2025-11-30T00:00-05:00",
      "identifier": "3d441901-d479-4dc6-87ba-d51757a88078",
      "isActive": true,
      "eventName": "TARGETCOMPLETED",
      "pointsOfferType": "GENERIC",
      "promotionRestrictions": {
        "restrictions": {
          "redemptionRestrictions": [
            {
              "name": "MAX_ALLOWED_TIMES_PER_CUSTOMER",
              "value": 1,
              "type": "NON_PERIOD_BASED",
              "periodType": "MOVING_WINDOW",
              "periodUnit": "DAILY"
            },
            {
              "name": "MAX_REDEMPTIONS_PER_EARN_PER_CUSTOMER",
              "value": 100,
              "type": "NON_PERIOD_BASED",
              "periodType": null,
              "periodUnit": null
            }
          ],
          "issualRestrictions": [],
          "earnRestrictions": [],
          "expiryRestrictions": []
        },
        "scope": null,
        "isStackable": false,
        "isConsideredForRanking": false,
        "loyaltyEarningType": null,
        "expiryReminder": null,
        "isExclusive": false,
        "isAlwaysApply": false,
        "targetGroupIds": null,
        "targetRuleIds": null,
        "linkedTargetGroupVsTargetRuleIdMap": null
      }
    }
  ],
  "pageDetails": {
    "pageNumber": 0,
    "pageSize": 100,
    "totalEntries": 3,
    "pageCount": 1
  }
}