{
  "status": {
    "code": 200,
    "message": "success"
  },
  "validationErrors": null,
  "data": [
    {
      "id": 2515,
      "name": "Physical Activity Exemption",
      "description": "",
      "promotionStatus": "LIVE",
      "lastUpdateDate": "2024-12-17T00:48:15-05:00",
      "startRuleIdentifier": "ruleset_20241217004755",
      "lastUpdatedBy": 400169197,
      "programName": "Benco Dental Company_UATDefaultProgram",
      "promotionType": "CUSTOMER",
      "programId": 197,
      "startDate": "2024-12-01T00:00-05:00",
      "endDate": "2025-12-31T23:59:59-05:00",
      "identifier": "b0352ce7-b5a3-46b1-bb37-8b3f782e4672",
      "isActive": true,
      "eventName": "CUSTOMERUPDATE",
      "pointsOfferType": "GENERIC",
      "promotionRestrictions": {
        "restrictions": {
          "redemptionRestrictions": [
            {
              "name": "MAX_REDEMPTIONS_PER_EARN_PER_CUSTOMER",
              "value": 100,
              "type": "NON_PERIOD_BASED",
              "periodType": null,
              "periodUnit": null
            }
          ],
          "issualRestrictions": [],
          "earnRestrictions": [],
          "expiryRestrictions": []
        },
        "scope": null,
        "isStackable": false,
        "isConsideredForRanking": false,
        "loyaltyEarningType": null,
        "expiryReminder": null,
        "isExclusive": false,
        "isAlwaysApply": false,
        "targetGroupIds": null,
        "targetRuleIds": null,
        "linkedTargetGroupVsTargetRuleIdMap": null
      }
    },
    {
      "id": 2387,
      "name": "R148: Annual Physical Exam_v34",
      "description": "Optum Engage|Self Attestation|Annual Exam",
      "promotionStatus": "LIVE",
      "lastUpdateDate": "2024-12-09T02:55:04-05:00",
      "startRuleIdentifier": "ruleset_0d7c73b8-ed76-4c73-96dc-553bf503202c",
      "lastUpdatedBy": 4,
      "programName": "Benco Dental Company_UATDefaultProgram",
      "promotionType": "CUSTOMER",
      "programId": 197,
      "startDate": "2024-11-01T00:00-05:00",
      "endDate": "2025-12-31T00:00-05:00",
      "identifier": "47bf1ec6-3007-4da8-9a7b-7c5aac6f99dc",
      "isActive": true,
      "eventName": "TARGETCOMPLETED",
      "pointsOfferType": "GENERIC",
      "promotionRestrictions": {
        "restrictions": {
          "redemptionRestrictions": [
            {
              "name": "MAX_ALLOWED_TIMES_PER_CUSTOMER",
              "value": 1,
              "type": "NON_PERIOD_BASED",
              "periodType": "MOVING_WINDOW",
              "periodUnit": "DAILY"
            },
            {
              "name": "MAX_REDEMPTIONS_PER_EARN_PER_CUSTOMER",
              "value": 100,
              "type": "NON_PERIOD_BASED",
              "periodType": null,
              "periodUnit": null
            }
          ],
          "issualRestrictions": [],
          "earnRestrictions": [],
          "expiryRestrictions": []
        },
        "scope": null,
        "isStackable": false,
        "isConsideredForRanking": false,
        "loyaltyEarningType": null,
        "expiryReminder": null,
        "isExclusive": false,
        "isAlwaysApply": false,
        "targetGroupIds": null,
        "targetRuleIds": null,
        "linkedTargetGroupVsTargetRuleIdMap": null
      }
    },
    {
      "id": 2095,
      "name": "R156: Rally Stride Choice_v29",
      "description": "Optum Engage|Rewardable Activity|Complete [[K]] of the following",
      "promotionStatus": "LIVE",
      "lastUpdateDate": "2024-12-03T04:49:49-05:00",
      "startRuleIdentifier": "ruleset_36ecf495-2a48-4ae1-a871-c6842bb509d0",
      "lastUpdatedBy": 4,
      "programName": "Benco Dental Company_UATDefaultProgram",
      "promotionType": "CUSTOMER",
      "programId": 197,
      "startDate": "2024-11-01T00:00-05:00",
      "endDate": "2025-12-31T00:00-05:00",
      "identifier": "a572a4dd-66d9-4adf-a0b6-8d9d21f4939f",
      "isActive": true,
      "eventName": "TARGETCOMPLETED",
      "pointsOfferType": "LOYALTY",
      "promotionRestrictions": {
        "restrictions": {
          "redemptionRestrictions": [
            {
              "name": "MAX_REDEMPTIONS_PER_EARN_PER_CUSTOMER",
              "value": 1,
              "type": "NON_PERIOD_BASED",
              "periodType": "MOVING_WINDOW",
              "periodUnit": "DAILY"
            }
          ],
          "issualRestrictions": [
            {
              "name": "MAX_NUMBER_OF_ISSUALS_PER_CUSTOMER",
              "value": 100
            }
          ],
          "earnRestrictions": [
            {
              "name": "MAX_NUMBER_OF_EARNS_PER_CUSTOMER",
              "value": 100
            },
            {
              "name": "MAX_POINTS_PER_EARN_PER_CUSTOMER",
              "value": -1
            }
          ],
          "expiryRestrictions": [
            {
              "name": "EARN_PROMOTION_EXPIRY_BASED_ON",
              "value": 0,
              "type": "PROMOTION"
            }
          ]
        },
        "scope": null,
        "isStackable": false,
        "isConsideredForRanking": false,
        "loyaltyEarningType": null,
        "expiryReminder": null,
        "isExclusive": false,
        "isAlwaysApply": true,
        "targetGroupIds": null,
        "targetRuleIds": null,
        "linkedTargetGroupVsTargetRuleIdMap": null
      }
    },
    {
      "id": 2094,
      "name": "F18: Get an Annual Physical or Preventive Screening_v29",
      "description": "Optum Engage|Rewardable Activity|Get an Annual Physical or Preventive Screening",
      "promotionStatus": "LIVE",
      "lastUpdateDate": "2024-12-06T08:43:40-05:00",
      "startRuleIdentifier": "ruleset_9d15a0b1-bee2-4a83-aacb-44d6bbefce79",
      "lastUpdatedBy": 4,
      "programName": "Benco Dental Company_UATDefaultProgram",
      "promotionType": "CUSTOMER",
      "programId": 197,
      "startDate": "2024-11-01T00:00-05:00",
      "endDate": "2025-12-31T23:59:59-05:00",
      "identifier": "e8c653d8-f45a-4838-b0f9-6caf831e2863",
      "isActive": true,
      "eventName": "TARGETCOMPLETED",
      "pointsOfferType": "GENERIC",
      "promotionRestrictions": {
        "restrictions": {
          "redemptionRestrictions": [
            {
              "name": "MAX_ALLOWED_TIMES_PER_CUSTOMER",
              "value": 1,
              "type": "NON_PERIOD_BASED",
              "periodType": "MOVING_WINDOW",
              "periodUnit": "DAILY"
            },
            {
              "name": "MAX_REDEMPTIONS_PER_EARN_PER_CUSTOMER",
              "value": 100,
              "type": "NON_PERIOD_BASED",
              "periodType": null,
              "periodUnit": null
            }
          ],
          "issualRestrictions": [],
          "earnRestrictions": [],
          "expiryRestrictions": []
        },
        "scope": null,
        "isStackable": false,
        "isConsideredForRanking": false,
        "loyaltyEarningType": null,
        "expiryReminder": null,
        "isExclusive": false,
        "isAlwaysApply": false,
        "targetGroupIds": null,
        "targetRuleIds": null,
        "linkedTargetGroupVsTargetRuleIdMap": null
      }
    },
    {
      "id": 2093,
      "name": "Custom 1: Complete Real Appeal_v29",
      "description": "Optum Engage|Rewardable Activity|Real Appeal",
      "promotionStatus": "LIVE",
      "lastUpdateDate": "2024-12-03T04:49:41-05:00",
      "startRuleIdentifier": "ruleset_a4adf197-0960-4cc5-9894-47042ad4e87d",
      "lastUpdatedBy": 4,
      "programName": "Benco Dental Company_UATDefaultProgram",
      "promotionType": "CUSTOMER",
      "programId": 197,
      "startDate": "2024-11-01T00:00-05:00",
      "endDate": "2025-12-31T00:00-05:00",
      "identifier": "7962379e-00f4-4cd2-ac88-991f483c9f99",
      "isActive": true,
      "eventName": "TARGETCOMPLETED",
      "pointsOfferType": "GENERIC",
      "promotionRestrictions": {
        "restrictions": {
          "redemptionRestrictions": [
            {
              "name": "MAX_ALLOWED_TIMES_PER_CUSTOMER",
              "value": 1,
              "type": "NON_PERIOD_BASED",
              "periodType": "MOVING_WINDOW",
              "periodUnit": "DAILY"
            },
            {
              "name": "MAX_REDEMPTIONS_PER_EARN_PER_CUSTOMER",
              "value": 100,
              "type": "NON_PERIOD_BASED",
              "periodType": null,
              "periodUnit": null
            }
          ],
          "issualRestrictions": [],
          "earnRestrictions": [],
          "expiryRestrictions": []
        },
        "scope": null,
        "isStackable": false,
        "isConsideredForRanking": false,
        "loyaltyEarningType": null,
        "expiryReminder": null,
        "isExclusive": false,
        "isAlwaysApply": false,
        "targetGroupIds": null,
        "targetRuleIds": null,
        "linkedTargetGroupVsTargetRuleIdMap": null
      }
    },
    {
      "id": 2092,
      "name": "C2: Complete a Quit for Life Program_v29",
      "description": "Optum Engage|Rewardable Activity|Quit For Life(r) Program",
      "promotionStatus": "LIVE",
      "lastUpdateDate": "2024-12-03T04:49:39-05:00",
      "startRuleIdentifier": "ruleset_1880a1d5-cdbb-422e-acc9-5714bb8fdebf",
      "lastUpdatedBy": 4,
      "programName": "Benco Dental Company_UATDefaultProgram",
      "promotionType": "CUSTOMER",
      "programId": 197,
      "startDate": "2024-11-01T00:00-05:00",
      "endDate": "2025-12-31T00:00-05:00",
      "identifier": "9f90d70c-13b8-40aa-a4a6-1b78c0862b46",
      "isActive": true,
      "eventName": "TARGETCOMPLETED",
      "pointsOfferType": "GENERIC",
      "promotionRestrictions": {
        "restrictions": {
          "redemptionRestrictions": [
            {
              "name": "MAX_ALLOWED_TIMES_PER_CUSTOMER",
              "value": 1,
              "type": "NON_PERIOD_BASED",
              "periodType": "MOVING_WINDOW",
              "periodUnit": "DAILY"
            },
            {
              "name": "MAX_REDEMPTIONS_PER_EARN_PER_CUSTOMER",
              "value": 100,
              "type": "NON_PERIOD_BASED",
              "periodType": null,
              "periodUnit": null
            }
          ],
          "issualRestrictions": [],
          "earnRestrictions": [],
          "expiryRestrictions": []
        },
        "scope": null,
        "isStackable": false,
        "isConsideredForRanking": false,
        "loyaltyEarningType": null,
        "expiryReminder": null,
        "isExclusive": false,
        "isAlwaysApply": false,
        "targetGroupIds": null,
        "targetRuleIds": null,
        "linkedTargetGroupVsTargetRuleIdMap": null
      }
    },
    {
      "id": 2091,
      "name": "F9: Complete K of the Following Quizzes_v29",
      "description": "Optum Engage|Rewardable Activity|Complete 1 of the Following Quizzes",
      "promotionStatus": "LIVE",
      "lastUpdateDate": "2024-12-03T04:49:37-05:00",
      "startRuleIdentifier": "ruleset_160673d2-d807-4b73-82c6-72b9c90a6342",
      "lastUpdatedBy": 4,
      "programName": "Benco Dental Company_UATDefaultProgram",
      "promotionType": "CUSTOMER",
      "programId": 197,
      "startDate": "2024-11-01T00:00-05:00",
      "endDate": "2025-12-31T00:00-05:00",
      "identifier": "4fecc32e-aaba-410f-bfb2-af228b2147ea",
      "isActive": true,
      "eventName": "TARGETCOMPLETED",
      "pointsOfferType": "GENERIC",
      "promotionRestrictions": {
        "restrictions": {
          "redemptionRestrictions": [
            {
              "name": "MAX_ALLOWED_TIMES_PER_CUSTOMER",
              "value": 1,
              "type": "NON_PERIOD_BASED",
              "periodType": "MOVING_WINDOW",
              "periodUnit": "DAILY"
            },
            {
              "name": "MAX_REDEMPTIONS_PER_EARN_PER_CUSTOMER",
              "value": 100,
              "type": "NON_PERIOD_BASED",
              "periodType": null,
              "periodUnit": null
            }
          ],
          "issualRestrictions": [],
          "earnRestrictions": [],
          "expiryRestrictions": []
        },
        "scope": null,
        "isStackable": false,
        "isConsideredForRanking": false,
        "loyaltyEarningType": null,
        "expiryReminder": null,
        "isExclusive": false,
        "isAlwaysApply": false,
        "targetGroupIds": null,
        "targetRuleIds": null,
        "linkedTargetGroupVsTargetRuleIdMap": null
      }
    },
    {
      "id": 2090,
      "name": "R8: Complete any 3 Rally Missions_v29",
      "description": "Optum Engage|Rewardable Activity|Complete 3 Missions",
      "promotionStatus": "LIVE",
      "lastUpdateDate": "2024-12-03T04:49:33-05:00",
      "startRuleIdentifier": "ruleset_7f87057f-1272-4194-9ecd-46264a7c902c",
      "lastUpdatedBy": 4,
      "programName": "Benco Dental Company_UATDefaultProgram",
      "promotionType": "CUSTOMER",
      "programId": 197,
      "startDate": "2024-11-01T00:00-05:00",
      "endDate": "2025-12-31T00:00-05:00",
      "identifier": "5311306f-82d3-4fed-b0fe-dd16f47cb86e",
      "isActive": true,
      "eventName": "TARGETCOMPLETED",
      "pointsOfferType": "GENERIC",
      "promotionRestrictions": {
        "restrictions": {
          "redemptionRestrictions": [
            {
              "name": "MAX_ALLOWED_TIMES_PER_CUSTOMER",
              "value": 1,
              "type": "NON_PERIOD_BASED",
              "periodType": "MOVING_WINDOW",
              "periodUnit": "DAILY"
            },
            {
              "name": "MAX_REDEMPTIONS_PER_EARN_PER_CUSTOMER",
              "value": 100,
              "type": "NON_PERIOD_BASED",
              "periodType": null,
              "periodUnit": null
            }
          ],
          "issualRestrictions": [],
          "earnRestrictions": [],
          "expiryRestrictions": []
        },
        "scope": null,
        "isStackable": false,
        "isConsideredForRanking": false,
        "loyaltyEarningType": null,
        "expiryReminder": null,
        "isExclusive": false,
        "isAlwaysApply": false,
        "targetGroupIds": null,
        "targetRuleIds": null,
        "linkedTargetGroupVsTargetRuleIdMap": null
      }
    },
    {
      "id": 2089,
      "name": "F1: Achieve Your Biometric Targets_v29",
      "description": "Optum Engage|Rewardable Activity|Biometric Targets",
      "promotionStatus": "LIVE",
      "lastUpdateDate": "2024-12-03T04:49:30-05:00",
      "startRuleIdentifier": "ruleset_edd6dfd7-313a-4672-b261-eb8f744d6f82",
      "lastUpdatedBy": 4,
      "programName": "Benco Dental Company_UATDefaultProgram",
      "promotionType": "CUSTOMER",
      "programId": 197,
      "startDate": "2024-11-01T00:00-05:00",
      "endDate": "2025-12-31T00:00-05:00",
      "identifier": "424f4ac8-d642-4d40-9786-808fbcfd9934",
      "isActive": true,
      "eventName": "TARGETCOMPLETED",
      "pointsOfferType": "GENERIC",
      "promotionRestrictions": {
        "restrictions": {
          "redemptionRestrictions": [
            {
              "name": "MAX_ALLOWED_TIMES_PER_CUSTOMER",
              "value": 1,
              "type": "NON_PERIOD_BASED",
              "periodType": "MOVING_WINDOW",
              "periodUnit": "DAILY"
            },
            {
              "name": "MAX_REDEMPTIONS_PER_EARN_PER_CUSTOMER",
              "value": 100,
              "type": "NON_PERIOD_BASED",
              "periodType": null,
              "periodUnit": null
            }
          ],
          "issualRestrictions": [],
          "earnRestrictions": [],
          "expiryRestrictions": []
        },
        "scope": null,
        "isStackable": false,
        "isConsideredForRanking": false,
        "loyaltyEarningType": null,
        "expiryReminder": null,
        "isExclusive": false,
        "isAlwaysApply": false,
        "targetGroupIds": null,
        "targetRuleIds": null,
        "linkedTargetGroupVsTargetRuleIdMap": null
      }
    },
    {
      "id": 2088,
      "name": "R9: Complete Your Health Survey_v29",
      "description": "Optum Engage|Rewardable Activity|Complete Rally Health Survey",
      "promotionStatus": "LIVE",
      "lastUpdateDate": "2024-12-03T04:49:26-05:00",
      "startRuleIdentifier": "ruleset_697b06f8-29c3-4a8a-b67d-cd21f59aed33",
      "lastUpdatedBy": 4,
      "programName": "Benco Dental Company_UATDefaultProgram",
      "promotionType": "CUSTOMER",
      "programId": 197,
      "startDate": "2024-11-01T00:00-05:00",
      "endDate": "2025-12-31T00:00-05:00",
      "identifier": "a3cad574-41a7-4432-b07d-86f553ab45f4",
      "isActive": true,
      "eventName": "TARGETCOMPLETED",
      "pointsOfferType": "GENERIC",
      "promotionRestrictions": {
        "restrictions": {
          "redemptionRestrictions": [
            {
              "name": "MAX_ALLOWED_TIMES_PER_CUSTOMER",
              "value": 1,
              "type": "NON_PERIOD_BASED",
              "periodType": "MOVING_WINDOW",
              "periodUnit": "DAILY"
            },
            {
              "name": "MAX_REDEMPTIONS_PER_EARN_PER_CUSTOMER",
              "value": 100,
              "type": "NON_PERIOD_BASED",
              "periodType": null,
              "periodUnit": null
            }
          ],
          "issualRestrictions": [],
          "earnRestrictions": [],
          "expiryRestrictions": []
        },
        "scope": null,
        "isStackable": false,
        "isConsideredForRanking": false,
        "loyaltyEarningType": null,
        "expiryReminder": null,
        "isExclusive": false,
        "isAlwaysApply": false,
        "targetGroupIds": null,
        "targetRuleIds": null,
        "linkedTargetGroupVsTargetRuleIdMap": null
      }
    }
  ],
  "pageDetails": {
    "pageNumber": 0,
    "pageSize": 100,
    "totalEntries": 10,
    "pageCount": 1
  }
}