{
  "status": {
    "code": 200,
    "message": "success"
  },
  "validationErrors": null,
  "data": [
    {
      "id": 2597,
      "name": "Custom 2: Complete Your Biometric Screening and Physical AND Complete Age-Appropriate Exams_v44",
      "description": "Optum Engage|Rewardable Activity|Level 2 Discount Activities",
      "promotionStatus": "LIVE",
      "lastUpdateDate": "2024-12-20T13:08:56-05:00",
      "startRuleIdentifier": "ruleset_36a6a269-dce0-4222-98b7-991cf4a8f094",
      "lastUpdatedBy": 4,
      "programName": "Tranzonic_UATDefaultProgram",
      "promotionType": "CUSTOMER",
      "programId": 169,
      "startDate": "2024-11-01T00:00-05:00",
      "endDate": "2025-10-15T00:00-05:00",
      "identifier": "3cf5e4c6-cffe-417a-9e7d-1a4d5376884a",
      "isActive": true,
      "eventName": "TARGETCOMPLETED",
      "pointsOfferType": "GENERIC",
      "promotionRestrictions": {
        "restrictions": {
          "redemptionRestrictions": [
            {
              "name": "MAX_ALLOWED_TIMES_PER_CUSTOMER",
              "value": 1,
              "type": "NON_PERIOD_BASED",
              "periodType": "MOVING_WINDOW",
              "periodUnit": "DAILY"
            },
            {
              "name": "MAX_REDEMPTIONS_PER_EARN_PER_CUSTOMER",
              "value": 100,
              "type": "NON_PERIOD_BASED",
              "periodType": null,
              "periodUnit": null
            }
          ],
          "issualRestrictions": [],
          "earnRestrictions": [],
          "expiryRestrictions": []
        },
        "scope": null,
        "isStackable": false,
        "isConsideredForRanking": false,
        "loyaltyEarningType": null,
        "expiryReminder": null,
        "isExclusive": false,
        "isAlwaysApply": false,
        "targetGroupIds": null,
        "targetRuleIds": null,
        "linkedTargetGroupVsTargetRuleIdMap": null
      }
    },
    {
      "id": 1825,
      "name": "Custom 2: Complete Your Biometric Screening and Physical AND Complete Age-Appropriate Exams_v24",
      "description": "Optum Engage|Rewardable Activity|Level 2 Discount Activities",
      "promotionStatus": "LIVE",
      "lastUpdateDate": "2024-11-27T06:11:06-05:00",
      "startRuleIdentifier": "ruleset_8914c1b2-4e22-4b22-b795-a6becaeb5fd4",
      "lastUpdatedBy": 4,
      "programName": "Tranzonic_UATDefaultProgram",
      "promotionType": "CUSTOMER",
      "programId": 169,
      "startDate": "2024-11-01T00:00-05:00",
      "endDate": "2025-10-15T00:00-05:00",
      "identifier": "7db1a00a-a5a5-44e8-b108-ec910349714c",
      "isActive": true,
      "eventName": "TARGETCOMPLETED",
      "pointsOfferType": "GENERIC",
      "promotionRestrictions": {
        "restrictions": {
          "redemptionRestrictions": [
            {
              "name": "MAX_ALLOWED_TIMES_PER_CUSTOMER",
              "value": 1,
              "type": "NON_PERIOD_BASED",
              "periodType": "MOVING_WINDOW",
              "periodUnit": "DAILY"
            },
            {
              "name": "MAX_REDEMPTIONS_PER_EARN_PER_CUSTOMER",
              "value": 100,
              "type": "NON_PERIOD_BASED",
              "periodType": null,
              "periodUnit": null
            }
          ],
          "issualRestrictions": [],
          "earnRestrictions": [],
          "expiryRestrictions": []
        },
        "scope": null,
        "isStackable": false,
        "isConsideredForRanking": false,
        "loyaltyEarningType": null,
        "expiryReminder": null,
        "isExclusive": false,
        "isAlwaysApply": false,
        "targetGroupIds": null,
        "targetRuleIds": null,
        "linkedTargetGroupVsTargetRuleIdMap": null
      }
    },
    {
      "id": 1824,
      "name": "Custom 1: Tobacco Free Attestation or Quit for Life AND Rally Health Survey_v24",
      "description": "Optum Engage|Rewardable Activity|Level 1 Discount Activities",
      "promotionStatus": "LIVE",
      "lastUpdateDate": "2024-11-27T06:10:59-05:00",
      "startRuleIdentifier": "ruleset_940cec39-0d72-475c-a387-cf1d421852bf",
      "lastUpdatedBy": 4,
      "programName": "Tranzonic_UATDefaultProgram",
      "promotionType": "CUSTOMER",
      "programId": 169,
      "startDate": "2024-11-01T00:00-05:00",
      "endDate": "2025-10-15T00:00-05:00",
      "identifier": "7986ee2a-55fc-488f-8e88-943df6100953",
      "isActive": true,
      "eventName": "TARGETCOMPLETED",
      "pointsOfferType": "GENERIC",
      "promotionRestrictions": {
        "restrictions": {
          "redemptionRestrictions": [
            {
              "name": "MAX_ALLOWED_TIMES_PER_CUSTOMER",
              "value": 1,
              "type": "NON_PERIOD_BASED",
              "periodType": "MOVING_WINDOW",
              "periodUnit": "DAILY"
            },
            {
              "name": "MAX_REDEMPTIONS_PER_EARN_PER_CUSTOMER",
              "value": 100,
              "type": "NON_PERIOD_BASED",
              "periodType": null,
              "periodUnit": null
            }
          ],
          "issualRestrictions": [],
          "earnRestrictions": [],
          "expiryRestrictions": []
        },
        "scope": null,
        "isStackable": false,
        "isConsideredForRanking": false,
        "loyaltyEarningType": null,
        "expiryReminder": null,
        "isExclusive": false,
        "isAlwaysApply": false,
        "targetGroupIds": null,
        "targetRuleIds": null,
        "linkedTargetGroupVsTargetRuleIdMap": null
      }
    }
  ],
  "pageDetails": {
    "pageNumber": 0,
    "pageSize": 100,
    "totalEntries": 3,
    "pageCount": 1
  }
}