{
  "status": {
    "code": 200,
    "message": "success"
  },
  "validationErrors": null,
  "data": [
    {
      "id": 1900,
      "name": "F16: Confirm You're Tobacco-Free or Complete Quit for Life_v28",
      "description": "Optum Engage|Rewardable Activity|Confirm You're Tobacco-Free",
      "promotionStatus": "LIVE",
      "lastUpdateDate": "2024-12-01T22:18:37-05:00",
      "startRuleIdentifier": "ruleset_489f4d62-e020-42e5-b759-e67e3b1b48d1",
      "lastUpdatedBy": 4,
      "programName": "IAT Insurance Group Inc_UATDefaultProgram",
      "promotionType": "CUSTOMER",
      "programId": 219,
      "startDate": "2024-11-01T00:00-05:00",
      "endDate": "2025-12-31T23:59:59-05:00",
      "identifier": "fe909889-339d-4782-b248-e5d92d229443",
      "isActive": true,
      "eventName": "TARGETCOMPLETED",
      "pointsOfferType": "GENERIC",
      "promotionRestrictions": {
        "restrictions": {
          "redemptionRestrictions": [
            {
              "name": "MAX_ALLOWED_TIMES_PER_CUSTOMER",
              "value": 1,
              "type": "NON_PERIOD_BASED",
              "periodType": "MOVING_WINDOW",
              "periodUnit": "DAILY"
            },
            {
              "name": "MAX_REDEMPTIONS_PER_EARN_PER_CUSTOMER",
              "value": 100,
              "type": "NON_PERIOD_BASED",
              "periodType": null,
              "periodUnit": null
            }
          ],
          "issualRestrictions": [],
          "earnRestrictions": [],
          "expiryRestrictions": []
        },
        "scope": null,
        "isStackable": false,
        "isConsideredForRanking": false,
        "loyaltyEarningType": null,
        "expiryReminder": null,
        "isExclusive": false,
        "isAlwaysApply": false,
        "targetGroupIds": null,
        "targetRuleIds": null,
        "linkedTargetGroupVsTargetRuleIdMap": null
      }
    },
    {
      "id": 1899,
      "name": "R8: Complete any 3 Rally Missions_v28",
      "description": "Optum Engage|Rewardable Activity|Complete 3 Missions",
      "promotionStatus": "LIVE",
      "lastUpdateDate": "2024-11-29T13:18:09-05:00",
      "startRuleIdentifier": "ruleset_bf2c91f3-9f77-4aec-ba77-ee6b089586bd",
      "lastUpdatedBy": 4,
      "programName": "IAT Insurance Group Inc_UATDefaultProgram",
      "promotionType": "CUSTOMER",
      "programId": 219,
      "startDate": "2024-11-01T00:00-05:00",
      "endDate": "2025-12-31T00:00-05:00",
      "identifier": "826f6d72-282b-4c81-a99c-98275c245729",
      "isActive": true,
      "eventName": "TARGETCOMPLETED",
      "pointsOfferType": "GENERIC",
      "promotionRestrictions": {
        "restrictions": {
          "redemptionRestrictions": [
            {
              "name": "MAX_ALLOWED_TIMES_PER_CUSTOMER",
              "value": 1,
              "type": "NON_PERIOD_BASED",
              "periodType": "MOVING_WINDOW",
              "periodUnit": "DAILY"
            },
            {
              "name": "MAX_REDEMPTIONS_PER_EARN_PER_CUSTOMER",
              "value": 100,
              "type": "NON_PERIOD_BASED",
              "periodType": null,
              "periodUnit": null
            }
          ],
          "issualRestrictions": [],
          "earnRestrictions": [],
          "expiryRestrictions": []
        },
        "scope": null,
        "isStackable": false,
        "isConsideredForRanking": false,
        "loyaltyEarningType": null,
        "expiryReminder": null,
        "isExclusive": false,
        "isAlwaysApply": false,
        "targetGroupIds": null,
        "targetRuleIds": null,
        "linkedTargetGroupVsTargetRuleIdMap": null
      }
    },
    {
      "id": 1862,
      "name": "F8: Complete Real Appeal or Wellness Coaching_v22",
      "description": "Optum Engage|Rewardable Activity|Complete 1 of the following programs",
      "promotionStatus": "LIVE",
      "lastUpdateDate": "2024-11-29T01:42:55-05:00",
      "startRuleIdentifier": "ruleset_ee421af0-518a-472c-93d0-411d674741f9",
      "lastUpdatedBy": 4,
      "programName": "IAT Insurance Group Inc_UATDefaultProgram",
      "promotionType": "CUSTOMER",
      "programId": 219,
      "startDate": "2024-11-01T00:00-05:00",
      "endDate": "2025-12-31T00:00-05:00",
      "identifier": "c4d4d4d0-d284-4217-b28c-b221422184ed",
      "isActive": true,
      "eventName": "TARGETCOMPLETED",
      "pointsOfferType": "GENERIC",
      "promotionRestrictions": {
        "restrictions": {
          "redemptionRestrictions": [
            {
              "name": "MAX_ALLOWED_TIMES_PER_CUSTOMER",
              "value": 1,
              "type": "NON_PERIOD_BASED",
              "periodType": "MOVING_WINDOW",
              "periodUnit": "DAILY"
            },
            {
              "name": "MAX_REDEMPTIONS_PER_EARN_PER_CUSTOMER",
              "value": 100,
              "type": "NON_PERIOD_BASED",
              "periodType": null,
              "periodUnit": null
            }
          ],
          "issualRestrictions": [],
          "earnRestrictions": [],
          "expiryRestrictions": []
        },
        "scope": null,
        "isStackable": false,
        "isConsideredForRanking": false,
        "loyaltyEarningType": null,
        "expiryReminder": null,
        "isExclusive": false,
        "isAlwaysApply": false,
        "targetGroupIds": null,
        "targetRuleIds": null,
        "linkedTargetGroupVsTargetRuleIdMap": null
      }
    },
    {
      "id": 1861,
      "name": "F11: Complete One of the Following Screenings_v22",
      "description": "Optum Engage|Rewardable Activity|Complete 1 of the Following Screenings",
      "promotionStatus": "LIVE",
      "lastUpdateDate": "2024-11-29T01:42:51-05:00",
      "startRuleIdentifier": "ruleset_26cc95bf-59e3-4dda-a3b2-a6e5004ab336",
      "lastUpdatedBy": 4,
      "programName": "IAT Insurance Group Inc_UATDefaultProgram",
      "promotionType": "CUSTOMER",
      "programId": 219,
      "startDate": "2024-11-01T00:00-05:00",
      "endDate": "2025-12-31T00:00-05:00",
      "identifier": "84124ee9-c6e0-40a1-b37f-b48c81899855",
      "isActive": true,
      "eventName": "TARGETCOMPLETED",
      "pointsOfferType": "GENERIC",
      "promotionRestrictions": {
        "restrictions": {
          "redemptionRestrictions": [
            {
              "name": "MAX_ALLOWED_TIMES_PER_CUSTOMER",
              "value": 1,
              "type": "NON_PERIOD_BASED",
              "periodType": "MOVING_WINDOW",
              "periodUnit": "DAILY"
            },
            {
              "name": "MAX_REDEMPTIONS_PER_EARN_PER_CUSTOMER",
              "value": 100,
              "type": "NON_PERIOD_BASED",
              "periodType": null,
              "periodUnit": null
            }
          ],
          "issualRestrictions": [],
          "earnRestrictions": [],
          "expiryRestrictions": []
        },
        "scope": null,
        "isStackable": false,
        "isConsideredForRanking": false,
        "loyaltyEarningType": null,
        "expiryReminder": null,
        "isExclusive": false,
        "isAlwaysApply": false,
        "targetGroupIds": null,
        "targetRuleIds": null,
        "linkedTargetGroupVsTargetRuleIdMap": null
      }
    },
    {
      "id": 1860,
      "name": "F17: Complete a Preventive Cancer Screening_v22",
      "description": "Optum Engage|Rewardable Activity|Complete a Preventive Cancer Screening",
      "promotionStatus": "LIVE",
      "lastUpdateDate": "2024-11-29T01:42:47-05:00",
      "startRuleIdentifier": "ruleset_3bb8894b-13ae-486c-b806-6f1e0abaee8e",
      "lastUpdatedBy": 4,
      "programName": "IAT Insurance Group Inc_UATDefaultProgram",
      "promotionType": "CUSTOMER",
      "programId": 219,
      "startDate": "2024-11-01T00:00-05:00",
      "endDate": "2025-12-31T00:00-05:00",
      "identifier": "8ef75515-e167-4943-b994-f82da2a9c97b",
      "isActive": true,
      "eventName": "TARGETCOMPLETED",
      "pointsOfferType": "GENERIC",
      "promotionRestrictions": {
        "restrictions": {
          "redemptionRestrictions": [
            {
              "name": "MAX_ALLOWED_TIMES_PER_CUSTOMER",
              "value": 1,
              "type": "NON_PERIOD_BASED",
              "periodType": "MOVING_WINDOW",
              "periodUnit": "DAILY"
            },
            {
              "name": "MAX_REDEMPTIONS_PER_EARN_PER_CUSTOMER",
              "value": 100,
              "type": "NON_PERIOD_BASED",
              "periodType": null,
              "periodUnit": null
            }
          ],
          "issualRestrictions": [],
          "earnRestrictions": [],
          "expiryRestrictions": []
        },
        "scope": null,
        "isStackable": false,
        "isConsideredForRanking": false,
        "loyaltyEarningType": null,
        "expiryReminder": null,
        "isExclusive": false,
        "isAlwaysApply": false,
        "targetGroupIds": null,
        "targetRuleIds": null,
        "linkedTargetGroupVsTargetRuleIdMap": null
      }
    },
    {
      "id": 1859,
      "name": "S3: Complete a Biometric Screening_v22",
      "description": "Optum Engage|Rewardable Activity|Complete a Biometric Health Screening (routine lab work)",
      "promotionStatus": "LIVE",
      "lastUpdateDate": "2024-11-29T01:42:42-05:00",
      "startRuleIdentifier": "ruleset_cca2b8a7-7533-4b28-b843-4303cedef3a5",
      "lastUpdatedBy": 4,
      "programName": "IAT Insurance Group Inc_UATDefaultProgram",
      "promotionType": "CUSTOMER",
      "programId": 219,
      "startDate": "2024-11-01T00:00-05:00",
      "endDate": "2025-12-31T00:00-05:00",
      "identifier": "e76aab6a-39da-4fe9-96b6-7f71b70ce79d",
      "isActive": true,
      "eventName": "TARGETCOMPLETED",
      "pointsOfferType": "GENERIC",
      "promotionRestrictions": {
        "restrictions": {
          "redemptionRestrictions": [
            {
              "name": "MAX_ALLOWED_TIMES_PER_CUSTOMER",
              "value": 1,
              "type": "NON_PERIOD_BASED",
              "periodType": "MOVING_WINDOW",
              "periodUnit": "DAILY"
            },
            {
              "name": "MAX_REDEMPTIONS_PER_EARN_PER_CUSTOMER",
              "value": 100,
              "type": "NON_PERIOD_BASED",
              "periodType": null,
              "periodUnit": null
            }
          ],
          "issualRestrictions": [],
          "earnRestrictions": [],
          "expiryRestrictions": []
        },
        "scope": null,
        "isStackable": false,
        "isConsideredForRanking": false,
        "loyaltyEarningType": null,
        "expiryReminder": null,
        "isExclusive": false,
        "isAlwaysApply": false,
        "targetGroupIds": null,
        "targetRuleIds": null,
        "linkedTargetGroupVsTargetRuleIdMap": null
      }
    },
    {
      "id": 1858,
      "name": "S2: Complete Your Annual Physical Exam (UHC Members Only)_v22",
      "description": "Optum Engage|Rewardable Activity|Get your annual checkup",
      "promotionStatus": "LIVE",
      "lastUpdateDate": "2024-11-29T01:42:39-05:00",
      "startRuleIdentifier": "ruleset_187e6583-7d69-4376-82e3-3368e9eb3405",
      "lastUpdatedBy": 4,
      "programName": "IAT Insurance Group Inc_UATDefaultProgram",
      "promotionType": "CUSTOMER",
      "programId": 219,
      "startDate": "2024-11-01T00:00-05:00",
      "endDate": "2025-12-31T00:00-05:00",
      "identifier": "cce44f3b-4bbc-43b3-860b-1d23d7ede8e4",
      "isActive": true,
      "eventName": "TARGETCOMPLETED",
      "pointsOfferType": "GENERIC",
      "promotionRestrictions": {
        "restrictions": {
          "redemptionRestrictions": [
            {
              "name": "MAX_ALLOWED_TIMES_PER_CUSTOMER",
              "value": 1,
              "type": "NON_PERIOD_BASED",
              "periodType": "MOVING_WINDOW",
              "periodUnit": "DAILY"
            },
            {
              "name": "MAX_REDEMPTIONS_PER_EARN_PER_CUSTOMER",
              "value": 100,
              "type": "NON_PERIOD_BASED",
              "periodType": null,
              "periodUnit": null
            }
          ],
          "issualRestrictions": [],
          "earnRestrictions": [],
          "expiryRestrictions": []
        },
        "scope": null,
        "isStackable": false,
        "isConsideredForRanking": false,
        "loyaltyEarningType": null,
        "expiryReminder": null,
        "isExclusive": false,
        "isAlwaysApply": false,
        "targetGroupIds": null,
        "targetRuleIds": null,
        "linkedTargetGroupVsTargetRuleIdMap": null
      }
    },
    {
      "id": 1857,
      "name": "R9: Complete Rally Health Survey_v22",
      "description": "Optum Engage|Rewardable Activity|Complete Rally Health Survey",
      "promotionStatus": "LIVE",
      "lastUpdateDate": "2024-11-29T01:42:34-05:00",
      "startRuleIdentifier": "ruleset_f110ef5f-4f4c-4359-947f-d4a63d7e44ce",
      "lastUpdatedBy": 4,
      "programName": "IAT Insurance Group Inc_UATDefaultProgram",
      "promotionType": "CUSTOMER",
      "programId": 219,
      "startDate": "2024-11-01T00:00-05:00",
      "endDate": "2025-12-31T00:00-05:00",
      "identifier": "6b7fa9d6-502d-40bb-9742-2486c935112a",
      "isActive": true,
      "eventName": "TARGETCOMPLETED",
      "pointsOfferType": "GENERIC",
      "promotionRestrictions": {
        "restrictions": {
          "redemptionRestrictions": [
            {
              "name": "MAX_ALLOWED_TIMES_PER_CUSTOMER",
              "value": 1,
              "type": "NON_PERIOD_BASED",
              "periodType": "MOVING_WINDOW",
              "periodUnit": "DAILY"
            },
            {
              "name": "MAX_REDEMPTIONS_PER_EARN_PER_CUSTOMER",
              "value": 100,
              "type": "NON_PERIOD_BASED",
              "periodType": null,
              "periodUnit": null
            }
          ],
          "issualRestrictions": [],
          "earnRestrictions": [],
          "expiryRestrictions": []
        },
        "scope": null,
        "isStackable": false,
        "isConsideredForRanking": false,
        "loyaltyEarningType": null,
        "expiryReminder": null,
        "isExclusive": false,
        "isAlwaysApply": false,
        "targetGroupIds": null,
        "targetRuleIds": null,
        "linkedTargetGroupVsTargetRuleIdMap": null
      }
    }
  ],
  "pageDetails": {
    "pageNumber": 0,
    "pageSize": 100,
    "totalEntries": 8,
    "pageCount": 1
  }
}