{
  "status": {
    "code": 200,
    "message": "success"
  },
  "validationErrors": null,
  "data": [
    {
      "id": 1973,
      "name": "R149: Verify COVID-19 shot_v28",
      "description": "Optum Engage|Self Attestation|Covid-19 Shot",
      "promotionStatus": "LIVE",
      "lastUpdateDate": "2024-12-15T14:27:20-05:00",
      "startRuleIdentifier": "ruleset_a6db6702-d4dd-4e45-be4d-7d12982deb90",
      "lastUpdatedBy": 4,
      "programName": "Labcorp_UATDefaultProgram",
      "promotionType": "CUSTOMER",
      "programId": 141,
      "startDate": "2024-11-01T00:00-05:00",
      "endDate": "2025-12-31T00:00-05:00",
      "identifier": "1c5859a3-4571-4e67-b2f1-0066b78092b4",
      "isActive": true,
      "eventName": "TARGETCOMPLETED",
      "pointsOfferType": "GENERIC",
      "promotionRestrictions": {
        "restrictions": {
          "redemptionRestrictions": [
            {
              "name": "MAX_ALLOWED_TIMES_PER_CUSTOMER",
              "value": 1,
              "type": "NON_PERIOD_BASED",
              "periodType": "MOVING_WINDOW",
              "periodUnit": "DAILY"
            },
            {
              "name": "MAX_REDEMPTIONS_PER_EARN_PER_CUSTOMER",
              "value": 100,
              "type": "NON_PERIOD_BASED",
              "periodType": "MOVING_WINDOW",
              "periodUnit": "DAILY"
            }
          ],
          "issualRestrictions": [],
          "earnRestrictions": [],
          "expiryRestrictions": []
        },
        "scope": null,
        "isStackable": false,
        "isConsideredForRanking": false,
        "loyaltyEarningType": null,
        "expiryReminder": null,
        "isExclusive": false,
        "isAlwaysApply": false,
        "targetGroupIds": null,
        "targetRuleIds": null,
        "linkedTargetGroupVsTargetRuleIdMap": null
      }
    },
    {
      "id": 1972,
      "name": "R151: Flu Shot Attestation_v28",
      "description": "Optum Engage|Self Attestation|Flu Shot",
      "promotionStatus": "LIVE",
      "lastUpdateDate": "2024-12-15T14:27:22-05:00",
      "startRuleIdentifier": "ruleset_cc43fdc8-234e-40c4-abf3-a379845e8b89",
      "lastUpdatedBy": 4,
      "programName": "Labcorp_UATDefaultProgram",
      "promotionType": "CUSTOMER",
      "programId": 141,
      "startDate": "2024-11-01T00:00-05:00",
      "endDate": "2025-12-31T00:00-05:00",
      "identifier": "56b6f6e8-0b3b-4f2b-bf79-dbf65a247676",
      "isActive": true,
      "eventName": "TARGETCOMPLETED",
      "pointsOfferType": "GENERIC",
      "promotionRestrictions": {
        "restrictions": {
          "redemptionRestrictions": [
            {
              "name": "MAX_ALLOWED_TIMES_PER_CUSTOMER",
              "value": 1,
              "type": "NON_PERIOD_BASED",
              "periodType": "MOVING_WINDOW",
              "periodUnit": "DAILY"
            },
            {
              "name": "MAX_REDEMPTIONS_PER_EARN_PER_CUSTOMER",
              "value": 100,
              "type": "NON_PERIOD_BASED",
              "periodType": "MOVING_WINDOW",
              "periodUnit": "DAILY"
            }
          ],
          "issualRestrictions": [],
          "earnRestrictions": [],
          "expiryRestrictions": []
        },
        "scope": null,
        "isStackable": false,
        "isConsideredForRanking": false,
        "loyaltyEarningType": null,
        "expiryReminder": null,
        "isExclusive": false,
        "isAlwaysApply": false,
        "targetGroupIds": null,
        "targetRuleIds": null,
        "linkedTargetGroupVsTargetRuleIdMap": null
      }
    },
    {
      "id": 1971,
      "name": "Custom 8: Use MDLIVE_v28",
      "description": "Optum Engage|Rewardable Activity|Use MDLIVE",
      "promotionStatus": "LIVE",
      "lastUpdateDate": "2024-12-15T14:27:24-05:00",
      "startRuleIdentifier": "ruleset_b7d3fcd6-12e4-495f-a9fa-8201c44fc9a1",
      "lastUpdatedBy": 4,
      "programName": "Labcorp_UATDefaultProgram",
      "promotionType": "CUSTOMER",
      "programId": 141,
      "startDate": "2024-11-01T00:00-05:00",
      "endDate": "2025-12-31T00:00-05:00",
      "identifier": "bdac8c49-d447-4a6f-8582-f4d4e7f81aa3",
      "isActive": true,
      "eventName": "TARGETCOMPLETED",
      "pointsOfferType": "GENERIC",
      "promotionRestrictions": {
        "restrictions": {
          "redemptionRestrictions": [
            {
              "name": "MAX_ALLOWED_TIMES_PER_CUSTOMER",
              "value": 1,
              "type": "NON_PERIOD_BASED",
              "periodType": "MOVING_WINDOW",
              "periodUnit": "DAILY"
            },
            {
              "name": "MAX_REDEMPTIONS_PER_EARN_PER_CUSTOMER",
              "value": 100,
              "type": "NON_PERIOD_BASED",
              "periodType": "MOVING_WINDOW",
              "periodUnit": "DAILY"
            }
          ],
          "issualRestrictions": [],
          "earnRestrictions": [],
          "expiryRestrictions": []
        },
        "scope": null,
        "isStackable": false,
        "isConsideredForRanking": false,
        "loyaltyEarningType": null,
        "expiryReminder": null,
        "isExclusive": false,
        "isAlwaysApply": false,
        "targetGroupIds": null,
        "targetRuleIds": null,
        "linkedTargetGroupVsTargetRuleIdMap": null
      }
    },
    {
      "id": 1970,
      "name": "R4: Complete any Rally Challenge_v28",
      "description": "Optum Engage|Rewardable Activity|Challenge Activity",
      "promotionStatus": "LIVE",
      "lastUpdateDate": "2024-12-15T14:27:27-05:00",
      "startRuleIdentifier": "ruleset_cbac3713-b19a-460e-9ca2-b98e67e78fbc",
      "lastUpdatedBy": 4,
      "programName": "Labcorp_UATDefaultProgram",
      "promotionType": "CUSTOMER",
      "programId": 141,
      "startDate": "2024-11-01T00:00-05:00",
      "endDate": "2025-12-31T00:00-05:00",
      "identifier": "2fef630e-00d4-4b38-8640-3f2de63616e5",
      "isActive": true,
      "eventName": "TARGETCOMPLETED",
      "pointsOfferType": "GENERIC",
      "promotionRestrictions": {
        "restrictions": {
          "redemptionRestrictions": [
            {
              "name": "MAX_ALLOWED_TIMES_PER_CUSTOMER",
              "value": 10,
              "type": "NON_PERIOD_BASED",
              "periodType": "MOVING_WINDOW",
              "periodUnit": "DAILY"
            },
            {
              "name": "MAX_REDEMPTIONS_PER_EARN_PER_CUSTOMER",
              "value": 100,
              "type": "NON_PERIOD_BASED",
              "periodType": "MOVING_WINDOW",
              "periodUnit": "DAILY"
            }
          ],
          "issualRestrictions": [],
          "earnRestrictions": [],
          "expiryRestrictions": []
        },
        "scope": null,
        "isStackable": false,
        "isConsideredForRanking": false,
        "loyaltyEarningType": null,
        "expiryReminder": null,
        "isExclusive": false,
        "isAlwaysApply": false,
        "targetGroupIds": null,
        "targetRuleIds": null,
        "linkedTargetGroupVsTargetRuleIdMap": null
      }
    },
    {
      "id": 1969,
      "name": "Custom 7: Ovia Maternity Program_v28",
      "description": "Optum Engage|Rewardable Activity|Complete Ovia Maternity Program",
      "promotionStatus": "LIVE",
      "lastUpdateDate": "2024-12-15T14:27:28-05:00",
      "startRuleIdentifier": "ruleset_ba3eaf5b-608a-4d24-9686-3c4c04422f53",
      "lastUpdatedBy": 4,
      "programName": "Labcorp_UATDefaultProgram",
      "promotionType": "CUSTOMER",
      "programId": 141,
      "startDate": "2024-11-01T00:00-05:00",
      "endDate": "2025-12-31T00:00-05:00",
      "identifier": "c0c72f3f-1764-4295-91fa-54959aa404a7",
      "isActive": true,
      "eventName": "TARGETCOMPLETED",
      "pointsOfferType": "GENERIC",
      "promotionRestrictions": {
        "restrictions": {
          "redemptionRestrictions": [
            {
              "name": "MAX_ALLOWED_TIMES_PER_CUSTOMER",
              "value": 1,
              "type": "NON_PERIOD_BASED",
              "periodType": "MOVING_WINDOW",
              "periodUnit": "DAILY"
            },
            {
              "name": "MAX_REDEMPTIONS_PER_EARN_PER_CUSTOMER",
              "value": 100,
              "type": "NON_PERIOD_BASED",
              "periodType": "MOVING_WINDOW",
              "periodUnit": "DAILY"
            }
          ],
          "issualRestrictions": [],
          "earnRestrictions": [],
          "expiryRestrictions": []
        },
        "scope": null,
        "isStackable": false,
        "isConsideredForRanking": false,
        "loyaltyEarningType": null,
        "expiryReminder": null,
        "isExclusive": false,
        "isAlwaysApply": false,
        "targetGroupIds": null,
        "targetRuleIds": null,
        "linkedTargetGroupVsTargetRuleIdMap": null
      }
    },
    {
      "id": 1968,
      "name": "C3: Complete Any Online Wellness Coaching Program_v28",
      "description": "Optum Engage|Rewardable Activity|Complete an Online Wellness Coaching Program",
      "promotionStatus": "LIVE",
      "lastUpdateDate": "2024-12-15T14:27:30-05:00",
      "startRuleIdentifier": "ruleset_e8a2c047-e878-4177-bf5f-8b34d65e8217",
      "lastUpdatedBy": 4,
      "programName": "Labcorp_UATDefaultProgram",
      "promotionType": "CUSTOMER",
      "programId": 141,
      "startDate": "2024-11-01T00:00-05:00",
      "endDate": "2025-12-31T00:00-05:00",
      "identifier": "02e64405-2375-413e-88ea-b864d4c54fef",
      "isActive": true,
      "eventName": "TARGETCOMPLETED",
      "pointsOfferType": "GENERIC",
      "promotionRestrictions": {
        "restrictions": {
          "redemptionRestrictions": [
            {
              "name": "MAX_ALLOWED_TIMES_PER_CUSTOMER",
              "value": 3,
              "type": "NON_PERIOD_BASED",
              "periodType": "MOVING_WINDOW",
              "periodUnit": "DAILY"
            },
            {
              "name": "MAX_REDEMPTIONS_PER_EARN_PER_CUSTOMER",
              "value": 100,
              "type": "NON_PERIOD_BASED",
              "periodType": "MOVING_WINDOW",
              "periodUnit": "DAILY"
            }
          ],
          "issualRestrictions": [],
          "earnRestrictions": [],
          "expiryRestrictions": []
        },
        "scope": null,
        "isStackable": false,
        "isConsideredForRanking": false,
        "loyaltyEarningType": null,
        "expiryReminder": null,
        "isExclusive": false,
        "isAlwaysApply": false,
        "targetGroupIds": null,
        "targetRuleIds": null,
        "linkedTargetGroupVsTargetRuleIdMap": null
      }
    },
    {
      "id": 1967,
      "name": "C9: Complete Any Personal Wellness Coaching Program_v28",
      "description": "Optum Engage|Rewardable Activity|Complete a Wellness Coaching Program",
      "promotionStatus": "LIVE",
      "lastUpdateDate": "2024-12-15T14:27:32-05:00",
      "startRuleIdentifier": "ruleset_9e2b47e2-a19d-4858-a139-013bb6d0a834",
      "lastUpdatedBy": 4,
      "programName": "Labcorp_UATDefaultProgram",
      "promotionType": "CUSTOMER",
      "programId": 141,
      "startDate": "2024-11-01T00:00-05:00",
      "endDate": "2025-12-31T00:00-05:00",
      "identifier": "73a5f931-ba5b-4d96-8d2a-7fa7bd565265",
      "isActive": true,
      "eventName": "TARGETCOMPLETED",
      "pointsOfferType": "GENERIC",
      "promotionRestrictions": {
        "restrictions": {
          "redemptionRestrictions": [
            {
              "name": "MAX_ALLOWED_TIMES_PER_CUSTOMER",
              "value": 3,
              "type": "NON_PERIOD_BASED",
              "periodType": "MOVING_WINDOW",
              "periodUnit": "DAILY"
            },
            {
              "name": "MAX_REDEMPTIONS_PER_EARN_PER_CUSTOMER",
              "value": 100,
              "type": "NON_PERIOD_BASED",
              "periodType": "MOVING_WINDOW",
              "periodUnit": "DAILY"
            }
          ],
          "issualRestrictions": [],
          "earnRestrictions": [],
          "expiryRestrictions": []
        },
        "scope": null,
        "isStackable": false,
        "isConsideredForRanking": false,
        "loyaltyEarningType": null,
        "expiryReminder": null,
        "isExclusive": false,
        "isAlwaysApply": false,
        "targetGroupIds": null,
        "targetRuleIds": null,
        "linkedTargetGroupVsTargetRuleIdMap": null
      }
    },
    {
      "id": 1966,
      "name": "S12: Preventive Eye Exam_v28",
      "description": "Optum Engage|Rewardable Activity|Complete Your Comprehensive Preventive Eye Exam",
      "promotionStatus": "LIVE",
      "lastUpdateDate": "2024-12-15T14:27:34-05:00",
      "startRuleIdentifier": "ruleset_66a0f710-48d7-455d-a127-b08d90f482d0",
      "lastUpdatedBy": 4,
      "programName": "Labcorp_UATDefaultProgram",
      "promotionType": "CUSTOMER",
      "programId": 141,
      "startDate": "2024-11-01T00:00-05:00",
      "endDate": "2025-12-31T00:00-05:00",
      "identifier": "485c9733-a4b2-4918-a551-e81f69a96c02",
      "isActive": true,
      "eventName": "TARGETCOMPLETED",
      "pointsOfferType": "GENERIC",
      "promotionRestrictions": {
        "restrictions": {
          "redemptionRestrictions": [
            {
              "name": "MAX_ALLOWED_TIMES_PER_CUSTOMER",
              "value": 1,
              "type": "NON_PERIOD_BASED",
              "periodType": "MOVING_WINDOW",
              "periodUnit": "DAILY"
            },
            {
              "name": "MAX_REDEMPTIONS_PER_EARN_PER_CUSTOMER",
              "value": 100,
              "type": "NON_PERIOD_BASED",
              "periodType": "MOVING_WINDOW",
              "periodUnit": "DAILY"
            }
          ],
          "issualRestrictions": [],
          "earnRestrictions": [],
          "expiryRestrictions": []
        },
        "scope": null,
        "isStackable": false,
        "isConsideredForRanking": false,
        "loyaltyEarningType": null,
        "expiryReminder": null,
        "isExclusive": false,
        "isAlwaysApply": false,
        "targetGroupIds": null,
        "targetRuleIds": null,
        "linkedTargetGroupVsTargetRuleIdMap": null
      }
    },
    {
      "id": 1965,
      "name": "Custom 6: Complete a Dental Cleaning_v28",
      "description": "Optum Engage|Rewardable Activity|Visit the Dentist",
      "promotionStatus": "LIVE",
      "lastUpdateDate": "2024-12-15T14:27:36-05:00",
      "startRuleIdentifier": "ruleset_e3da327b-fc89-4cdc-b902-ef34eae9a593",
      "lastUpdatedBy": 4,
      "programName": "Labcorp_UATDefaultProgram",
      "promotionType": "CUSTOMER",
      "programId": 141,
      "startDate": "2024-11-01T00:00-05:00",
      "endDate": "2025-12-31T00:00-05:00",
      "identifier": "37a2a577-bc54-4e78-af45-0bb52c05732b",
      "isActive": true,
      "eventName": "TARGETCOMPLETED",
      "pointsOfferType": "GENERIC",
      "promotionRestrictions": {
        "restrictions": {
          "redemptionRestrictions": [
            {
              "name": "MAX_ALLOWED_TIMES_PER_CUSTOMER",
              "value": 1,
              "type": "PERIOD_BASED",
              "periodType": "MOVING_WINDOW",
              "periodUnit": "MONTHLY"
            },
            {
              "name": "MAX_REDEMPTIONS_PER_EARN_PER_CUSTOMER",
              "value": 100,
              "type": "NON_PERIOD_BASED",
              "periodType": "MOVING_WINDOW",
              "periodUnit": "DAILY"
            }
          ],
          "issualRestrictions": [],
          "earnRestrictions": [],
          "expiryRestrictions": []
        },
        "scope": null,
        "isStackable": false,
        "isConsideredForRanking": false,
        "loyaltyEarningType": null,
        "expiryReminder": null,
        "isExclusive": false,
        "isAlwaysApply": false,
        "targetGroupIds": null,
        "targetRuleIds": null,
        "linkedTargetGroupVsTargetRuleIdMap": null
      }
    },
    {
      "id": 1964,
      "name": "C1: Complete a Personal Health Action_v28",
      "description": "Optum Engage|Rewardable Activity|Personalized Health Action",
      "promotionStatus": "LIVE",
      "lastUpdateDate": "2024-12-15T14:27:37-05:00",
      "startRuleIdentifier": "ruleset_4335d1ba-a1ee-48e9-821f-6710fb939b61",
      "lastUpdatedBy": 4,
      "programName": "Labcorp_UATDefaultProgram",
      "promotionType": "CUSTOMER",
      "programId": 141,
      "startDate": "2024-11-01T00:00-05:00",
      "endDate": "2025-12-31T00:00-05:00",
      "identifier": "89629b17-2357-40a7-b40c-a55db36b4ce6",
      "isActive": true,
      "eventName": "TARGETCOMPLETED",
      "pointsOfferType": "GENERIC",
      "promotionRestrictions": {
        "restrictions": {
          "redemptionRestrictions": [
            {
              "name": "MAX_ALLOWED_TIMES_PER_CUSTOMER",
              "value": 1,
              "type": "NON_PERIOD_BASED",
              "periodType": "MOVING_WINDOW",
              "periodUnit": "DAILY"
            },
            {
              "name": "MAX_REDEMPTIONS_PER_EARN_PER_CUSTOMER",
              "value": 100,
              "type": "NON_PERIOD_BASED",
              "periodType": "MOVING_WINDOW",
              "periodUnit": "DAILY"
            }
          ],
          "issualRestrictions": [],
          "earnRestrictions": [],
          "expiryRestrictions": []
        },
        "scope": null,
        "isStackable": false,
        "isConsideredForRanking": false,
        "loyaltyEarningType": null,
        "expiryReminder": null,
        "isExclusive": false,
        "isAlwaysApply": false,
        "targetGroupIds": null,
        "targetRuleIds": null,
        "linkedTargetGroupVsTargetRuleIdMap": null
      }
    },
    {
      "id": 1963,
      "name": "C2: Complete Quit for Life_v28",
      "description": "Optum Engage|Rewardable Activity|Quit For Life(r) Program",
      "promotionStatus": "LIVE",
      "lastUpdateDate": "2024-12-15T14:27:38-05:00",
      "startRuleIdentifier": "ruleset_06f705e0-de9b-4c07-9b15-42a78191dbf7",
      "lastUpdatedBy": 4,
      "programName": "Labcorp_UATDefaultProgram",
      "promotionType": "CUSTOMER",
      "programId": 141,
      "startDate": "2024-11-01T00:00-05:00",
      "endDate": "2025-12-31T00:00-05:00",
      "identifier": "5b9d9f64-c0b4-479e-80e8-e8a392a251e0",
      "isActive": true,
      "eventName": "TARGETCOMPLETED",
      "pointsOfferType": "GENERIC",
      "promotionRestrictions": {
        "restrictions": {
          "redemptionRestrictions": [
            {
              "name": "MAX_ALLOWED_TIMES_PER_CUSTOMER",
              "value": 1,
              "type": "NON_PERIOD_BASED",
              "periodType": "MOVING_WINDOW",
              "periodUnit": "DAILY"
            },
            {
              "name": "MAX_REDEMPTIONS_PER_EARN_PER_CUSTOMER",
              "value": 100,
              "type": "NON_PERIOD_BASED",
              "periodType": "MOVING_WINDOW",
              "periodUnit": "DAILY"
            }
          ],
          "issualRestrictions": [],
          "earnRestrictions": [],
          "expiryRestrictions": []
        },
        "scope": null,
        "isStackable": false,
        "isConsideredForRanking": false,
        "loyaltyEarningType": null,
        "expiryReminder": null,
        "isExclusive": false,
        "isAlwaysApply": false,
        "targetGroupIds": null,
        "targetRuleIds": null,
        "linkedTargetGroupVsTargetRuleIdMap": null
      }
    },
    {
      "id": 1962,
      "name": "R8: Complete Any 3 Rally Missions_v28_1",
      "description": "Optum Engage|Rewardable Activity|Complete 3 Missions",
      "promotionStatus": "LIVE",
      "lastUpdateDate": "2024-12-15T14:27:39-05:00",
      "startRuleIdentifier": "ruleset_ff0131f1-b61d-45b9-92b6-f61f16ef53ec",
      "lastUpdatedBy": 4,
      "programName": "Labcorp_UATDefaultProgram",
      "promotionType": "CUSTOMER",
      "programId": 141,
      "startDate": "2024-11-01T00:00-05:00",
      "endDate": "2025-12-31T00:00-05:00",
      "identifier": "af29d34d-1d2d-46b7-ab20-2fef8735f28b",
      "isActive": true,
      "eventName": "TARGETCOMPLETED",
      "pointsOfferType": "GENERIC",
      "promotionRestrictions": {
        "restrictions": {
          "redemptionRestrictions": [
            {
              "name": "MAX_ALLOWED_TIMES_PER_CUSTOMER",
              "value": 1,
              "type": "NON_PERIOD_BASED",
              "periodType": "MOVING_WINDOW",
              "periodUnit": "DAILY"
            },
            {
              "name": "MAX_REDEMPTIONS_PER_EARN_PER_CUSTOMER",
              "value": 100,
              "type": "NON_PERIOD_BASED",
              "periodType": "MOVING_WINDOW",
              "periodUnit": "DAILY"
            }
          ],
          "issualRestrictions": [],
          "earnRestrictions": [],
          "expiryRestrictions": []
        },
        "scope": null,
        "isStackable": false,
        "isConsideredForRanking": false,
        "loyaltyEarningType": null,
        "expiryReminder": null,
        "isExclusive": false,
        "isAlwaysApply": false,
        "targetGroupIds": null,
        "targetRuleIds": null,
        "linkedTargetGroupVsTargetRuleIdMap": null
      }
    },
    {
      "id": 1961,
      "name": "R8: Complete Any 3 Rally Missions_v28",
      "description": "Optum Engage|Rewardable Activity|Complete 3 Missions",
      "promotionStatus": "LIVE",
      "lastUpdateDate": "2024-12-15T14:27:41-05:00",
      "startRuleIdentifier": "ruleset_12adcd0b-1826-4ef2-bc0f-00f46c4ba929",
      "lastUpdatedBy": 4,
      "programName": "Labcorp_UATDefaultProgram",
      "promotionType": "CUSTOMER",
      "programId": 141,
      "startDate": "2024-11-01T00:00-05:00",
      "endDate": "2025-12-31T00:00-05:00",
      "identifier": "7247a3f2-43d6-4a04-8eb3-70c90962a625",
      "isActive": true,
      "eventName": "TARGETCOMPLETED",
      "pointsOfferType": "GENERIC",
      "promotionRestrictions": {
        "restrictions": {
          "redemptionRestrictions": [
            {
              "name": "MAX_ALLOWED_TIMES_PER_CUSTOMER",
              "value": 1,
              "type": "NON_PERIOD_BASED",
              "periodType": "MOVING_WINDOW",
              "periodUnit": "DAILY"
            },
            {
              "name": "MAX_REDEMPTIONS_PER_EARN_PER_CUSTOMER",
              "value": 100,
              "type": "NON_PERIOD_BASED",
              "periodType": "MOVING_WINDOW",
              "periodUnit": "DAILY"
            }
          ],
          "issualRestrictions": [],
          "earnRestrictions": [],
          "expiryRestrictions": []
        },
        "scope": null,
        "isStackable": false,
        "isConsideredForRanking": false,
        "loyaltyEarningType": null,
        "expiryReminder": null,
        "isExclusive": false,
        "isAlwaysApply": false,
        "targetGroupIds": null,
        "targetRuleIds": null,
        "linkedTargetGroupVsTargetRuleIdMap": null
      }
    },
    {
      "id": 1960,
      "name": "Custom 9: Skin Cancer Screening_v28",
      "description": "Optum Engage|Rewardable Activity|Complete a Skin Cancer Screening",
      "promotionStatus": "LIVE",
      "lastUpdateDate": "2024-12-15T14:27:42-05:00",
      "startRuleIdentifier": "ruleset_b443ffdd-297d-4bf0-97df-d07dd8e8def7",
      "lastUpdatedBy": 4,
      "programName": "Labcorp_UATDefaultProgram",
      "promotionType": "CUSTOMER",
      "programId": 141,
      "startDate": "2024-11-01T00:00-05:00",
      "endDate": "2025-12-31T00:00-05:00",
      "identifier": "f0add84c-a358-4ae1-b930-3f3ff6bb1bfb",
      "isActive": true,
      "eventName": "TARGETCOMPLETED",
      "pointsOfferType": "GENERIC",
      "promotionRestrictions": {
        "restrictions": {
          "redemptionRestrictions": [
            {
              "name": "MAX_ALLOWED_TIMES_PER_CUSTOMER",
              "value": 1,
              "type": "NON_PERIOD_BASED",
              "periodType": "MOVING_WINDOW",
              "periodUnit": "DAILY"
            },
            {
              "name": "MAX_REDEMPTIONS_PER_EARN_PER_CUSTOMER",
              "value": 100,
              "type": "NON_PERIOD_BASED",
              "periodType": "MOVING_WINDOW",
              "periodUnit": "DAILY"
            }
          ],
          "issualRestrictions": [],
          "earnRestrictions": [],
          "expiryRestrictions": []
        },
        "scope": null,
        "isStackable": false,
        "isConsideredForRanking": false,
        "loyaltyEarningType": null,
        "expiryReminder": null,
        "isExclusive": false,
        "isAlwaysApply": false,
        "targetGroupIds": null,
        "targetRuleIds": null,
        "linkedTargetGroupVsTargetRuleIdMap": null
      }
    },
    {
      "id": 1959,
      "name": "S6: Colorectal Cancer Screening_v28",
      "description": "Optum Engage|Rewardable Activity|Colorectal Cancer Screening",
      "promotionStatus": "LIVE",
      "lastUpdateDate": "2024-12-15T14:27:43-05:00",
      "startRuleIdentifier": "ruleset_57af5bc3-7682-4799-99d7-e5fbf53ae06b",
      "lastUpdatedBy": 4,
      "programName": "Labcorp_UATDefaultProgram",
      "promotionType": "CUSTOMER",
      "programId": 141,
      "startDate": "2024-11-01T00:00-05:00",
      "endDate": "2025-12-31T00:00-05:00",
      "identifier": "9ce24dfd-974f-4ca7-a5e6-79ac0730c6cf",
      "isActive": true,
      "eventName": "TARGETCOMPLETED",
      "pointsOfferType": "GENERIC",
      "promotionRestrictions": {
        "restrictions": {
          "redemptionRestrictions": [
            {
              "name": "MAX_ALLOWED_TIMES_PER_CUSTOMER",
              "value": 1,
              "type": "NON_PERIOD_BASED",
              "periodType": "MOVING_WINDOW",
              "periodUnit": "DAILY"
            },
            {
              "name": "MAX_REDEMPTIONS_PER_EARN_PER_CUSTOMER",
              "value": 100,
              "type": "NON_PERIOD_BASED",
              "periodType": "MOVING_WINDOW",
              "periodUnit": "DAILY"
            }
          ],
          "issualRestrictions": [],
          "earnRestrictions": [],
          "expiryRestrictions": []
        },
        "scope": null,
        "isStackable": false,
        "isConsideredForRanking": false,
        "loyaltyEarningType": null,
        "expiryReminder": null,
        "isExclusive": false,
        "isAlwaysApply": false,
        "targetGroupIds": null,
        "targetRuleIds": null,
        "linkedTargetGroupVsTargetRuleIdMap": null
      }
    },
    {
      "id": 1958,
      "name": "F22: Mammogram_v28",
      "description": "Optum Engage|Rewardable Activity|Complete 1 of the following",
      "promotionStatus": "LIVE",
      "lastUpdateDate": "2024-12-15T14:27:44-05:00",
      "startRuleIdentifier": "ruleset_36b68163-99af-4e1c-9525-8adc69090b10",
      "lastUpdatedBy": 4,
      "programName": "Labcorp_UATDefaultProgram",
      "promotionType": "CUSTOMER",
      "programId": 141,
      "startDate": "2024-11-01T00:00-05:00",
      "endDate": "2025-12-31T00:00-05:00",
      "identifier": "2dba79d6-c2bd-4465-9b22-8f08e2b5d506",
      "isActive": true,
      "eventName": "TARGETCOMPLETED",
      "pointsOfferType": "GENERIC",
      "promotionRestrictions": {
        "restrictions": {
          "redemptionRestrictions": [
            {
              "name": "MAX_ALLOWED_TIMES_PER_CUSTOMER",
              "value": 1,
              "type": "NON_PERIOD_BASED",
              "periodType": "MOVING_WINDOW",
              "periodUnit": "DAILY"
            },
            {
              "name": "MAX_REDEMPTIONS_PER_EARN_PER_CUSTOMER",
              "value": 100,
              "type": "NON_PERIOD_BASED",
              "periodType": "MOVING_WINDOW",
              "periodUnit": "DAILY"
            }
          ],
          "issualRestrictions": [],
          "earnRestrictions": [],
          "expiryRestrictions": []
        },
        "scope": null,
        "isStackable": false,
        "isConsideredForRanking": false,
        "loyaltyEarningType": null,
        "expiryReminder": null,
        "isExclusive": false,
        "isAlwaysApply": false,
        "targetGroupIds": null,
        "targetRuleIds": null,
        "linkedTargetGroupVsTargetRuleIdMap": null
      }
    },
    {
      "id": 1957,
      "name": "F21: Cervical Screening_v28",
      "description": "Optum Engage|Rewardable Activity|Complete 1 of the following",
      "promotionStatus": "LIVE",
      "lastUpdateDate": "2024-12-15T14:27:45-05:00",
      "startRuleIdentifier": "ruleset_e547e418-76f4-442c-b19f-5a330a8bfe7c",
      "lastUpdatedBy": 4,
      "programName": "Labcorp_UATDefaultProgram",
      "promotionType": "CUSTOMER",
      "programId": 141,
      "startDate": "2024-11-01T00:00-05:00",
      "endDate": "2025-12-31T00:00-05:00",
      "identifier": "f21e2ff0-d61f-4ca3-bebb-7a16928c2279",
      "isActive": true,
      "eventName": "TARGETCOMPLETED",
      "pointsOfferType": "GENERIC",
      "promotionRestrictions": {
        "restrictions": {
          "redemptionRestrictions": [
            {
              "name": "MAX_ALLOWED_TIMES_PER_CUSTOMER",
              "value": 1,
              "type": "NON_PERIOD_BASED",
              "periodType": "MOVING_WINDOW",
              "periodUnit": "DAILY"
            },
            {
              "name": "MAX_REDEMPTIONS_PER_EARN_PER_CUSTOMER",
              "value": 100,
              "type": "NON_PERIOD_BASED",
              "periodType": "MOVING_WINDOW",
              "periodUnit": "DAILY"
            }
          ],
          "issualRestrictions": [],
          "earnRestrictions": [],
          "expiryRestrictions": []
        },
        "scope": null,
        "isStackable": false,
        "isConsideredForRanking": false,
        "loyaltyEarningType": null,
        "expiryReminder": null,
        "isExclusive": false,
        "isAlwaysApply": false,
        "targetGroupIds": null,
        "targetRuleIds": null,
        "linkedTargetGroupVsTargetRuleIdMap": null
      }
    },
    {
      "id": 1956,
      "name": "F25: Annual Physical_v28",
      "description": "Optum Engage|Rewardable Activity|Complete 1 of the Following",
      "promotionStatus": "LIVE",
      "lastUpdateDate": "2024-12-15T14:27:47-05:00",
      "startRuleIdentifier": "ruleset_1cb239e2-45cd-4bec-b093-0cdfa9ff1381",
      "lastUpdatedBy": 4,
      "programName": "Labcorp_UATDefaultProgram",
      "promotionType": "CUSTOMER",
      "programId": 141,
      "startDate": "2024-11-01T00:00-05:00",
      "endDate": "2025-12-31T00:00-05:00",
      "identifier": "fc175dde-90e2-484b-b607-de7802a110a5",
      "isActive": true,
      "eventName": "TARGETCOMPLETED",
      "pointsOfferType": "GENERIC",
      "promotionRestrictions": {
        "restrictions": {
          "redemptionRestrictions": [
            {
              "name": "MAX_ALLOWED_TIMES_PER_CUSTOMER",
              "value": 1,
              "type": "NON_PERIOD_BASED",
              "periodType": "MOVING_WINDOW",
              "periodUnit": "DAILY"
            },
            {
              "name": "MAX_REDEMPTIONS_PER_EARN_PER_CUSTOMER",
              "value": 100,
              "type": "NON_PERIOD_BASED",
              "periodType": "MOVING_WINDOW",
              "periodUnit": "DAILY"
            }
          ],
          "issualRestrictions": [],
          "earnRestrictions": [],
          "expiryRestrictions": []
        },
        "scope": null,
        "isStackable": false,
        "isConsideredForRanking": false,
        "loyaltyEarningType": null,
        "expiryReminder": null,
        "isExclusive": false,
        "isAlwaysApply": false,
        "targetGroupIds": null,
        "targetRuleIds": null,
        "linkedTargetGroupVsTargetRuleIdMap": null
      }
    },
    {
      "id": 1955,
      "name": "Custom 1: FITNESS REIMBURSEMENT_v28",
      "description": "Optum Engage|Rewardable Activity|FITNESS REIMBURSEMENT",
      "promotionStatus": "LIVE",
      "lastUpdateDate": "2024-12-15T14:27:48-05:00",
      "startRuleIdentifier": "ruleset_f9fdc408-d911-4440-837c-cc783f9fb302",
      "lastUpdatedBy": 4,
      "programName": "Labcorp_UATDefaultProgram",
      "promotionType": "CUSTOMER",
      "programId": 141,
      "startDate": "2024-11-01T00:00-05:00",
      "endDate": "2025-01-31T00:00-05:00",
      "identifier": "ff44e125-5f21-47a8-856a-92fc6890164a",
      "isActive": true,
      "eventName": "TARGETCOMPLETED",
      "pointsOfferType": "GENERIC",
      "promotionRestrictions": {
        "restrictions": {
          "redemptionRestrictions": [
            {
              "name": "MAX_ALLOWED_TIMES_PER_CUSTOMER",
              "value": 1,
              "type": "NON_PERIOD_BASED",
              "periodType": "MOVING_WINDOW",
              "periodUnit": "DAILY"
            },
            {
              "name": "MAX_REDEMPTIONS_PER_EARN_PER_CUSTOMER",
              "value": 100,
              "type": "NON_PERIOD_BASED",
              "periodType": "MOVING_WINDOW",
              "periodUnit": "DAILY"
            }
          ],
          "issualRestrictions": [],
          "earnRestrictions": [],
          "expiryRestrictions": []
        },
        "scope": null,
        "isStackable": false,
        "isConsideredForRanking": false,
        "loyaltyEarningType": null,
        "expiryReminder": null,
        "isExclusive": false,
        "isAlwaysApply": false,
        "targetGroupIds": null,
        "targetRuleIds": null,
        "linkedTargetGroupVsTargetRuleIdMap": null
      }
    }
  ],
  "pageDetails": {
    "pageNumber": 0,
    "pageSize": 100,
    "totalEntries": 19,
    "pageCount": 1
  }
}