{
  "status": {
    "code": 200,
    "message": "success"
  },
  "validationErrors": null,
  "data": [
    {
      "id": 1594,
      "name": "B18: Achieve Glucose Target_v13",
      "description": "Optum Engage|Rewardable Activity|Achieve Your Total Blood Glucose Target",
      "promotionStatus": "LIVE",
      "lastUpdateDate": "2024-12-15T14:20:26-05:00",
      "startRuleIdentifier": "ruleset_2ee3b4ed-d059-4459-af5c-caccc7ab8b7c",
      "lastUpdatedBy": 4,
      "programName": "Albemarle Corporation_UATDefaultProgram",
      "promotionType": "CUSTOMER",
      "programId": 165,
      "startDate": "2024-11-01T00:00-05:00",
      "endDate": "2025-12-31T00:00-05:00",
      "identifier": "2eb0f554-8aae-42c0-b246-527d6941fab8",
      "isActive": true,
      "eventName": "TARGETCOMPLETED",
      "pointsOfferType": "GENERIC",
      "promotionRestrictions": {
        "restrictions": {
          "redemptionRestrictions": [
            {
              "name": "MAX_ALLOWED_TIMES_PER_CUSTOMER",
              "value": 1,
              "type": "NON_PERIOD_BASED",
              "periodType": "MOVING_WINDOW",
              "periodUnit": "DAILY"
            },
            {
              "name": "MAX_REDEMPTIONS_PER_EARN_PER_CUSTOMER",
              "value": 100,
              "type": "NON_PERIOD_BASED",
              "periodType": "MOVING_WINDOW",
              "periodUnit": "DAILY"
            }
          ],
          "issualRestrictions": [],
          "earnRestrictions": [],
          "expiryRestrictions": []
        },
        "scope": null,
        "isStackable": false,
        "isConsideredForRanking": false,
        "loyaltyEarningType": null,
        "expiryReminder": null,
        "isExclusive": false,
        "isAlwaysApply": false,
        "targetGroupIds": null,
        "targetRuleIds": null,
        "linkedTargetGroupVsTargetRuleIdMap": null
      }
    },
    {
      "id": 1593,
      "name": "B11: Achieve Cholesterol Target_v13",
      "description": "Optum Engage|Rewardable Activity|Achieve Your Total Cholesterol Target",
      "promotionStatus": "LIVE",
      "lastUpdateDate": "2024-12-15T14:20:27-05:00",
      "startRuleIdentifier": "ruleset_393445ce-cf3b-4c05-affd-d1db806050d1",
      "lastUpdatedBy": 4,
      "programName": "Albemarle Corporation_UATDefaultProgram",
      "promotionType": "CUSTOMER",
      "programId": 165,
      "startDate": "2024-11-01T00:00-05:00",
      "endDate": "2025-12-31T00:00-05:00",
      "identifier": "0f2748f7-1479-42dd-9ce1-8b9c614ff680",
      "isActive": true,
      "eventName": "TARGETCOMPLETED",
      "pointsOfferType": "GENERIC",
      "promotionRestrictions": {
        "restrictions": {
          "redemptionRestrictions": [
            {
              "name": "MAX_ALLOWED_TIMES_PER_CUSTOMER",
              "value": 1,
              "type": "NON_PERIOD_BASED",
              "periodType": "MOVING_WINDOW",
              "periodUnit": "DAILY"
            },
            {
              "name": "MAX_REDEMPTIONS_PER_EARN_PER_CUSTOMER",
              "value": 100,
              "type": "NON_PERIOD_BASED",
              "periodType": "MOVING_WINDOW",
              "periodUnit": "DAILY"
            }
          ],
          "issualRestrictions": [],
          "earnRestrictions": [],
          "expiryRestrictions": []
        },
        "scope": null,
        "isStackable": false,
        "isConsideredForRanking": false,
        "loyaltyEarningType": null,
        "expiryReminder": null,
        "isExclusive": false,
        "isAlwaysApply": false,
        "targetGroupIds": null,
        "targetRuleIds": null,
        "linkedTargetGroupVsTargetRuleIdMap": null
      }
    },
    {
      "id": 1592,
      "name": "Custom 1: Achieve Blood Pressure Target_v13",
      "description": "Optum Engage|Rewardable Activity|Lower the Pressure, Earn Rewards",
      "promotionStatus": "LIVE",
      "lastUpdateDate": "2024-12-15T14:20:28-05:00",
      "startRuleIdentifier": "ruleset_4ce95d2d-2029-40b8-b060-c2940d755589",
      "lastUpdatedBy": 4,
      "programName": "Albemarle Corporation_UATDefaultProgram",
      "promotionType": "CUSTOMER",
      "programId": 165,
      "startDate": "2024-11-01T00:00-05:00",
      "endDate": "2025-12-31T00:00-05:00",
      "identifier": "aec4ea49-cde9-44fb-b7e6-0ffada8365f2",
      "isActive": true,
      "eventName": "TARGETCOMPLETED",
      "pointsOfferType": "GENERIC",
      "promotionRestrictions": {
        "restrictions": {
          "redemptionRestrictions": [
            {
              "name": "MAX_ALLOWED_TIMES_PER_CUSTOMER",
              "value": 1,
              "type": "NON_PERIOD_BASED",
              "periodType": "MOVING_WINDOW",
              "periodUnit": "DAILY"
            },
            {
              "name": "MAX_REDEMPTIONS_PER_EARN_PER_CUSTOMER",
              "value": 100,
              "type": "NON_PERIOD_BASED",
              "periodType": "MOVING_WINDOW",
              "periodUnit": "DAILY"
            }
          ],
          "issualRestrictions": [],
          "earnRestrictions": [],
          "expiryRestrictions": []
        },
        "scope": null,
        "isStackable": false,
        "isConsideredForRanking": false,
        "loyaltyEarningType": null,
        "expiryReminder": null,
        "isExclusive": false,
        "isAlwaysApply": false,
        "targetGroupIds": null,
        "targetRuleIds": null,
        "linkedTargetGroupVsTargetRuleIdMap": null
      }
    },
    {
      "id": 1575,
      "name": "Custom 3: Complete a Burnalong Challenge Attestation_v13",
      "description": "Optum Engage|Rewardable Activity|{LOOKUP IN IDT EVENTS MASTER}",
      "promotionStatus": "LIVE",
      "lastUpdateDate": "2024-12-15T14:20:30-05:00",
      "startRuleIdentifier": "ruleset_9ea7591d-f1f5-42db-ab0a-0be36fc3ba69",
      "lastUpdatedBy": 4,
      "programName": "Albemarle Corporation_UATDefaultProgram",
      "promotionType": "CUSTOMER",
      "programId": 165,
      "startDate": "2024-11-01T00:00-05:00",
      "endDate": "2025-12-31T00:00-05:00",
      "identifier": "8105d179-3197-4323-8371-6707067f02f1",
      "isActive": true,
      "eventName": "TARGETCOMPLETED",
      "pointsOfferType": "GENERIC",
      "promotionRestrictions": {
        "restrictions": {
          "redemptionRestrictions": [
            {
              "name": "MAX_ALLOWED_TIMES_PER_CUSTOMER",
              "value": 1,
              "type": "NON_PERIOD_BASED",
              "periodType": "MOVING_WINDOW",
              "periodUnit": "DAILY"
            },
            {
              "name": "MAX_REDEMPTIONS_PER_EARN_PER_CUSTOMER",
              "value": 100,
              "type": "NON_PERIOD_BASED",
              "periodType": "MOVING_WINDOW",
              "periodUnit": "DAILY"
            }
          ],
          "issualRestrictions": [],
          "earnRestrictions": [],
          "expiryRestrictions": []
        },
        "scope": null,
        "isStackable": false,
        "isConsideredForRanking": false,
        "loyaltyEarningType": null,
        "expiryReminder": null,
        "isExclusive": false,
        "isAlwaysApply": false,
        "targetGroupIds": null,
        "targetRuleIds": null,
        "linkedTargetGroupVsTargetRuleIdMap": null
      }
    },
    {
      "id": 1574,
      "name": "C11: Maven Maternity_v13",
      "description": "Optum Engage|Rewardable Activity|Complete Maven\u2019s postpartum assessment",
      "promotionStatus": "LIVE",
      "lastUpdateDate": "2024-12-15T14:20:32-05:00",
      "startRuleIdentifier": "ruleset_cbaa8b2d-d85d-4423-91de-02456d06bfc6",
      "lastUpdatedBy": 4,
      "programName": "Albemarle Corporation_UATDefaultProgram",
      "promotionType": "CUSTOMER",
      "programId": 165,
      "startDate": "2024-11-01T00:00-05:00",
      "endDate": "2025-12-31T00:00-05:00",
      "identifier": "010b3b16-993c-4fa8-8c26-f99090e5f141",
      "isActive": true,
      "eventName": "TARGETCOMPLETED",
      "pointsOfferType": "GENERIC",
      "promotionRestrictions": {
        "restrictions": {
          "redemptionRestrictions": [
            {
              "name": "MAX_ALLOWED_TIMES_PER_CUSTOMER",
              "value": 1,
              "type": "NON_PERIOD_BASED",
              "periodType": "MOVING_WINDOW",
              "periodUnit": "DAILY"
            },
            {
              "name": "MAX_REDEMPTIONS_PER_EARN_PER_CUSTOMER",
              "value": 100,
              "type": "NON_PERIOD_BASED",
              "periodType": "MOVING_WINDOW",
              "periodUnit": "DAILY"
            }
          ],
          "issualRestrictions": [],
          "earnRestrictions": [],
          "expiryRestrictions": []
        },
        "scope": null,
        "isStackable": false,
        "isConsideredForRanking": false,
        "loyaltyEarningType": null,
        "expiryReminder": null,
        "isExclusive": false,
        "isAlwaysApply": false,
        "targetGroupIds": null,
        "targetRuleIds": null,
        "linkedTargetGroupVsTargetRuleIdMap": null
      }
    },
    {
      "id": 1573,
      "name": "Custom 6: Participate in Better Manage your Diabetes with Teladoc_v13",
      "description": "Optum Engage|Rewardable Activity|Livongo Program",
      "promotionStatus": "LIVE",
      "lastUpdateDate": "2024-12-15T14:20:33-05:00",
      "startRuleIdentifier": "ruleset_7e1d6d54-411b-48d0-9d43-0932392dd244",
      "lastUpdatedBy": 4,
      "programName": "Albemarle Corporation_UATDefaultProgram",
      "promotionType": "CUSTOMER",
      "programId": 165,
      "startDate": "2024-11-01T00:00-05:00",
      "endDate": "2025-12-31T00:00-05:00",
      "identifier": "c844adf5-0b14-4999-886e-6a977fc1b87c",
      "isActive": true,
      "eventName": "TARGETCOMPLETED",
      "pointsOfferType": "GENERIC",
      "promotionRestrictions": {
        "restrictions": {
          "redemptionRestrictions": [
            {
              "name": "MAX_ALLOWED_TIMES_PER_CUSTOMER",
              "value": 1,
              "type": "NON_PERIOD_BASED",
              "periodType": "MOVING_WINDOW",
              "periodUnit": "DAILY"
            },
            {
              "name": "MAX_REDEMPTIONS_PER_EARN_PER_CUSTOMER",
              "value": 100,
              "type": "NON_PERIOD_BASED",
              "periodType": "MOVING_WINDOW",
              "periodUnit": "DAILY"
            }
          ],
          "issualRestrictions": [],
          "earnRestrictions": [],
          "expiryRestrictions": []
        },
        "scope": null,
        "isStackable": false,
        "isConsideredForRanking": false,
        "loyaltyEarningType": null,
        "expiryReminder": null,
        "isExclusive": false,
        "isAlwaysApply": false,
        "targetGroupIds": null,
        "targetRuleIds": null,
        "linkedTargetGroupVsTargetRuleIdMap": null
      }
    },
    {
      "id": 1572,
      "name": "Custom 5: Enroll in Condition Management (DM)_v13",
      "description": "Optum Engage|Rewardable Activity|Enroll in a Condition Management Program",
      "promotionStatus": "LIVE",
      "lastUpdateDate": "2024-12-15T14:20:33-05:00",
      "startRuleIdentifier": "ruleset_a376c26f-e2e4-49c5-b17f-873a3cc568e8",
      "lastUpdatedBy": 4,
      "programName": "Albemarle Corporation_UATDefaultProgram",
      "promotionType": "CUSTOMER",
      "programId": 165,
      "startDate": "2024-11-01T00:00-05:00",
      "endDate": "2025-12-31T00:00-05:00",
      "identifier": "26e93c5f-a488-495d-9019-e01619a48b0d",
      "isActive": true,
      "eventName": "TARGETCOMPLETED",
      "pointsOfferType": "GENERIC",
      "promotionRestrictions": {
        "restrictions": {
          "redemptionRestrictions": [
            {
              "name": "MAX_ALLOWED_TIMES_PER_CUSTOMER",
              "value": 1,
              "type": "NON_PERIOD_BASED",
              "periodType": "MOVING_WINDOW",
              "periodUnit": "DAILY"
            },
            {
              "name": "MAX_REDEMPTIONS_PER_EARN_PER_CUSTOMER",
              "value": 100,
              "type": "NON_PERIOD_BASED",
              "periodType": "MOVING_WINDOW",
              "periodUnit": "DAILY"
            }
          ],
          "issualRestrictions": [],
          "earnRestrictions": [],
          "expiryRestrictions": []
        },
        "scope": null,
        "isStackable": false,
        "isConsideredForRanking": false,
        "loyaltyEarningType": null,
        "expiryReminder": null,
        "isExclusive": false,
        "isAlwaysApply": false,
        "targetGroupIds": null,
        "targetRuleIds": null,
        "linkedTargetGroupVsTargetRuleIdMap": null
      }
    },
    {
      "id": 1571,
      "name": "C12: Complete Real Appeal_v13",
      "description": "Optum Engage|Rewardable Activity|Real Appeal",
      "promotionStatus": "LIVE",
      "lastUpdateDate": "2024-12-15T14:20:34-05:00",
      "startRuleIdentifier": "ruleset_76cb3f5f-4bd3-4318-b19b-4477dc1353ba",
      "lastUpdatedBy": 4,
      "programName": "Albemarle Corporation_UATDefaultProgram",
      "promotionType": "CUSTOMER",
      "programId": 165,
      "startDate": "2024-11-01T00:00-05:00",
      "endDate": "2025-12-31T00:00-05:00",
      "identifier": "9b76cef6-e692-4be8-9fcd-7960f930c22f",
      "isActive": true,
      "eventName": "TARGETCOMPLETED",
      "pointsOfferType": "GENERIC",
      "promotionRestrictions": {
        "restrictions": {
          "redemptionRestrictions": [
            {
              "name": "MAX_ALLOWED_TIMES_PER_CUSTOMER",
              "value": 1,
              "type": "NON_PERIOD_BASED",
              "periodType": "MOVING_WINDOW",
              "periodUnit": "DAILY"
            },
            {
              "name": "MAX_REDEMPTIONS_PER_EARN_PER_CUSTOMER",
              "value": 100,
              "type": "NON_PERIOD_BASED",
              "periodType": "MOVING_WINDOW",
              "periodUnit": "DAILY"
            }
          ],
          "issualRestrictions": [],
          "earnRestrictions": [],
          "expiryRestrictions": []
        },
        "scope": null,
        "isStackable": false,
        "isConsideredForRanking": false,
        "loyaltyEarningType": null,
        "expiryReminder": null,
        "isExclusive": false,
        "isAlwaysApply": false,
        "targetGroupIds": null,
        "targetRuleIds": null,
        "linkedTargetGroupVsTargetRuleIdMap": null
      }
    },
    {
      "id": 1570,
      "name": "Custom 4: Achieve a Team Battle Milestone_v13",
      "description": "Optum Engage|Rewardable Activity|Team Battle Challenge",
      "promotionStatus": "LIVE",
      "lastUpdateDate": "2024-12-15T14:20:35-05:00",
      "startRuleIdentifier": "ruleset_fca1f6c1-a843-4356-8fa1-fb392fc8e933",
      "lastUpdatedBy": 4,
      "programName": "Albemarle Corporation_UATDefaultProgram",
      "promotionType": "CUSTOMER",
      "programId": 165,
      "startDate": "2024-11-01T00:00-05:00",
      "endDate": "2025-12-31T00:00-05:00",
      "identifier": "a4030d71-cc1e-495b-a2dd-a26f3c9e1d9e",
      "isActive": true,
      "eventName": "TARGETCOMPLETED",
      "pointsOfferType": "GENERIC",
      "promotionRestrictions": {
        "restrictions": {
          "redemptionRestrictions": [
            {
              "name": "MAX_ALLOWED_TIMES_PER_CUSTOMER",
              "value": 1,
              "type": "NON_PERIOD_BASED",
              "periodType": "MOVING_WINDOW",
              "periodUnit": "DAILY"
            },
            {
              "name": "MAX_REDEMPTIONS_PER_EARN_PER_CUSTOMER",
              "value": 100,
              "type": "NON_PERIOD_BASED",
              "periodType": "MOVING_WINDOW",
              "periodUnit": "DAILY"
            }
          ],
          "issualRestrictions": [],
          "earnRestrictions": [],
          "expiryRestrictions": []
        },
        "scope": null,
        "isStackable": false,
        "isConsideredForRanking": false,
        "loyaltyEarningType": null,
        "expiryReminder": null,
        "isExclusive": false,
        "isAlwaysApply": false,
        "targetGroupIds": null,
        "targetRuleIds": null,
        "linkedTargetGroupVsTargetRuleIdMap": null
      }
    },
    {
      "id": 1569,
      "name": "F3: Complete Any Challenge_v13",
      "description": "Optum Engage|Rewardable Activity|Challenge Activity",
      "promotionStatus": "LIVE",
      "lastUpdateDate": "2024-12-15T14:20:36-05:00",
      "startRuleIdentifier": "ruleset_b7010f25-acc2-4e5b-946e-6e1e4c5f37c4",
      "lastUpdatedBy": 4,
      "programName": "Albemarle Corporation_UATDefaultProgram",
      "promotionType": "CUSTOMER",
      "programId": 165,
      "startDate": "2024-11-01T00:00-05:00",
      "endDate": "2025-12-31T00:00-05:00",
      "identifier": "80b849d8-0549-409e-99c8-f57bd1149bd2",
      "isActive": true,
      "eventName": "TARGETCOMPLETED",
      "pointsOfferType": "GENERIC",
      "promotionRestrictions": {
        "restrictions": {
          "redemptionRestrictions": [
            {
              "name": "MAX_ALLOWED_TIMES_PER_CUSTOMER",
              "value": 1,
              "type": "NON_PERIOD_BASED",
              "periodType": "MOVING_WINDOW",
              "periodUnit": "DAILY"
            },
            {
              "name": "MAX_REDEMPTIONS_PER_EARN_PER_CUSTOMER",
              "value": 100,
              "type": "NON_PERIOD_BASED",
              "periodType": "MOVING_WINDOW",
              "periodUnit": "DAILY"
            }
          ],
          "issualRestrictions": [],
          "earnRestrictions": [],
          "expiryRestrictions": []
        },
        "scope": null,
        "isStackable": false,
        "isConsideredForRanking": false,
        "loyaltyEarningType": null,
        "expiryReminder": null,
        "isExclusive": false,
        "isAlwaysApply": false,
        "targetGroupIds": null,
        "targetRuleIds": null,
        "linkedTargetGroupVsTargetRuleIdMap": null
      }
    },
    {
      "id": 1568,
      "name": "S15: Complete a Virtual Visit_v13",
      "description": "Optum Engage|Rewardable Activity|Get a 24/7 Virtual Visit",
      "promotionStatus": "LIVE",
      "lastUpdateDate": "2024-12-15T14:20:37-05:00",
      "startRuleIdentifier": "ruleset_7ce37ea7-fba8-4cb1-8bc0-1b872e1e385d",
      "lastUpdatedBy": 4,
      "programName": "Albemarle Corporation_UATDefaultProgram",
      "promotionType": "CUSTOMER",
      "programId": 165,
      "startDate": "2024-11-01T00:00-05:00",
      "endDate": "2025-12-31T00:00-05:00",
      "identifier": "099983c9-2eac-4c0c-8925-954091184002",
      "isActive": true,
      "eventName": "TARGETCOMPLETED",
      "pointsOfferType": "GENERIC",
      "promotionRestrictions": {
        "restrictions": {
          "redemptionRestrictions": [
            {
              "name": "MAX_ALLOWED_TIMES_PER_CUSTOMER",
              "value": 1,
              "type": "NON_PERIOD_BASED",
              "periodType": "MOVING_WINDOW",
              "periodUnit": "DAILY"
            },
            {
              "name": "MAX_REDEMPTIONS_PER_EARN_PER_CUSTOMER",
              "value": 100,
              "type": "NON_PERIOD_BASED",
              "periodType": "MOVING_WINDOW",
              "periodUnit": "DAILY"
            }
          ],
          "issualRestrictions": [],
          "earnRestrictions": [],
          "expiryRestrictions": []
        },
        "scope": null,
        "isStackable": false,
        "isConsideredForRanking": false,
        "loyaltyEarningType": null,
        "expiryReminder": null,
        "isExclusive": false,
        "isAlwaysApply": false,
        "targetGroupIds": null,
        "targetRuleIds": null,
        "linkedTargetGroupVsTargetRuleIdMap": null
      }
    },
    {
      "id": 1567,
      "name": "Custom 2: Complete Vaccine Attestation (Flu, Covid, etc.)_v13",
      "description": "Optum Engage|Rewardable Activity|{LOOKUP IN IDT EVENTS MASTER}",
      "promotionStatus": "LIVE",
      "lastUpdateDate": "2024-12-15T14:20:38-05:00",
      "startRuleIdentifier": "ruleset_b56ef026-8727-4159-aa7e-07cbfdc6afde",
      "lastUpdatedBy": 4,
      "programName": "Albemarle Corporation_UATDefaultProgram",
      "promotionType": "CUSTOMER",
      "programId": 165,
      "startDate": "2024-11-01T00:00-05:00",
      "endDate": "2025-12-31T00:00-05:00",
      "identifier": "be7f7cf8-e106-4331-b0e5-09fa4b251bce",
      "isActive": true,
      "eventName": "TARGETCOMPLETED",
      "pointsOfferType": "GENERIC",
      "promotionRestrictions": {
        "restrictions": {
          "redemptionRestrictions": [
            {
              "name": "MAX_ALLOWED_TIMES_PER_CUSTOMER",
              "value": 1,
              "type": "NON_PERIOD_BASED",
              "periodType": "MOVING_WINDOW",
              "periodUnit": "DAILY"
            },
            {
              "name": "MAX_REDEMPTIONS_PER_EARN_PER_CUSTOMER",
              "value": 100,
              "type": "NON_PERIOD_BASED",
              "periodType": "MOVING_WINDOW",
              "periodUnit": "DAILY"
            }
          ],
          "issualRestrictions": [],
          "earnRestrictions": [],
          "expiryRestrictions": []
        },
        "scope": null,
        "isStackable": false,
        "isConsideredForRanking": false,
        "loyaltyEarningType": null,
        "expiryReminder": null,
        "isExclusive": false,
        "isAlwaysApply": false,
        "targetGroupIds": null,
        "targetRuleIds": null,
        "linkedTargetGroupVsTargetRuleIdMap": null
      }
    },
    {
      "id": 1566,
      "name": "F18: Complete an Annual Physical or Preventative Screening_v13",
      "description": "Optum Engage|Rewardable Activity|Get an Annual Physical or Preventive Screening",
      "promotionStatus": "LIVE",
      "lastUpdateDate": "2024-12-15T14:20:39-05:00",
      "startRuleIdentifier": "ruleset_bdbdf17e-4b7d-4a29-84d9-6aaefb035c58",
      "lastUpdatedBy": 4,
      "programName": "Albemarle Corporation_UATDefaultProgram",
      "promotionType": "CUSTOMER",
      "programId": 165,
      "startDate": "2024-11-01T00:00-05:00",
      "endDate": "2025-12-31T00:00-05:00",
      "identifier": "f3556a87-98b2-44e2-9093-ca46e9eca724",
      "isActive": true,
      "eventName": "TARGETCOMPLETED",
      "pointsOfferType": "GENERIC",
      "promotionRestrictions": {
        "restrictions": {
          "redemptionRestrictions": [
            {
              "name": "MAX_ALLOWED_TIMES_PER_CUSTOMER",
              "value": 1,
              "type": "NON_PERIOD_BASED",
              "periodType": "MOVING_WINDOW",
              "periodUnit": "DAILY"
            },
            {
              "name": "MAX_REDEMPTIONS_PER_EARN_PER_CUSTOMER",
              "value": 100,
              "type": "NON_PERIOD_BASED",
              "periodType": "MOVING_WINDOW",
              "periodUnit": "DAILY"
            }
          ],
          "issualRestrictions": [],
          "earnRestrictions": [],
          "expiryRestrictions": []
        },
        "scope": null,
        "isStackable": false,
        "isConsideredForRanking": false,
        "loyaltyEarningType": null,
        "expiryReminder": null,
        "isExclusive": false,
        "isAlwaysApply": false,
        "targetGroupIds": null,
        "targetRuleIds": null,
        "linkedTargetGroupVsTargetRuleIdMap": null
      }
    },
    {
      "id": 1565,
      "name": "B10: Achieve BMI Target_v13",
      "description": "Optum Engage|Rewardable Activity|Achieve Your BMI Target",
      "promotionStatus": "LIVE",
      "lastUpdateDate": "2024-12-15T14:20:40-05:00",
      "startRuleIdentifier": "ruleset_dc52189b-57c4-43cd-bb7c-4878dee9ea7a",
      "lastUpdatedBy": 4,
      "programName": "Albemarle Corporation_UATDefaultProgram",
      "promotionType": "CUSTOMER",
      "programId": 165,
      "startDate": "2024-11-01T00:00-05:00",
      "endDate": "2025-12-31T00:00-05:00",
      "identifier": "2118ff79-dc33-4833-a1a3-fb2351e22ff3",
      "isActive": true,
      "eventName": "TARGETCOMPLETED",
      "pointsOfferType": "GENERIC",
      "promotionRestrictions": {
        "restrictions": {
          "redemptionRestrictions": [
            {
              "name": "MAX_ALLOWED_TIMES_PER_CUSTOMER",
              "value": 1,
              "type": "NON_PERIOD_BASED",
              "periodType": "MOVING_WINDOW",
              "periodUnit": "DAILY"
            },
            {
              "name": "MAX_REDEMPTIONS_PER_EARN_PER_CUSTOMER",
              "value": 100,
              "type": "NON_PERIOD_BASED",
              "periodType": "MOVING_WINDOW",
              "periodUnit": "DAILY"
            }
          ],
          "issualRestrictions": [],
          "earnRestrictions": [],
          "expiryRestrictions": []
        },
        "scope": null,
        "isStackable": false,
        "isConsideredForRanking": false,
        "loyaltyEarningType": null,
        "expiryReminder": null,
        "isExclusive": false,
        "isAlwaysApply": false,
        "targetGroupIds": null,
        "targetRuleIds": null,
        "linkedTargetGroupVsTargetRuleIdMap": null
      }
    },
    {
      "id": 1564,
      "name": "F16: Tobacco-Free Attestation or Program_v13",
      "description": "Optum Engage|Rewardable Activity|Confirm You're Tobacco-Free",
      "promotionStatus": "LIVE",
      "lastUpdateDate": "2024-12-15T14:20:41-05:00",
      "startRuleIdentifier": "ruleset_783b89ed-380e-4f61-b5a5-d4e69ddee144",
      "lastUpdatedBy": 4,
      "programName": "Albemarle Corporation_UATDefaultProgram",
      "promotionType": "CUSTOMER",
      "programId": 165,
      "startDate": "2024-11-01T00:00-05:00",
      "endDate": "2025-12-31T00:00-05:00",
      "identifier": "5cd6cac8-8c1b-48eb-8374-91c391c49a12",
      "isActive": true,
      "eventName": "TARGETCOMPLETED",
      "pointsOfferType": "GENERIC",
      "promotionRestrictions": {
        "restrictions": {
          "redemptionRestrictions": [
            {
              "name": "MAX_ALLOWED_TIMES_PER_CUSTOMER",
              "value": 1,
              "type": "NON_PERIOD_BASED",
              "periodType": "MOVING_WINDOW",
              "periodUnit": "DAILY"
            },
            {
              "name": "MAX_REDEMPTIONS_PER_EARN_PER_CUSTOMER",
              "value": 100,
              "type": "NON_PERIOD_BASED",
              "periodType": "MOVING_WINDOW",
              "periodUnit": "DAILY"
            }
          ],
          "issualRestrictions": [],
          "earnRestrictions": [],
          "expiryRestrictions": []
        },
        "scope": null,
        "isStackable": false,
        "isConsideredForRanking": false,
        "loyaltyEarningType": null,
        "expiryReminder": null,
        "isExclusive": false,
        "isAlwaysApply": false,
        "targetGroupIds": null,
        "targetRuleIds": null,
        "linkedTargetGroupVsTargetRuleIdMap": null
      }
    },
    {
      "id": 1563,
      "name": "S3: Complete a Biometric Screening_v13",
      "description": "Optum Engage|Rewardable Activity|Complete a Biometric Health Screening (routine lab work)",
      "promotionStatus": "LIVE",
      "lastUpdateDate": "2024-12-15T14:20:42-05:00",
      "startRuleIdentifier": "ruleset_10ed29a0-fa7a-485b-951a-d20a72393423",
      "lastUpdatedBy": 4,
      "programName": "Albemarle Corporation_UATDefaultProgram",
      "promotionType": "CUSTOMER",
      "programId": 165,
      "startDate": "2024-11-01T00:00-05:00",
      "endDate": "2025-12-31T00:00-05:00",
      "identifier": "1ed66222-663c-4c8f-b261-5e160246a62b",
      "isActive": true,
      "eventName": "TARGETCOMPLETED",
      "pointsOfferType": "GENERIC",
      "promotionRestrictions": {
        "restrictions": {
          "redemptionRestrictions": [
            {
              "name": "MAX_ALLOWED_TIMES_PER_CUSTOMER",
              "value": 1,
              "type": "NON_PERIOD_BASED",
              "periodType": "MOVING_WINDOW",
              "periodUnit": "DAILY"
            },
            {
              "name": "MAX_REDEMPTIONS_PER_EARN_PER_CUSTOMER",
              "value": 100,
              "type": "NON_PERIOD_BASED",
              "periodType": "MOVING_WINDOW",
              "periodUnit": "DAILY"
            }
          ],
          "issualRestrictions": [],
          "earnRestrictions": [],
          "expiryRestrictions": []
        },
        "scope": null,
        "isStackable": false,
        "isConsideredForRanking": false,
        "loyaltyEarningType": null,
        "expiryReminder": null,
        "isExclusive": false,
        "isAlwaysApply": false,
        "targetGroupIds": null,
        "targetRuleIds": null,
        "linkedTargetGroupVsTargetRuleIdMap": null
      }
    },
    {
      "id": 1562,
      "name": "RAP_v13 for BE: BiometricScreeningBE_v5",
      "description": "RAP_v13 for BE: BiometricScreeningBE_v5",
      "promotionStatus": "LIVE",
      "lastUpdateDate": "2024-11-23T06:16:43-05:00",
      "startRuleIdentifier": "ruleset_7d789766-417d-4b3f-ad55-4a74fa1a0325",
      "lastUpdatedBy": 4,
      "programName": "Albemarle Corporation_UATDefaultProgram",
      "promotionType": "CUSTOMER",
      "programId": 165,
      "startDate": "2024-11-01T00:00-05:00",
      "endDate": "2025-12-31T00:00-05:00",
      "identifier": "a55dfddc-277b-4738-bed6-b8cab8291057",
      "isActive": true,
      "eventName": "GENERICEVENT",
      "eventSubTypeName": "BiometricScreeningBE_v5",
      "pointsOfferType": "GENERIC",
      "promotionRestrictions": {
        "restrictions": {
          "redemptionRestrictions": [
            {
              "name": "MAX_REDEMPTIONS_PER_EARN_PER_CUSTOMER",
              "value": 100,
              "type": "NON_PERIOD_BASED",
              "periodType": null,
              "periodUnit": null
            }
          ],
          "issualRestrictions": [],
          "earnRestrictions": [],
          "expiryRestrictions": []
        },
        "scope": null,
        "isStackable": false,
        "isConsideredForRanking": false,
        "loyaltyEarningType": null,
        "expiryReminder": null,
        "isExclusive": false,
        "isAlwaysApply": false,
        "targetGroupIds": null,
        "targetRuleIds": null,
        "linkedTargetGroupVsTargetRuleIdMap": null
      }
    },
    {
      "id": 1561,
      "name": "R9: Health Survey_v13",
      "description": "Optum Engage|Rewardable Activity|Complete Rally Health Survey",
      "promotionStatus": "LIVE",
      "lastUpdateDate": "2024-12-15T14:20:43-05:00",
      "startRuleIdentifier": "ruleset_431962ac-c9a3-485c-998b-5ea3c4254e34",
      "lastUpdatedBy": 4,
      "programName": "Albemarle Corporation_UATDefaultProgram",
      "promotionType": "CUSTOMER",
      "programId": 165,
      "startDate": "2024-11-01T00:00-05:00",
      "endDate": "2025-12-31T00:00-05:00",
      "identifier": "2b79589d-125a-4dbd-9c34-211a89590006",
      "isActive": true,
      "eventName": "TARGETCOMPLETED",
      "pointsOfferType": "GENERIC",
      "promotionRestrictions": {
        "restrictions": {
          "redemptionRestrictions": [
            {
              "name": "MAX_ALLOWED_TIMES_PER_CUSTOMER",
              "value": 1,
              "type": "NON_PERIOD_BASED",
              "periodType": "MOVING_WINDOW",
              "periodUnit": "DAILY"
            },
            {
              "name": "MAX_REDEMPTIONS_PER_EARN_PER_CUSTOMER",
              "value": 100,
              "type": "NON_PERIOD_BASED",
              "periodType": "MOVING_WINDOW",
              "periodUnit": "DAILY"
            }
          ],
          "issualRestrictions": [],
          "earnRestrictions": [],
          "expiryRestrictions": []
        },
        "scope": null,
        "isStackable": false,
        "isConsideredForRanking": false,
        "loyaltyEarningType": null,
        "expiryReminder": null,
        "isExclusive": false,
        "isAlwaysApply": false,
        "targetGroupIds": null,
        "targetRuleIds": null,
        "linkedTargetGroupVsTargetRuleIdMap": null
      }
    }
  ],
  "pageDetails": {
    "pageNumber": 0,
    "pageSize": 100,
    "totalEntries": 18,
    "pageCount": 1
  }
}