{
  "status": {
    "code": 200,
    "message": "success"
  },
  "validationErrors": null,
  "data": [
    {
      "id": 2595,
      "name": "F12: Complete a Biometric Screening_v45",
      "description": "Optum Engage|Rewardable Activity|Biometric Screening",
      "promotionStatus": "LIVE",
      "lastUpdateDate": "2024-12-20T13:01:41-05:00",
      "startRuleIdentifier": "ruleset_0d0c2f1c-f30d-43a8-941e-b28b80eebc5d",
      "lastUpdatedBy": 4,
      "programName": "AAA Northeast_UATDefaultProgram",
      "promotionType": "CUSTOMER",
      "programId": 192,
      "startDate": "2024-11-01T00:00-05:00",
      "endDate": "2025-11-30T00:00-05:00",
      "identifier": "16fff25a-97fd-47b5-9c6a-48032b9df33d",
      "isActive": true,
      "eventName": "TARGETCOMPLETED",
      "pointsOfferType": "GENERIC",
      "promotionRestrictions": {
        "restrictions": {
          "redemptionRestrictions": [
            {
              "name": "MAX_ALLOWED_TIMES_PER_CUSTOMER",
              "value": 1,
              "type": "NON_PERIOD_BASED",
              "periodType": "MOVING_WINDOW",
              "periodUnit": "DAILY"
            },
            {
              "name": "MAX_REDEMPTIONS_PER_EARN_PER_CUSTOMER",
              "value": 100,
              "type": "NON_PERIOD_BASED",
              "periodType": null,
              "periodUnit": null
            }
          ],
          "issualRestrictions": [],
          "earnRestrictions": [],
          "expiryRestrictions": []
        },
        "scope": null,
        "isStackable": false,
        "isConsideredForRanking": false,
        "loyaltyEarningType": null,
        "expiryReminder": null,
        "isExclusive": false,
        "isAlwaysApply": false,
        "targetGroupIds": null,
        "targetRuleIds": null,
        "linkedTargetGroupVsTargetRuleIdMap": null
      }
    },
    {
      "id": 1768,
      "name": "S15: Virtual Visits_v20",
      "description": "Optum Engage|Rewardable Activity|Get a 24/7 Virtual Visit",
      "promotionStatus": "LIVE",
      "lastUpdateDate": "2024-12-15T14:25:18-05:00",
      "startRuleIdentifier": "ruleset_a4348aa3-989f-495c-aa5e-3a014a5a05bd",
      "lastUpdatedBy": 4,
      "programName": "AAA Northeast_UATDefaultProgram",
      "promotionType": "CUSTOMER",
      "programId": 192,
      "startDate": "2024-11-01T00:00-05:00",
      "endDate": "2025-11-30T00:00-05:00",
      "identifier": "b53fe8a2-9749-4ea4-b985-1df98c4a5bb3",
      "isActive": true,
      "eventName": "TARGETCOMPLETED",
      "pointsOfferType": "GENERIC",
      "promotionRestrictions": {
        "restrictions": {
          "redemptionRestrictions": [
            {
              "name": "MAX_ALLOWED_TIMES_PER_CUSTOMER",
              "value": 1,
              "type": "NON_PERIOD_BASED",
              "periodType": "MOVING_WINDOW",
              "periodUnit": "DAILY"
            },
            {
              "name": "MAX_REDEMPTIONS_PER_EARN_PER_CUSTOMER",
              "value": 100,
              "type": "NON_PERIOD_BASED",
              "periodType": "MOVING_WINDOW",
              "periodUnit": "DAILY"
            }
          ],
          "issualRestrictions": [],
          "earnRestrictions": [],
          "expiryRestrictions": []
        },
        "scope": null,
        "isStackable": false,
        "isConsideredForRanking": false,
        "loyaltyEarningType": null,
        "expiryReminder": null,
        "isExclusive": false,
        "isAlwaysApply": false,
        "targetGroupIds": null,
        "targetRuleIds": null,
        "linkedTargetGroupVsTargetRuleIdMap": null
      }
    },
    {
      "id": 1767,
      "name": "R159: Create a Health Care Cost Estimate_v20",
      "description": "R159: Create a Health Care Cost Estimate_v20",
      "promotionStatus": "LIVE",
      "lastUpdateDate": "2024-12-15T14:25:20-05:00",
      "startRuleIdentifier": "ruleset_f9b9928e-49b8-4e94-864a-810a21a58803",
      "lastUpdatedBy": 4,
      "programName": "AAA Northeast_UATDefaultProgram",
      "promotionType": "CUSTOMER",
      "programId": 192,
      "startDate": "2024-11-01T00:00-05:00",
      "endDate": "2025-11-30T00:00-05:00",
      "identifier": "95507ab0-2cfd-4845-a72d-c63e814a060a",
      "isActive": true,
      "eventName": "TARGETCOMPLETED",
      "pointsOfferType": "GENERIC",
      "promotionRestrictions": {
        "restrictions": {
          "redemptionRestrictions": [
            {
              "name": "MAX_ALLOWED_TIMES_PER_CUSTOMER",
              "value": 1,
              "type": "NON_PERIOD_BASED",
              "periodType": "MOVING_WINDOW",
              "periodUnit": "DAILY"
            },
            {
              "name": "MAX_REDEMPTIONS_PER_EARN_PER_CUSTOMER",
              "value": 100,
              "type": "NON_PERIOD_BASED",
              "periodType": "MOVING_WINDOW",
              "periodUnit": "DAILY"
            }
          ],
          "issualRestrictions": [],
          "earnRestrictions": [],
          "expiryRestrictions": []
        },
        "scope": null,
        "isStackable": false,
        "isConsideredForRanking": false,
        "loyaltyEarningType": null,
        "expiryReminder": null,
        "isExclusive": false,
        "isAlwaysApply": false,
        "targetGroupIds": null,
        "targetRuleIds": null,
        "linkedTargetGroupVsTargetRuleIdMap": null
      }
    },
    {
      "id": 1766,
      "name": "S12: Preventive Eye Exam_v20",
      "description": "Optum Engage|Rewardable Activity|Complete Your Comprehensive Preventive Eye Exam",
      "promotionStatus": "LIVE",
      "lastUpdateDate": "2024-12-15T14:25:21-05:00",
      "startRuleIdentifier": "ruleset_25ea52c5-3666-4bf7-9200-444d1a27ccba",
      "lastUpdatedBy": 4,
      "programName": "AAA Northeast_UATDefaultProgram",
      "promotionType": "CUSTOMER",
      "programId": 192,
      "startDate": "2024-11-01T00:00-05:00",
      "endDate": "2025-11-30T00:00-05:00",
      "identifier": "3e11edcb-0752-4756-864f-6fae4cd6e19d",
      "isActive": true,
      "eventName": "TARGETCOMPLETED",
      "pointsOfferType": "GENERIC",
      "promotionRestrictions": {
        "restrictions": {
          "redemptionRestrictions": [
            {
              "name": "MAX_ALLOWED_TIMES_PER_CUSTOMER",
              "value": 1,
              "type": "NON_PERIOD_BASED",
              "periodType": "MOVING_WINDOW",
              "periodUnit": "DAILY"
            },
            {
              "name": "MAX_REDEMPTIONS_PER_EARN_PER_CUSTOMER",
              "value": 100,
              "type": "NON_PERIOD_BASED",
              "periodType": "MOVING_WINDOW",
              "periodUnit": "DAILY"
            }
          ],
          "issualRestrictions": [],
          "earnRestrictions": [],
          "expiryRestrictions": []
        },
        "scope": null,
        "isStackable": false,
        "isConsideredForRanking": false,
        "loyaltyEarningType": null,
        "expiryReminder": null,
        "isExclusive": false,
        "isAlwaysApply": false,
        "targetGroupIds": null,
        "targetRuleIds": null,
        "linkedTargetGroupVsTargetRuleIdMap": null
      }
    },
    {
      "id": 1765,
      "name": "F9: Complete 4 of the following quizzes_v20",
      "description": "Optum Engage|Rewardable Activity|Complete 4 of the Following Quizzes",
      "promotionStatus": "LIVE",
      "lastUpdateDate": "2024-12-15T14:25:21-05:00",
      "startRuleIdentifier": "ruleset_535738ea-dc11-46a5-85b4-f989561bdc81",
      "lastUpdatedBy": 4,
      "programName": "AAA Northeast_UATDefaultProgram",
      "promotionType": "CUSTOMER",
      "programId": 192,
      "startDate": "2024-11-01T00:00-05:00",
      "endDate": "2025-11-30T00:00-05:00",
      "identifier": "d7a93b16-ff90-4467-bfce-ffa638104c70",
      "isActive": true,
      "eventName": "TARGETCOMPLETED",
      "pointsOfferType": "GENERIC",
      "promotionRestrictions": {
        "restrictions": {
          "redemptionRestrictions": [
            {
              "name": "MAX_ALLOWED_TIMES_PER_CUSTOMER",
              "value": 1,
              "type": "NON_PERIOD_BASED",
              "periodType": "MOVING_WINDOW",
              "periodUnit": "DAILY"
            },
            {
              "name": "MAX_REDEMPTIONS_PER_EARN_PER_CUSTOMER",
              "value": 100,
              "type": "NON_PERIOD_BASED",
              "periodType": "MOVING_WINDOW",
              "periodUnit": "DAILY"
            }
          ],
          "issualRestrictions": [],
          "earnRestrictions": [],
          "expiryRestrictions": []
        },
        "scope": null,
        "isStackable": false,
        "isConsideredForRanking": false,
        "loyaltyEarningType": null,
        "expiryReminder": null,
        "isExclusive": false,
        "isAlwaysApply": false,
        "targetGroupIds": null,
        "targetRuleIds": null,
        "linkedTargetGroupVsTargetRuleIdMap": null
      }
    },
    {
      "id": 1764,
      "name": "C5: Complete any Personal or Online Wellness Coaching Program_v20",
      "description": "Optum Engage|Rewardable Activity|Complete a Wellness Coaching Program",
      "promotionStatus": "LIVE",
      "lastUpdateDate": "2024-12-15T14:25:23-05:00",
      "startRuleIdentifier": "ruleset_36a910ed-34a5-474c-a7d5-5acdb30947a4",
      "lastUpdatedBy": 4,
      "programName": "AAA Northeast_UATDefaultProgram",
      "promotionType": "CUSTOMER",
      "programId": 192,
      "startDate": "2024-11-01T00:00-05:00",
      "endDate": "2025-11-30T00:00-05:00",
      "identifier": "cc89ece5-b1e0-45cf-900d-706dc5ec6a32",
      "isActive": true,
      "eventName": "TARGETCOMPLETED",
      "pointsOfferType": "GENERIC",
      "promotionRestrictions": {
        "restrictions": {
          "redemptionRestrictions": [
            {
              "name": "MAX_ALLOWED_TIMES_PER_CUSTOMER",
              "value": 1,
              "type": "NON_PERIOD_BASED",
              "periodType": "MOVING_WINDOW",
              "periodUnit": "DAILY"
            },
            {
              "name": "MAX_REDEMPTIONS_PER_EARN_PER_CUSTOMER",
              "value": 100,
              "type": "NON_PERIOD_BASED",
              "periodType": "MOVING_WINDOW",
              "periodUnit": "DAILY"
            }
          ],
          "issualRestrictions": [],
          "earnRestrictions": [],
          "expiryRestrictions": []
        },
        "scope": null,
        "isStackable": false,
        "isConsideredForRanking": false,
        "loyaltyEarningType": null,
        "expiryReminder": null,
        "isExclusive": false,
        "isAlwaysApply": false,
        "targetGroupIds": null,
        "targetRuleIds": null,
        "linkedTargetGroupVsTargetRuleIdMap": null
      }
    },
    {
      "id": 1763,
      "name": "Custom 4: Flu Shot_v20",
      "description": "Optum Engage|Self Attestation|Flu Shot",
      "promotionStatus": "LIVE",
      "lastUpdateDate": "2024-12-15T14:25:23-05:00",
      "startRuleIdentifier": "ruleset_1c5d864c-46d0-40fd-b20e-6da14592fb7f",
      "lastUpdatedBy": 4,
      "programName": "AAA Northeast_UATDefaultProgram",
      "promotionType": "CUSTOMER",
      "programId": 192,
      "startDate": "2024-11-01T00:00-05:00",
      "endDate": "2025-11-30T00:00-05:00",
      "identifier": "3e18f911-5cce-4651-99f4-49d239179d7f",
      "isActive": true,
      "eventName": "TARGETCOMPLETED",
      "pointsOfferType": "GENERIC",
      "promotionRestrictions": {
        "restrictions": {
          "redemptionRestrictions": [
            {
              "name": "MAX_ALLOWED_TIMES_PER_CUSTOMER",
              "value": 1,
              "type": "NON_PERIOD_BASED",
              "periodType": "MOVING_WINDOW",
              "periodUnit": "DAILY"
            },
            {
              "name": "MAX_REDEMPTIONS_PER_EARN_PER_CUSTOMER",
              "value": 100,
              "type": "NON_PERIOD_BASED",
              "periodType": "MOVING_WINDOW",
              "periodUnit": "DAILY"
            }
          ],
          "issualRestrictions": [],
          "earnRestrictions": [],
          "expiryRestrictions": []
        },
        "scope": null,
        "isStackable": false,
        "isConsideredForRanking": false,
        "loyaltyEarningType": null,
        "expiryReminder": null,
        "isExclusive": false,
        "isAlwaysApply": false,
        "targetGroupIds": null,
        "targetRuleIds": null,
        "linkedTargetGroupVsTargetRuleIdMap": null
      }
    },
    {
      "id": 1762,
      "name": "Custom 3: Dental Visit_v20",
      "description": "Optum Engage|Self Attestation|Dental Visits",
      "promotionStatus": "LIVE",
      "lastUpdateDate": "2024-12-15T14:25:24-05:00",
      "startRuleIdentifier": "ruleset_5cd6f88d-6a89-49a6-b998-245bfcb34530",
      "lastUpdatedBy": 4,
      "programName": "AAA Northeast_UATDefaultProgram",
      "promotionType": "CUSTOMER",
      "programId": 192,
      "startDate": "2024-11-01T00:00-05:00",
      "endDate": "2025-11-30T00:00-05:00",
      "identifier": "6b153232-a480-4768-b32f-7756ebcbc731",
      "isActive": true,
      "eventName": "TARGETCOMPLETED",
      "pointsOfferType": "GENERIC",
      "promotionRestrictions": {
        "restrictions": {
          "redemptionRestrictions": [
            {
              "name": "MAX_ALLOWED_TIMES_PER_CUSTOMER",
              "value": 1,
              "type": "NON_PERIOD_BASED",
              "periodType": "MOVING_WINDOW",
              "periodUnit": "DAILY"
            },
            {
              "name": "MAX_REDEMPTIONS_PER_EARN_PER_CUSTOMER",
              "value": 100,
              "type": "NON_PERIOD_BASED",
              "periodType": "MOVING_WINDOW",
              "periodUnit": "DAILY"
            }
          ],
          "issualRestrictions": [],
          "earnRestrictions": [],
          "expiryRestrictions": []
        },
        "scope": null,
        "isStackable": false,
        "isConsideredForRanking": false,
        "loyaltyEarningType": null,
        "expiryReminder": null,
        "isExclusive": false,
        "isAlwaysApply": false,
        "targetGroupIds": null,
        "targetRuleIds": null,
        "linkedTargetGroupVsTargetRuleIdMap": null
      }
    },
    {
      "id": 1761,
      "name": "Custom 2: Get a Preventive Screening_v20",
      "description": "Optum Engage|Rewardable Activity|Complete a Preventive Cancer Screening",
      "promotionStatus": "LIVE",
      "lastUpdateDate": "2024-12-15T14:25:25-05:00",
      "startRuleIdentifier": "ruleset_e660f53b-d6b3-489a-bf1e-6840702bbb53",
      "lastUpdatedBy": 4,
      "programName": "AAA Northeast_UATDefaultProgram",
      "promotionType": "CUSTOMER",
      "programId": 192,
      "startDate": "2024-11-01T00:00-05:00",
      "endDate": "2025-11-30T00:00-05:00",
      "identifier": "88be6889-f15d-4e80-8b6e-f5ea90394509",
      "isActive": true,
      "eventName": "TARGETCOMPLETED",
      "pointsOfferType": "GENERIC",
      "promotionRestrictions": {
        "restrictions": {
          "redemptionRestrictions": [
            {
              "name": "MAX_ALLOWED_TIMES_PER_CUSTOMER",
              "value": 1,
              "type": "NON_PERIOD_BASED",
              "periodType": "MOVING_WINDOW",
              "periodUnit": "DAILY"
            },
            {
              "name": "MAX_REDEMPTIONS_PER_EARN_PER_CUSTOMER",
              "value": 100,
              "type": "NON_PERIOD_BASED",
              "periodType": "MOVING_WINDOW",
              "periodUnit": "DAILY"
            }
          ],
          "issualRestrictions": [],
          "earnRestrictions": [],
          "expiryRestrictions": []
        },
        "scope": null,
        "isStackable": false,
        "isConsideredForRanking": false,
        "loyaltyEarningType": null,
        "expiryReminder": null,
        "isExclusive": false,
        "isAlwaysApply": false,
        "targetGroupIds": null,
        "targetRuleIds": null,
        "linkedTargetGroupVsTargetRuleIdMap": null
      }
    },
    {
      "id": 1760,
      "name": "S2: Complete Your Annual Physical Exam (includes prenatal Exam)_v20",
      "description": "Optum Engage|Rewardable Activity|Get your annual checkup",
      "promotionStatus": "LIVE",
      "lastUpdateDate": "2024-12-15T14:25:26-05:00",
      "startRuleIdentifier": "ruleset_36f16758-dcf6-4246-890d-6f91c2e6ee3c",
      "lastUpdatedBy": 4,
      "programName": "AAA Northeast_UATDefaultProgram",
      "promotionType": "CUSTOMER",
      "programId": 192,
      "startDate": "2024-11-01T00:00-05:00",
      "endDate": "2025-11-30T00:00-05:00",
      "identifier": "c473f242-0b10-436b-b570-ac65217477e8",
      "isActive": true,
      "eventName": "TARGETCOMPLETED",
      "pointsOfferType": "GENERIC",
      "promotionRestrictions": {
        "restrictions": {
          "redemptionRestrictions": [
            {
              "name": "MAX_ALLOWED_TIMES_PER_CUSTOMER",
              "value": 1,
              "type": "NON_PERIOD_BASED",
              "periodType": "MOVING_WINDOW",
              "periodUnit": "DAILY"
            },
            {
              "name": "MAX_REDEMPTIONS_PER_EARN_PER_CUSTOMER",
              "value": 100,
              "type": "NON_PERIOD_BASED",
              "periodType": "MOVING_WINDOW",
              "periodUnit": "DAILY"
            }
          ],
          "issualRestrictions": [],
          "earnRestrictions": [],
          "expiryRestrictions": []
        },
        "scope": null,
        "isStackable": false,
        "isConsideredForRanking": false,
        "loyaltyEarningType": null,
        "expiryReminder": null,
        "isExclusive": false,
        "isAlwaysApply": false,
        "targetGroupIds": null,
        "targetRuleIds": null,
        "linkedTargetGroupVsTargetRuleIdMap": null
      }
    },
    {
      "id": 1759,
      "name": "F12: Complete a Biometric Screening_v20",
      "description": "Optum Engage|Rewardable Activity|Biometric Screening",
      "promotionStatus": "INACTIVE",
      "lastUpdateDate": "2024-12-23T11:55:11-05:00",
      "startRuleIdentifier": "ruleset_7c9027ad-194b-4bf4-8ca7-1a264b52e79a",
      "lastUpdatedBy": 400170573,
      "programName": "AAA Northeast_UATDefaultProgram",
      "promotionType": "CUSTOMER",
      "programId": 192,
      "startDate": "2024-11-01T00:00-05:00",
      "endDate": "2025-11-30T23:59:59-05:00",
      "identifier": "614a7c86-f316-417c-aaaa-4288452d1dc3",
      "isActive": false,
      "eventName": "TARGETCOMPLETED",
      "pointsOfferType": "GENERIC",
      "promotionRestrictions": {
        "restrictions": {
          "redemptionRestrictions": [
            {
              "name": "MAX_ALLOWED_TIMES_PER_CUSTOMER",
              "value": 1,
              "type": "NON_PERIOD_BASED",
              "periodType": "MOVING_WINDOW",
              "periodUnit": "DAILY"
            },
            {
              "name": "MAX_REDEMPTIONS_PER_EARN_PER_CUSTOMER",
              "value": 100,
              "type": "NON_PERIOD_BASED",
              "periodType": null,
              "periodUnit": null
            }
          ],
          "issualRestrictions": [],
          "earnRestrictions": [],
          "expiryRestrictions": []
        },
        "scope": null,
        "isStackable": false,
        "isConsideredForRanking": false,
        "loyaltyEarningType": null,
        "expiryReminder": null,
        "isExclusive": false,
        "isAlwaysApply": false,
        "targetGroupIds": null,
        "targetRuleIds": null,
        "linkedTargetGroupVsTargetRuleIdMap": null
      }
    },
    {
      "id": 1758,
      "name": "R9: Complete Your Health Survey_v20",
      "description": "Optum Engage|Rewardable Activity|Complete Rally Health Survey",
      "promotionStatus": "LIVE",
      "lastUpdateDate": "2024-12-15T14:25:27-05:00",
      "startRuleIdentifier": "ruleset_4e4465b6-9462-4624-9cdd-923b88835be0",
      "lastUpdatedBy": 4,
      "programName": "AAA Northeast_UATDefaultProgram",
      "promotionType": "CUSTOMER",
      "programId": 192,
      "startDate": "2024-11-01T00:00-05:00",
      "endDate": "2025-11-30T00:00-05:00",
      "identifier": "0a1eb5df-f4fa-4931-af37-446c5d5c304c",
      "isActive": true,
      "eventName": "TARGETCOMPLETED",
      "pointsOfferType": "GENERIC",
      "promotionRestrictions": {
        "restrictions": {
          "redemptionRestrictions": [
            {
              "name": "MAX_ALLOWED_TIMES_PER_CUSTOMER",
              "value": 1,
              "type": "NON_PERIOD_BASED",
              "periodType": "MOVING_WINDOW",
              "periodUnit": "DAILY"
            },
            {
              "name": "MAX_REDEMPTIONS_PER_EARN_PER_CUSTOMER",
              "value": 100,
              "type": "NON_PERIOD_BASED",
              "periodType": "MOVING_WINDOW",
              "periodUnit": "DAILY"
            }
          ],
          "issualRestrictions": [],
          "earnRestrictions": [],
          "expiryRestrictions": []
        },
        "scope": null,
        "isStackable": false,
        "isConsideredForRanking": false,
        "loyaltyEarningType": null,
        "expiryReminder": null,
        "isExclusive": false,
        "isAlwaysApply": false,
        "targetGroupIds": null,
        "targetRuleIds": null,
        "linkedTargetGroupVsTargetRuleIdMap": null
      }
    }
  ],
  "pageDetails": {
    "pageNumber": 0,
    "pageSize": 100,
    "totalEntries": 12,
    "pageCount": 1
  }
}