{
  "status": {
    "code": 200,
    "message": "success"
  },
  "validationErrors": null,
  "data": [
    {
      "id": 2343,
      "name": "Fitness Reimbursement",
      "description": "Fitness Reimbursement",
      "promotionStatus": "LIVE",
      "lastUpdateDate": "2024-12-15T17:58:58-05:00",
      "startRuleIdentifier": "ruleset_20241205184528",
      "lastUpdatedBy": 400169197,
      "programName": "Kaiser Colorado Medicare_UATDefaultProgram",
      "promotionType": "BILL",
      "programId": 220,
      "startDate": "2024-11-01T00:00-05:00",
      "endDate": "2025-12-31T23:59:59-05:00",
      "identifier": "bfc669e4-5681-4e8f-a40a-e5936fbbee4e",
      "isActive": true,
      "eventName": "TRANSACTIONADD",
      "pointsOfferType": "GENERIC",
      "promotionRestrictions": {
        "restrictions": null,
        "scope": null,
        "isStackable": false,
        "isConsideredForRanking": false,
        "loyaltyEarningType": null,
        "expiryReminder": null,
        "isExclusive": false,
        "isAlwaysApply": false,
        "targetGroupIds": null,
        "targetRuleIds": null,
        "linkedTargetGroupVsTargetRuleIdMap": null
      }
    },
    {
      "id": 2342,
      "name": "Promotion Test : To Be Disabled",
      "description": "",
      "promotionStatus": "INACTIVE",
      "lastUpdateDate": "2024-12-05T16:39:13-05:00",
      "startRuleIdentifier": "ruleset_20241205154231",
      "lastUpdatedBy": 400169456,
      "programName": "Kaiser Colorado Medicare_UATDefaultProgram",
      "promotionType": "CUSTOMER",
      "programId": 220,
      "startDate": "2024-12-01T00:00-05:00",
      "endDate": "2025-09-30T23:59:59-05:00",
      "identifier": "1d85c68f-d7ab-4e73-8b54-68993d40fbe8",
      "isActive": false,
      "eventName": "GENERICEVENT",
      "eventSubTypeName": "PosewithPurposeBE_v5",
      "pointsOfferType": "GENERIC",
      "promotionRestrictions": {
        "restrictions": null,
        "scope": null,
        "isStackable": false,
        "isConsideredForRanking": false,
        "loyaltyEarningType": null,
        "expiryReminder": null,
        "isExclusive": false,
        "isAlwaysApply": false,
        "targetGroupIds": null,
        "targetRuleIds": null,
        "linkedTargetGroupVsTargetRuleIdMap": null
      }
    },
    {
      "id": 2334,
      "name": "Kaiser Gym Check In",
      "description": "Optum Engage|Rewardable Activity|Go to the gym",
      "promotionStatus": "INACTIVE",
      "lastUpdateDate": "2024-12-05T18:36:58-05:00",
      "startRuleIdentifier": "ruleset_20241204235827",
      "lastUpdatedBy": 400170573,
      "programName": "Kaiser Colorado Medicare_UATDefaultProgram",
      "promotionType": "CUSTOMER",
      "programId": 220,
      "startDate": "2024-11-01T00:00-05:00",
      "endDate": "2025-12-31T23:59:59-05:00",
      "identifier": "005b2275-0d0d-4af9-851c-c0cf486aeb4b",
      "isActive": false,
      "eventName": "TARGETCOMPLETED",
      "pointsOfferType": "GENERIC",
      "promotionRestrictions": {
        "restrictions": null,
        "scope": null,
        "isStackable": false,
        "isConsideredForRanking": false,
        "loyaltyEarningType": null,
        "expiryReminder": null,
        "isExclusive": false,
        "isAlwaysApply": false,
        "targetGroupIds": null,
        "targetRuleIds": null,
        "linkedTargetGroupVsTargetRuleIdMap": null
      }
    }
  ],
  "pageDetails": {
    "pageNumber": 0,
    "pageSize": 100,
    "totalEntries": 3,
    "pageCount": 1
  }
}