{
  "status": {
    "code": 200,
    "message": "success"
  },
  "validationErrors": null,
  "data": [
    {
      "id": 2514,
      "name": "Physical Activity Exemption",
      "description": "",
      "promotionStatus": "LIVE",
      "lastUpdateDate": "2024-12-17T00:39:09-05:00",
      "startRuleIdentifier": "ruleset_20241217003310",
      "lastUpdatedBy": 400169197,
      "programName": "Shell USA Inc_UATDefaultProgram",
      "promotionType": "CUSTOMER",
      "programId": 150,
      "startDate": "2024-12-01T00:00-05:00",
      "endDate": "2025-12-31T23:59:59-05:00",
      "identifier": "7208f7a6-f753-46ff-be80-85b51f26a58e",
      "isActive": true,
      "eventName": "CUSTOMERUPDATE",
      "pointsOfferType": "GENERIC",
      "promotionRestrictions": {
        "restrictions": {
          "redemptionRestrictions": [
            {
              "name": "MAX_REDEMPTIONS_PER_EARN_PER_CUSTOMER",
              "value": 100,
              "type": "NON_PERIOD_BASED",
              "periodType": null,
              "periodUnit": null
            }
          ],
          "issualRestrictions": [],
          "earnRestrictions": [],
          "expiryRestrictions": []
        },
        "scope": null,
        "isStackable": false,
        "isConsideredForRanking": false,
        "loyaltyEarningType": null,
        "expiryReminder": null,
        "isExclusive": false,
        "isAlwaysApply": false,
        "targetGroupIds": null,
        "targetRuleIds": null,
        "linkedTargetGroupVsTargetRuleIdMap": null
      }
    },
    {
      "id": 1743,
      "name": "Custom 4: ER vs. Urgent Care Awareness Video_v19",
      "description": "Optum Engage|Rewardable Activity|{LOOKUP IN IDT EVENTS MASTER}",
      "promotionStatus": "LIVE",
      "lastUpdateDate": "2024-11-26T21:13:39-05:00",
      "startRuleIdentifier": "ruleset_324ef195-4f88-4f4f-aa42-95f9969620fb",
      "lastUpdatedBy": 4,
      "programName": "Shell USA Inc_UATDefaultProgram",
      "promotionType": "CUSTOMER",
      "programId": 150,
      "startDate": "2024-11-01T00:00-05:00",
      "endDate": "2025-12-31T00:00-05:00",
      "identifier": "e33b27be-879d-4a40-931e-e503c0ad6616",
      "isActive": true,
      "eventName": "TARGETCOMPLETED",
      "pointsOfferType": "GENERIC",
      "promotionRestrictions": {
        "restrictions": {
          "redemptionRestrictions": [
            {
              "name": "MAX_ALLOWED_TIMES_PER_CUSTOMER",
              "value": 1,
              "type": "NON_PERIOD_BASED",
              "periodType": "MOVING_WINDOW",
              "periodUnit": "DAILY"
            },
            {
              "name": "MAX_REDEMPTIONS_PER_EARN_PER_CUSTOMER",
              "value": 100,
              "type": "NON_PERIOD_BASED",
              "periodType": null,
              "periodUnit": null
            }
          ],
          "issualRestrictions": [],
          "earnRestrictions": [],
          "expiryRestrictions": []
        },
        "scope": null,
        "isStackable": false,
        "isConsideredForRanking": false,
        "loyaltyEarningType": null,
        "expiryReminder": null,
        "isExclusive": false,
        "isAlwaysApply": false,
        "targetGroupIds": null,
        "targetRuleIds": null,
        "linkedTargetGroupVsTargetRuleIdMap": null
      }
    },
    {
      "id": 1720,
      "name": "F9: Complete 3 of the following quizzes_v19",
      "description": "Optum Engage|Rewardable Activity|Complete 3 of the Following Quizzes",
      "promotionStatus": "LIVE",
      "lastUpdateDate": "2024-11-26T03:58:36-05:00",
      "startRuleIdentifier": "ruleset_406bc993-3f5b-4700-a61d-367b941b833b",
      "lastUpdatedBy": 4,
      "programName": "Shell USA Inc_UATDefaultProgram",
      "promotionType": "CUSTOMER",
      "programId": 150,
      "startDate": "2024-11-01T00:00-05:00",
      "endDate": "2025-12-31T00:00-05:00",
      "identifier": "f8f75ea7-5cd5-4938-98ef-f1a92b1f19ec",
      "isActive": true,
      "eventName": "TARGETCOMPLETED",
      "pointsOfferType": "GENERIC",
      "promotionRestrictions": {
        "restrictions": {
          "redemptionRestrictions": [
            {
              "name": "MAX_ALLOWED_TIMES_PER_CUSTOMER",
              "value": 1,
              "type": "NON_PERIOD_BASED",
              "periodType": "MOVING_WINDOW",
              "periodUnit": "DAILY"
            },
            {
              "name": "MAX_REDEMPTIONS_PER_EARN_PER_CUSTOMER",
              "value": 100,
              "type": "NON_PERIOD_BASED",
              "periodType": null,
              "periodUnit": null
            }
          ],
          "issualRestrictions": [],
          "earnRestrictions": [],
          "expiryRestrictions": []
        },
        "scope": null,
        "isStackable": false,
        "isConsideredForRanking": false,
        "loyaltyEarningType": null,
        "expiryReminder": null,
        "isExclusive": false,
        "isAlwaysApply": false,
        "targetGroupIds": null,
        "targetRuleIds": null,
        "linkedTargetGroupVsTargetRuleIdMap": null
      }
    },
    {
      "id": 1719,
      "name": "F7: Complete 3 of the following missions_v19_1",
      "description": "Optum Engage|Rewardable Activity|Complete 3 of the Following Missions",
      "promotionStatus": "LIVE",
      "lastUpdateDate": "2024-11-26T03:58:30-05:00",
      "startRuleIdentifier": "ruleset_2c802a52-deda-4497-95d0-9d1b0a62a412",
      "lastUpdatedBy": 4,
      "programName": "Shell USA Inc_UATDefaultProgram",
      "promotionType": "CUSTOMER",
      "programId": 150,
      "startDate": "2024-11-01T00:00-05:00",
      "endDate": "2025-12-31T00:00-05:00",
      "identifier": "201496c8-55b2-4f9b-a940-98fe2866966c",
      "isActive": true,
      "eventName": "TARGETCOMPLETED",
      "pointsOfferType": "GENERIC",
      "promotionRestrictions": {
        "restrictions": {
          "redemptionRestrictions": [
            {
              "name": "MAX_ALLOWED_TIMES_PER_CUSTOMER",
              "value": 1,
              "type": "NON_PERIOD_BASED",
              "periodType": "MOVING_WINDOW",
              "periodUnit": "DAILY"
            },
            {
              "name": "MAX_REDEMPTIONS_PER_EARN_PER_CUSTOMER",
              "value": 100,
              "type": "NON_PERIOD_BASED",
              "periodType": null,
              "periodUnit": null
            }
          ],
          "issualRestrictions": [],
          "earnRestrictions": [],
          "expiryRestrictions": []
        },
        "scope": null,
        "isStackable": false,
        "isConsideredForRanking": false,
        "loyaltyEarningType": null,
        "expiryReminder": null,
        "isExclusive": false,
        "isAlwaysApply": false,
        "targetGroupIds": null,
        "targetRuleIds": null,
        "linkedTargetGroupVsTargetRuleIdMap": null
      }
    },
    {
      "id": 1718,
      "name": "R4: Complete any challenge_v19",
      "description": "Optum Engage|Rewardable Activity|Challenge Activity",
      "promotionStatus": "LIVE",
      "lastUpdateDate": "2024-11-26T03:58:24-05:00",
      "startRuleIdentifier": "ruleset_ce3edc15-7cb4-42cd-b311-a7cd871d78b1",
      "lastUpdatedBy": 4,
      "programName": "Shell USA Inc_UATDefaultProgram",
      "promotionType": "CUSTOMER",
      "programId": 150,
      "startDate": "2024-11-01T00:00-05:00",
      "endDate": "2025-12-31T00:00-05:00",
      "identifier": "1a2ca4cb-47cc-4dd6-8f77-d09b7a8925d1",
      "isActive": true,
      "eventName": "TARGETCOMPLETED",
      "pointsOfferType": "GENERIC",
      "promotionRestrictions": {
        "restrictions": {
          "redemptionRestrictions": [
            {
              "name": "MAX_ALLOWED_TIMES_PER_CUSTOMER",
              "value": 1,
              "type": "NON_PERIOD_BASED",
              "periodType": "MOVING_WINDOW",
              "periodUnit": "DAILY"
            },
            {
              "name": "MAX_REDEMPTIONS_PER_EARN_PER_CUSTOMER",
              "value": 100,
              "type": "NON_PERIOD_BASED",
              "periodType": null,
              "periodUnit": null
            }
          ],
          "issualRestrictions": [],
          "earnRestrictions": [],
          "expiryRestrictions": []
        },
        "scope": null,
        "isStackable": false,
        "isConsideredForRanking": false,
        "loyaltyEarningType": null,
        "expiryReminder": null,
        "isExclusive": false,
        "isAlwaysApply": false,
        "targetGroupIds": null,
        "targetRuleIds": null,
        "linkedTargetGroupVsTargetRuleIdMap": null
      }
    },
    {
      "id": 1717,
      "name": "F7: Complete 2 of the following missions_v19",
      "description": "Optum Engage|Rewardable Activity|Complete 2 of the Following Missions",
      "promotionStatus": "LIVE",
      "lastUpdateDate": "2024-11-26T03:58:20-05:00",
      "startRuleIdentifier": "ruleset_8322b8a6-3960-45b8-a254-6b0119806f91",
      "lastUpdatedBy": 4,
      "programName": "Shell USA Inc_UATDefaultProgram",
      "promotionType": "CUSTOMER",
      "programId": 150,
      "startDate": "2024-11-01T00:00-05:00",
      "endDate": "2025-12-31T00:00-05:00",
      "identifier": "d66b40e2-bc69-47ca-b211-cd549d2d6273",
      "isActive": true,
      "eventName": "TARGETCOMPLETED",
      "pointsOfferType": "GENERIC",
      "promotionRestrictions": {
        "restrictions": {
          "redemptionRestrictions": [
            {
              "name": "MAX_ALLOWED_TIMES_PER_CUSTOMER",
              "value": 1,
              "type": "NON_PERIOD_BASED",
              "periodType": "MOVING_WINDOW",
              "periodUnit": "DAILY"
            },
            {
              "name": "MAX_REDEMPTIONS_PER_EARN_PER_CUSTOMER",
              "value": 100,
              "type": "NON_PERIOD_BASED",
              "periodType": null,
              "periodUnit": null
            }
          ],
          "issualRestrictions": [],
          "earnRestrictions": [],
          "expiryRestrictions": []
        },
        "scope": null,
        "isStackable": false,
        "isConsideredForRanking": false,
        "loyaltyEarningType": null,
        "expiryReminder": null,
        "isExclusive": false,
        "isAlwaysApply": false,
        "targetGroupIds": null,
        "targetRuleIds": null,
        "linkedTargetGroupVsTargetRuleIdMap": null
      }
    },
    {
      "id": 1716,
      "name": "Custom 3: Virtual visit attestation_v19",
      "description": "Optum Engage|Rewardable Activity|{LOOKUP IN IDT EVENTS MASTER}",
      "promotionStatus": "LIVE",
      "lastUpdateDate": "2024-11-26T03:58:15-05:00",
      "startRuleIdentifier": "ruleset_bea02d7c-e147-4731-b0fe-5122b2c3d31e",
      "lastUpdatedBy": 4,
      "programName": "Shell USA Inc_UATDefaultProgram",
      "promotionType": "CUSTOMER",
      "programId": 150,
      "startDate": "2024-11-01T00:00-05:00",
      "endDate": "2025-12-31T00:00-05:00",
      "identifier": "cbd27407-d81f-44c1-bbc4-9bbd91c0e710",
      "isActive": true,
      "eventName": "TARGETCOMPLETED",
      "pointsOfferType": "GENERIC",
      "promotionRestrictions": {
        "restrictions": {
          "redemptionRestrictions": [
            {
              "name": "MAX_ALLOWED_TIMES_PER_CUSTOMER",
              "value": 1,
              "type": "NON_PERIOD_BASED",
              "periodType": "MOVING_WINDOW",
              "periodUnit": "DAILY"
            },
            {
              "name": "MAX_REDEMPTIONS_PER_EARN_PER_CUSTOMER",
              "value": 100,
              "type": "NON_PERIOD_BASED",
              "periodType": null,
              "periodUnit": null
            }
          ],
          "issualRestrictions": [],
          "earnRestrictions": [],
          "expiryRestrictions": []
        },
        "scope": null,
        "isStackable": false,
        "isConsideredForRanking": false,
        "loyaltyEarningType": null,
        "expiryReminder": null,
        "isExclusive": false,
        "isAlwaysApply": false,
        "targetGroupIds": null,
        "targetRuleIds": null,
        "linkedTargetGroupVsTargetRuleIdMap": null
      }
    },
    {
      "id": 1715,
      "name": "F7: Complete 3 of the following missions_v19",
      "description": "Optum Engage|Rewardable Activity|Complete 3 of the Following Missions",
      "promotionStatus": "LIVE",
      "lastUpdateDate": "2024-11-26T03:58:11-05:00",
      "startRuleIdentifier": "ruleset_9411c548-9aa1-47be-8334-a09bc8b548de",
      "lastUpdatedBy": 4,
      "programName": "Shell USA Inc_UATDefaultProgram",
      "promotionType": "CUSTOMER",
      "programId": 150,
      "startDate": "2024-11-01T00:00-05:00",
      "endDate": "2025-12-31T00:00-05:00",
      "identifier": "d18ff8da-b6fa-4ae5-8ddb-a4a1040e1d32",
      "isActive": true,
      "eventName": "TARGETCOMPLETED",
      "pointsOfferType": "GENERIC",
      "promotionRestrictions": {
        "restrictions": {
          "redemptionRestrictions": [
            {
              "name": "MAX_ALLOWED_TIMES_PER_CUSTOMER",
              "value": 1,
              "type": "NON_PERIOD_BASED",
              "periodType": "MOVING_WINDOW",
              "periodUnit": "DAILY"
            },
            {
              "name": "MAX_REDEMPTIONS_PER_EARN_PER_CUSTOMER",
              "value": 100,
              "type": "NON_PERIOD_BASED",
              "periodType": null,
              "periodUnit": null
            }
          ],
          "issualRestrictions": [],
          "earnRestrictions": [],
          "expiryRestrictions": []
        },
        "scope": null,
        "isStackable": false,
        "isConsideredForRanking": false,
        "loyaltyEarningType": null,
        "expiryReminder": null,
        "isExclusive": false,
        "isAlwaysApply": false,
        "targetGroupIds": null,
        "targetRuleIds": null,
        "linkedTargetGroupVsTargetRuleIdMap": null
      }
    },
    {
      "id": 1714,
      "name": "C47: Foodsmart Milestone 2_v19",
      "description": "Optum Engage|Rewardable Activity|Foodsmart Milestone 2",
      "promotionStatus": "LIVE",
      "lastUpdateDate": "2024-11-26T03:58:04-05:00",
      "startRuleIdentifier": "ruleset_785cbf51-de00-4b01-a3d7-bbba0b66e94d",
      "lastUpdatedBy": 4,
      "programName": "Shell USA Inc_UATDefaultProgram",
      "promotionType": "CUSTOMER",
      "programId": 150,
      "startDate": "2024-11-01T00:00-05:00",
      "endDate": "2025-12-31T00:00-05:00",
      "identifier": "dd343202-36a1-4540-a696-43cd8b5fe395",
      "isActive": true,
      "eventName": "TARGETCOMPLETED",
      "pointsOfferType": "GENERIC",
      "promotionRestrictions": {
        "restrictions": {
          "redemptionRestrictions": [
            {
              "name": "MAX_ALLOWED_TIMES_PER_CUSTOMER",
              "value": 1,
              "type": "NON_PERIOD_BASED",
              "periodType": "MOVING_WINDOW",
              "periodUnit": "DAILY"
            },
            {
              "name": "MAX_REDEMPTIONS_PER_EARN_PER_CUSTOMER",
              "value": 100,
              "type": "NON_PERIOD_BASED",
              "periodType": null,
              "periodUnit": null
            }
          ],
          "issualRestrictions": [],
          "earnRestrictions": [],
          "expiryRestrictions": []
        },
        "scope": null,
        "isStackable": false,
        "isConsideredForRanking": false,
        "loyaltyEarningType": null,
        "expiryReminder": null,
        "isExclusive": false,
        "isAlwaysApply": false,
        "targetGroupIds": null,
        "targetRuleIds": null,
        "linkedTargetGroupVsTargetRuleIdMap": null
      }
    },
    {
      "id": 1713,
      "name": "C46: Complete Food Smart Nutri Quiz_v19",
      "description": "Optum Engage|Rewardable Activity|Foodsmart Milestone 1",
      "promotionStatus": "LIVE",
      "lastUpdateDate": "2024-11-26T03:58-05:00",
      "startRuleIdentifier": "ruleset_4423df8e-a4d2-4813-8b8b-456c58fc444a",
      "lastUpdatedBy": 4,
      "programName": "Shell USA Inc_UATDefaultProgram",
      "promotionType": "CUSTOMER",
      "programId": 150,
      "startDate": "2024-11-01T00:00-05:00",
      "endDate": "2025-12-31T00:00-05:00",
      "identifier": "3b7b72a9-40cf-4061-a322-36b479963a0e",
      "isActive": true,
      "eventName": "TARGETCOMPLETED",
      "pointsOfferType": "GENERIC",
      "promotionRestrictions": {
        "restrictions": {
          "redemptionRestrictions": [
            {
              "name": "MAX_ALLOWED_TIMES_PER_CUSTOMER",
              "value": 1,
              "type": "NON_PERIOD_BASED",
              "periodType": "MOVING_WINDOW",
              "periodUnit": "DAILY"
            },
            {
              "name": "MAX_REDEMPTIONS_PER_EARN_PER_CUSTOMER",
              "value": 100,
              "type": "NON_PERIOD_BASED",
              "periodType": null,
              "periodUnit": null
            }
          ],
          "issualRestrictions": [],
          "earnRestrictions": [],
          "expiryRestrictions": []
        },
        "scope": null,
        "isStackable": false,
        "isConsideredForRanking": false,
        "loyaltyEarningType": null,
        "expiryReminder": null,
        "isExclusive": false,
        "isAlwaysApply": false,
        "targetGroupIds": null,
        "targetRuleIds": null,
        "linkedTargetGroupVsTargetRuleIdMap": null
      }
    },
    {
      "id": 1712,
      "name": "R14: Gym Check-In: January through December_v19",
      "description": "Optum Engage|Rewardable Activity|Gym Check In",
      "promotionStatus": "LIVE",
      "lastUpdateDate": "2024-11-26T03:57:56-05:00",
      "startRuleIdentifier": "ruleset_70eaf08a-6dd0-4520-a816-e5c0d1f05ddd",
      "lastUpdatedBy": 4,
      "programName": "Shell USA Inc_UATDefaultProgram",
      "promotionType": "CUSTOMER",
      "programId": 150,
      "startDate": "2024-11-01T00:00-05:00",
      "endDate": "2025-12-31T00:00-05:00",
      "identifier": "e1106e80-c660-470e-b2c8-5d2e5ed11a96",
      "isActive": true,
      "eventName": "TARGETCOMPLETED",
      "pointsOfferType": "LOYALTY",
      "promotionRestrictions": {
        "restrictions": {
          "redemptionRestrictions": [
            {
              "name": "MAX_REDEMPTIONS_PER_EARN_PER_CUSTOMER",
              "value": 1,
              "type": "NON_PERIOD_BASED",
              "periodType": "MOVING_WINDOW",
              "periodUnit": "DAILY"
            }
          ],
          "issualRestrictions": [
            {
              "name": "MAX_NUMBER_OF_ISSUALS_PER_CUSTOMER",
              "value": 100
            }
          ],
          "earnRestrictions": [
            {
              "name": "MAX_NUMBER_OF_EARNS_PER_CUSTOMER",
              "value": 100
            },
            {
              "name": "MAX_POINTS_PER_EARN_PER_CUSTOMER",
              "value": -1
            }
          ],
          "expiryRestrictions": [
            {
              "name": "EARN_PROMOTION_EXPIRY_BASED_ON",
              "value": 0,
              "type": "PROMOTION"
            }
          ]
        },
        "scope": null,
        "isStackable": false,
        "isConsideredForRanking": false,
        "loyaltyEarningType": null,
        "expiryReminder": null,
        "isExclusive": false,
        "isAlwaysApply": true,
        "targetGroupIds": null,
        "targetRuleIds": null,
        "linkedTargetGroupVsTargetRuleIdMap": null
      }
    },
    {
      "id": 1711,
      "name": "R156: Stride January through December_v19",
      "description": "Optum Engage|Rewardable Activity|Complete [[K]] of the following",
      "promotionStatus": "LIVE",
      "lastUpdateDate": "2024-11-26T03:57:51-05:00",
      "startRuleIdentifier": "ruleset_6d62d75e-211f-4320-b4db-c88bbf6443c6",
      "lastUpdatedBy": 4,
      "programName": "Shell USA Inc_UATDefaultProgram",
      "promotionType": "CUSTOMER",
      "programId": 150,
      "startDate": "2024-11-01T00:00-05:00",
      "endDate": "2025-12-31T00:00-05:00",
      "identifier": "aafb3f93-2192-456d-b85b-a61df48f7839",
      "isActive": true,
      "eventName": "TARGETCOMPLETED",
      "pointsOfferType": "LOYALTY",
      "promotionRestrictions": {
        "restrictions": {
          "redemptionRestrictions": [
            {
              "name": "MAX_REDEMPTIONS_PER_EARN_PER_CUSTOMER",
              "value": 1,
              "type": "NON_PERIOD_BASED",
              "periodType": "MOVING_WINDOW",
              "periodUnit": "DAILY"
            }
          ],
          "issualRestrictions": [
            {
              "name": "MAX_NUMBER_OF_ISSUALS_PER_CUSTOMER",
              "value": 100
            }
          ],
          "earnRestrictions": [
            {
              "name": "MAX_NUMBER_OF_EARNS_PER_CUSTOMER",
              "value": 100
            },
            {
              "name": "MAX_POINTS_PER_EARN_PER_CUSTOMER",
              "value": -1
            }
          ],
          "expiryRestrictions": [
            {
              "name": "EARN_PROMOTION_EXPIRY_BASED_ON",
              "value": 0,
              "type": "PROMOTION"
            }
          ]
        },
        "scope": null,
        "isStackable": false,
        "isConsideredForRanking": false,
        "loyaltyEarningType": null,
        "expiryReminder": null,
        "isExclusive": false,
        "isAlwaysApply": true,
        "targetGroupIds": null,
        "targetRuleIds": null,
        "linkedTargetGroupVsTargetRuleIdMap": null
      }
    },
    {
      "id": 1710,
      "name": "C12: Complete Real Appeal_v19",
      "description": "Optum Engage|Rewardable Activity|Real Appeal",
      "promotionStatus": "LIVE",
      "lastUpdateDate": "2024-11-26T03:57:45-05:00",
      "startRuleIdentifier": "ruleset_5a285bb9-896a-48b5-8505-badc94eac393",
      "lastUpdatedBy": 4,
      "programName": "Shell USA Inc_UATDefaultProgram",
      "promotionType": "CUSTOMER",
      "programId": 150,
      "startDate": "2024-11-01T00:00-05:00",
      "endDate": "2025-12-31T00:00-05:00",
      "identifier": "035c4361-9b3d-41d1-9f56-1d9ea547286c",
      "isActive": true,
      "eventName": "TARGETCOMPLETED",
      "pointsOfferType": "GENERIC",
      "promotionRestrictions": {
        "restrictions": {
          "redemptionRestrictions": [
            {
              "name": "MAX_ALLOWED_TIMES_PER_CUSTOMER",
              "value": 1,
              "type": "NON_PERIOD_BASED",
              "periodType": "MOVING_WINDOW",
              "periodUnit": "DAILY"
            },
            {
              "name": "MAX_REDEMPTIONS_PER_EARN_PER_CUSTOMER",
              "value": 100,
              "type": "NON_PERIOD_BASED",
              "periodType": null,
              "periodUnit": null
            }
          ],
          "issualRestrictions": [],
          "earnRestrictions": [],
          "expiryRestrictions": []
        },
        "scope": null,
        "isStackable": false,
        "isConsideredForRanking": false,
        "loyaltyEarningType": null,
        "expiryReminder": null,
        "isExclusive": false,
        "isAlwaysApply": false,
        "targetGroupIds": null,
        "targetRuleIds": null,
        "linkedTargetGroupVsTargetRuleIdMap": null
      }
    },
    {
      "id": 1709,
      "name": "C5: Complete any Personal or Online Wellness Coaching Program_v19",
      "description": "Optum Engage|Rewardable Activity|Complete a Wellness Coaching Program",
      "promotionStatus": "LIVE",
      "lastUpdateDate": "2024-11-26T03:57:42-05:00",
      "startRuleIdentifier": "ruleset_557a8b15-09b1-4a54-9aec-bb3c7c87c417",
      "lastUpdatedBy": 4,
      "programName": "Shell USA Inc_UATDefaultProgram",
      "promotionType": "CUSTOMER",
      "programId": 150,
      "startDate": "2024-11-01T00:00-05:00",
      "endDate": "2025-12-31T00:00-05:00",
      "identifier": "84cb028e-307a-4470-900e-356008ccc5b6",
      "isActive": true,
      "eventName": "TARGETCOMPLETED",
      "pointsOfferType": "GENERIC",
      "promotionRestrictions": {
        "restrictions": {
          "redemptionRestrictions": [
            {
              "name": "MAX_ALLOWED_TIMES_PER_CUSTOMER",
              "value": 1,
              "type": "NON_PERIOD_BASED",
              "periodType": "MOVING_WINDOW",
              "periodUnit": "DAILY"
            },
            {
              "name": "MAX_REDEMPTIONS_PER_EARN_PER_CUSTOMER",
              "value": 100,
              "type": "NON_PERIOD_BASED",
              "periodType": null,
              "periodUnit": null
            }
          ],
          "issualRestrictions": [],
          "earnRestrictions": [],
          "expiryRestrictions": []
        },
        "scope": null,
        "isStackable": false,
        "isConsideredForRanking": false,
        "loyaltyEarningType": null,
        "expiryReminder": null,
        "isExclusive": false,
        "isAlwaysApply": false,
        "targetGroupIds": null,
        "targetRuleIds": null,
        "linkedTargetGroupVsTargetRuleIdMap": null
      }
    },
    {
      "id": 1708,
      "name": "B10: Achieve Your Target BMI OR BMI Improvement_v19",
      "description": "Optum Engage|Rewardable Activity|Achieve Your BMI Target",
      "promotionStatus": "LIVE",
      "lastUpdateDate": "2024-11-26T03:57:38-05:00",
      "startRuleIdentifier": "ruleset_ab386b34-9f95-4c8c-88a3-79bb53e08646",
      "lastUpdatedBy": 4,
      "programName": "Shell USA Inc_UATDefaultProgram",
      "promotionType": "CUSTOMER",
      "programId": 150,
      "startDate": "2024-11-01T00:00-05:00",
      "endDate": "2025-12-31T00:00-05:00",
      "identifier": "94fb1507-69d3-4257-971a-b4b544e5b902",
      "isActive": true,
      "eventName": "TARGETCOMPLETED",
      "pointsOfferType": "GENERIC",
      "promotionRestrictions": {
        "restrictions": {
          "redemptionRestrictions": [
            {
              "name": "MAX_ALLOWED_TIMES_PER_CUSTOMER",
              "value": 1,
              "type": "NON_PERIOD_BASED",
              "periodType": "MOVING_WINDOW",
              "periodUnit": "DAILY"
            },
            {
              "name": "MAX_REDEMPTIONS_PER_EARN_PER_CUSTOMER",
              "value": 100,
              "type": "NON_PERIOD_BASED",
              "periodType": null,
              "periodUnit": null
            }
          ],
          "issualRestrictions": [],
          "earnRestrictions": [],
          "expiryRestrictions": []
        },
        "scope": null,
        "isStackable": false,
        "isConsideredForRanking": false,
        "loyaltyEarningType": null,
        "expiryReminder": null,
        "isExclusive": false,
        "isAlwaysApply": false,
        "targetGroupIds": null,
        "targetRuleIds": null,
        "linkedTargetGroupVsTargetRuleIdMap": null
      }
    },
    {
      "id": 1707,
      "name": "Custom 1: Complete Rally Registration/Login AND Biometric Screening_v19",
      "description": "Optum Engage|Rewardable Activity|App registration",
      "promotionStatus": "LIVE",
      "lastUpdateDate": "2024-11-26T03:57:34-05:00",
      "startRuleIdentifier": "ruleset_6b8120d4-47e0-464c-849a-516988523c3b",
      "lastUpdatedBy": 4,
      "programName": "Shell USA Inc_UATDefaultProgram",
      "promotionType": "CUSTOMER",
      "programId": 150,
      "startDate": "2024-11-01T00:00-05:00",
      "endDate": "2025-09-30T00:00-05:00",
      "identifier": "e4d61084-7c57-4e97-9159-81801aec7230",
      "isActive": true,
      "eventName": "TARGETCOMPLETED",
      "pointsOfferType": "GENERIC",
      "promotionRestrictions": {
        "restrictions": {
          "redemptionRestrictions": [
            {
              "name": "MAX_ALLOWED_TIMES_PER_CUSTOMER",
              "value": 1,
              "type": "NON_PERIOD_BASED",
              "periodType": "MOVING_WINDOW",
              "periodUnit": "DAILY"
            },
            {
              "name": "MAX_REDEMPTIONS_PER_EARN_PER_CUSTOMER",
              "value": 100,
              "type": "NON_PERIOD_BASED",
              "periodType": null,
              "periodUnit": null
            }
          ],
          "issualRestrictions": [],
          "earnRestrictions": [],
          "expiryRestrictions": []
        },
        "scope": null,
        "isStackable": false,
        "isConsideredForRanking": false,
        "loyaltyEarningType": null,
        "expiryReminder": null,
        "isExclusive": false,
        "isAlwaysApply": false,
        "targetGroupIds": null,
        "targetRuleIds": null,
        "linkedTargetGroupVsTargetRuleIdMap": null
      }
    },
    {
      "id": 1174,
      "name": "Custom1.Complete both of the following",
      "description": "Custom1.Complete both of the following",
      "promotionStatus": "INACTIVE",
      "lastUpdateDate": "2024-11-26T03:45:37-05:00",
      "startRuleIdentifier": "ruleset_20241114131940",
      "lastUpdatedBy": 400170573,
      "programName": "Shell USA Inc_UATDefaultProgram",
      "promotionType": "CUSTOMER",
      "programId": 150,
      "startDate": "2024-11-03T00:00-05:00",
      "endDate": "2025-09-30T23:59:59-05:00",
      "identifier": "2907d940-0dc2-4d21-bc31-a6f640643c5a",
      "isActive": false,
      "eventName": "TARGETCOMPLETED",
      "pointsOfferType": "GENERIC",
      "promotionRestrictions": {
        "restrictions": {
          "redemptionRestrictions": [
            {
              "name": "MAX_ALLOWED_POINTS_PER_EVENT",
              "value": 9999,
              "type": "NON_PERIOD_BASED",
              "periodType": "MOVING_WINDOW",
              "periodUnit": "DAILY"
            },
            {
              "name": "MAX_ALLOWED_TIMES_PER_CUSTOMER",
              "value": 9999,
              "type": "PERIOD_BASED",
              "periodType": "MOVING_WINDOW",
              "periodUnit": "DAILY"
            },
            {
              "name": "MAX_ALLOWED_POINTS_PER_CUSTOMER",
              "value": 9999,
              "type": "PERIOD_BASED",
              "periodType": "MOVING_WINDOW",
              "periodUnit": "DAILY"
            },
            {
              "name": "MAX_ALLOWED_TIMES_PER_PROMOTION",
              "value": 9999,
              "type": "PERIOD_BASED",
              "periodType": "MOVING_WINDOW",
              "periodUnit": "DAILY"
            },
            {
              "name": "MAX_ALLOWED_POINTS_PER_PROMOTION",
              "value": 9999,
              "type": "PERIOD_BASED",
              "periodType": "MOVING_WINDOW",
              "periodUnit": "DAILY"
            },
            {
              "name": "MAX_REDEMPTIONS_PER_EARN_PER_CUSTOMER",
              "value": 100,
              "type": "NON_PERIOD_BASED",
              "periodType": null,
              "periodUnit": null
            }
          ],
          "issualRestrictions": [],
          "earnRestrictions": [],
          "expiryRestrictions": []
        },
        "scope": null,
        "isStackable": false,
        "isConsideredForRanking": false,
        "loyaltyEarningType": null,
        "expiryReminder": null,
        "isExclusive": false,
        "isAlwaysApply": false,
        "targetGroupIds": null,
        "targetRuleIds": null,
        "linkedTargetGroupVsTargetRuleIdMap": null
      }
    },
    {
      "id": 1173,
      "name": "Custom4.ER vs. Urgent Care Awareness Video",
      "description": "Custom4.ER vs. Urgent Care Awareness Video",
      "promotionStatus": "INACTIVE",
      "lastUpdateDate": "2024-11-26T03:46:06-05:00",
      "startRuleIdentifier": "ruleset_20241114131420",
      "lastUpdatedBy": 400170573,
      "programName": "Shell USA Inc_UATDefaultProgram",
      "promotionType": "CUSTOMER",
      "programId": 150,
      "startDate": "2024-11-03T00:00-05:00",
      "endDate": "2025-09-30T23:59:59-05:00",
      "identifier": "73bdcc94-bfed-4d62-b110-08d226abaff3",
      "isActive": false,
      "eventName": "TARGETCOMPLETED",
      "pointsOfferType": "GENERIC",
      "promotionRestrictions": {
        "restrictions": {
          "redemptionRestrictions": [
            {
              "name": "MAX_ALLOWED_POINTS_PER_EVENT",
              "value": 9999,
              "type": "NON_PERIOD_BASED",
              "periodType": "MOVING_WINDOW",
              "periodUnit": "DAILY"
            },
            {
              "name": "MAX_ALLOWED_TIMES_PER_CUSTOMER",
              "value": 9999,
              "type": "PERIOD_BASED",
              "periodType": "MOVING_WINDOW",
              "periodUnit": "DAILY"
            },
            {
              "name": "MAX_ALLOWED_POINTS_PER_CUSTOMER",
              "value": 9999,
              "type": "PERIOD_BASED",
              "periodType": "MOVING_WINDOW",
              "periodUnit": "DAILY"
            },
            {
              "name": "MAX_ALLOWED_TIMES_PER_PROMOTION",
              "value": 9999,
              "type": "PERIOD_BASED",
              "periodType": "MOVING_WINDOW",
              "periodUnit": "DAILY"
            },
            {
              "name": "MAX_ALLOWED_POINTS_PER_PROMOTION",
              "value": 9999,
              "type": "PERIOD_BASED",
              "periodType": "MOVING_WINDOW",
              "periodUnit": "DAILY"
            },
            {
              "name": "MAX_REDEMPTIONS_PER_EARN_PER_CUSTOMER",
              "value": 100,
              "type": "NON_PERIOD_BASED",
              "periodType": null,
              "periodUnit": null
            }
          ],
          "issualRestrictions": [],
          "earnRestrictions": [],
          "expiryRestrictions": []
        },
        "scope": null,
        "isStackable": false,
        "isConsideredForRanking": false,
        "loyaltyEarningType": null,
        "expiryReminder": null,
        "isExclusive": false,
        "isAlwaysApply": false,
        "targetGroupIds": null,
        "targetRuleIds": null,
        "linkedTargetGroupVsTargetRuleIdMap": null
      }
    },
    {
      "id": 1122,
      "name": "C46.Complete Food Smart Nutri Quiz",
      "description": "C46.Complete Food Smart Nutri Quiz",
      "promotionStatus": "INACTIVE",
      "lastUpdateDate": "2024-11-26T03:49:03-05:00",
      "startRuleIdentifier": "ruleset_20241112031846",
      "lastUpdatedBy": 400170573,
      "programName": "Shell USA Inc_UATDefaultProgram",
      "promotionType": "CUSTOMER",
      "programId": 150,
      "startDate": "2024-11-01T00:00-05:00",
      "endDate": "2025-12-31T23:59:59-05:00",
      "identifier": "b5be9396-e88d-40b4-b2d0-517cb8ebbb27",
      "isActive": false,
      "eventName": "TARGETCOMPLETED",
      "pointsOfferType": "GENERIC",
      "promotionRestrictions": {
        "restrictions": {
          "redemptionRestrictions": [
            {
              "name": "MAX_ALLOWED_TIMES_PER_CUSTOMER",
              "value": 1,
              "type": "NON_PERIOD_BASED",
              "periodType": "MOVING_WINDOW",
              "periodUnit": "DAILY"
            },
            {
              "name": "MAX_ALLOWED_POINTS_PER_CUSTOMER",
              "value": 100,
              "type": "NON_PERIOD_BASED",
              "periodType": "MOVING_WINDOW",
              "periodUnit": "DAILY"
            },
            {
              "name": "MAX_REDEMPTIONS_PER_EARN_PER_CUSTOMER",
              "value": 100,
              "type": "NON_PERIOD_BASED",
              "periodType": null,
              "periodUnit": null
            }
          ],
          "issualRestrictions": [],
          "earnRestrictions": [],
          "expiryRestrictions": []
        },
        "scope": null,
        "isStackable": false,
        "isConsideredForRanking": false,
        "loyaltyEarningType": null,
        "expiryReminder": null,
        "isExclusive": false,
        "isAlwaysApply": false,
        "targetGroupIds": null,
        "targetRuleIds": null,
        "linkedTargetGroupVsTargetRuleIdMap": null
      }
    },
    {
      "id": 1121,
      "name": "C47.Foodsmart",
      "description": "",
      "promotionStatus": "INACTIVE",
      "lastUpdateDate": "2024-11-26T03:49:44-05:00",
      "startRuleIdentifier": "ruleset_20241111234850",
      "lastUpdatedBy": 400170573,
      "programName": "Shell USA Inc_UATDefaultProgram",
      "promotionType": "CUSTOMER",
      "programId": 150,
      "startDate": "2024-11-01T00:00-05:00",
      "endDate": "2025-12-31T23:59:59-05:00",
      "identifier": "63ce00a8-e437-4566-bcdb-0b107fd023da",
      "isActive": false,
      "eventName": "TARGETCOMPLETED",
      "pointsOfferType": "GENERIC",
      "promotionRestrictions": {
        "restrictions": {
          "redemptionRestrictions": [
            {
              "name": "MAX_ALLOWED_TIMES_PER_CUSTOMER",
              "value": 1,
              "type": "NON_PERIOD_BASED",
              "periodType": "MOVING_WINDOW",
              "periodUnit": "DAILY"
            },
            {
              "name": "MAX_ALLOWED_POINTS_PER_CUSTOMER",
              "value": 100,
              "type": "NON_PERIOD_BASED",
              "periodType": "MOVING_WINDOW",
              "periodUnit": "DAILY"
            },
            {
              "name": "MAX_REDEMPTIONS_PER_EARN_PER_CUSTOMER",
              "value": 100,
              "type": "NON_PERIOD_BASED",
              "periodType": null,
              "periodUnit": null
            }
          ],
          "issualRestrictions": [],
          "earnRestrictions": [],
          "expiryRestrictions": []
        },
        "scope": null,
        "isStackable": false,
        "isConsideredForRanking": false,
        "loyaltyEarningType": null,
        "expiryReminder": null,
        "isExclusive": false,
        "isAlwaysApply": false,
        "targetGroupIds": null,
        "targetRuleIds": null,
        "linkedTargetGroupVsTargetRuleIdMap": null
      }
    },
    {
      "id": 1075,
      "name": "R14.Gym Check-In: January through December",
      "description": "R14.Gym Check-In: January through December",
      "promotionStatus": "INACTIVE",
      "lastUpdateDate": "2024-11-26T03:47:58-05:00",
      "startRuleIdentifier": "ruleset_20241110223527",
      "lastUpdatedBy": 400170573,
      "programName": "Shell USA Inc_UATDefaultProgram",
      "promotionType": "CUSTOMER",
      "programId": 150,
      "startDate": "2024-11-01T00:00-05:00",
      "endDate": "2025-12-31T23:59:59-05:00",
      "identifier": "6b364503-2edc-4be9-892b-1c331fe2c0ab",
      "isActive": false,
      "eventName": "TARGETCOMPLETED",
      "pointsOfferType": "GENERIC",
      "promotionRestrictions": {
        "restrictions": {
          "redemptionRestrictions": [
            {
              "name": "MAX_ALLOWED_TIMES_PER_CUSTOMER",
              "value": 1,
              "type": "NON_PERIOD_BASED",
              "periodType": "MOVING_WINDOW",
              "periodUnit": "DAILY"
            },
            {
              "name": "MAX_ALLOWED_POINTS_PER_CUSTOMER",
              "value": 200,
              "type": "NON_PERIOD_BASED",
              "periodType": "MOVING_WINDOW",
              "periodUnit": "DAILY"
            },
            {
              "name": "MAX_REDEMPTIONS_PER_EARN_PER_CUSTOMER",
              "value": 100,
              "type": "NON_PERIOD_BASED",
              "periodType": null,
              "periodUnit": null
            }
          ],
          "issualRestrictions": [],
          "earnRestrictions": [],
          "expiryRestrictions": []
        },
        "scope": null,
        "isStackable": false,
        "isConsideredForRanking": false,
        "loyaltyEarningType": null,
        "expiryReminder": null,
        "isExclusive": false,
        "isAlwaysApply": false,
        "targetGroupIds": null,
        "targetRuleIds": null,
        "linkedTargetGroupVsTargetRuleIdMap": null
      }
    },
    {
      "id": 1074,
      "name": "R156.Stride: January through December",
      "description": "R156.Stride: January through December",
      "promotionStatus": "INACTIVE",
      "lastUpdateDate": "2024-11-26T03:47:42-05:00",
      "startRuleIdentifier": "ruleset_20241110223154",
      "lastUpdatedBy": 400170573,
      "programName": "Shell USA Inc_UATDefaultProgram",
      "promotionType": "CUSTOMER",
      "programId": 150,
      "startDate": "2024-11-01T00:00-05:00",
      "endDate": "2025-12-31T23:59:59-05:00",
      "identifier": "cb8e24a2-8b11-4c7e-a7cb-3b979dca00c5",
      "isActive": false,
      "eventName": "TARGETCOMPLETED",
      "pointsOfferType": "GENERIC",
      "promotionRestrictions": {
        "restrictions": {
          "redemptionRestrictions": [
            {
              "name": "MAX_ALLOWED_TIMES_PER_CUSTOMER",
              "value": 1,
              "type": "NON_PERIOD_BASED",
              "periodType": "MOVING_WINDOW",
              "periodUnit": "DAILY"
            },
            {
              "name": "MAX_ALLOWED_POINTS_PER_CUSTOMER",
              "value": 200,
              "type": "NON_PERIOD_BASED",
              "periodType": "MOVING_WINDOW",
              "periodUnit": "DAILY"
            },
            {
              "name": "MAX_REDEMPTIONS_PER_EARN_PER_CUSTOMER",
              "value": 100,
              "type": "NON_PERIOD_BASED",
              "periodType": null,
              "periodUnit": null
            }
          ],
          "issualRestrictions": [],
          "earnRestrictions": [],
          "expiryRestrictions": []
        },
        "scope": null,
        "isStackable": false,
        "isConsideredForRanking": false,
        "loyaltyEarningType": null,
        "expiryReminder": null,
        "isExclusive": false,
        "isAlwaysApply": false,
        "targetGroupIds": null,
        "targetRuleIds": null,
        "linkedTargetGroupVsTargetRuleIdMap": null
      }
    },
    {
      "id": 1035,
      "name": "F9.Complete 3 of the following quizzes",
      "description": "F9.Complete 3 of the following quizzes",
      "promotionStatus": "INACTIVE",
      "lastUpdateDate": "2024-11-26T03:45:54-05:00",
      "startRuleIdentifier": "ruleset_20241109041158",
      "lastUpdatedBy": 400170573,
      "programName": "Shell USA Inc_UATDefaultProgram",
      "promotionType": "CUSTOMER",
      "programId": 150,
      "startDate": "2024-11-01T00:00-05:00",
      "endDate": "2025-12-31T23:59:59-05:00",
      "identifier": "4290ca02-4c22-4cde-9b75-8dacc04c6884",
      "isActive": false,
      "eventName": "TARGETCOMPLETED",
      "pointsOfferType": "GENERIC",
      "promotionRestrictions": {
        "restrictions": {
          "redemptionRestrictions": [
            {
              "name": "MAX_ALLOWED_TIMES_PER_CUSTOMER",
              "value": 1,
              "type": "NON_PERIOD_BASED",
              "periodType": "MOVING_WINDOW",
              "periodUnit": "DAILY"
            },
            {
              "name": "MAX_ALLOWED_POINTS_PER_CUSTOMER",
              "value": 100,
              "type": "NON_PERIOD_BASED",
              "periodType": "MOVING_WINDOW",
              "periodUnit": "DAILY"
            },
            {
              "name": "MAX_REDEMPTIONS_PER_EARN_PER_CUSTOMER",
              "value": 100,
              "type": "NON_PERIOD_BASED",
              "periodType": null,
              "periodUnit": null
            }
          ],
          "issualRestrictions": [],
          "earnRestrictions": [],
          "expiryRestrictions": []
        },
        "scope": null,
        "isStackable": false,
        "isConsideredForRanking": false,
        "loyaltyEarningType": null,
        "expiryReminder": null,
        "isExclusive": false,
        "isAlwaysApply": false,
        "targetGroupIds": null,
        "targetRuleIds": null,
        "linkedTargetGroupVsTargetRuleIdMap": null
      }
    },
    {
      "id": 1034,
      "name": "F7.Complete 3 of the following missions_v1",
      "description": "F7.Complete 3 of the following missions_v1",
      "promotionStatus": "INACTIVE",
      "lastUpdateDate": "2024-11-26T03:46:42-05:00",
      "startRuleIdentifier": "ruleset_20241109041001",
      "lastUpdatedBy": 400170573,
      "programName": "Shell USA Inc_UATDefaultProgram",
      "promotionType": "CUSTOMER",
      "programId": 150,
      "startDate": "2024-11-01T00:00-05:00",
      "endDate": "2025-12-31T23:59:59-05:00",
      "identifier": "c7339041-0d86-42bf-afb3-5032f06cc4a3",
      "isActive": false,
      "eventName": "TARGETCOMPLETED",
      "pointsOfferType": "GENERIC",
      "promotionRestrictions": {
        "restrictions": {
          "redemptionRestrictions": [
            {
              "name": "MAX_ALLOWED_TIMES_PER_CUSTOMER",
              "value": 1,
              "type": "NON_PERIOD_BASED",
              "periodType": "MOVING_WINDOW",
              "periodUnit": "DAILY"
            },
            {
              "name": "MAX_ALLOWED_POINTS_PER_CUSTOMER",
              "value": 100,
              "type": "NON_PERIOD_BASED",
              "periodType": "MOVING_WINDOW",
              "periodUnit": "DAILY"
            },
            {
              "name": "MAX_REDEMPTIONS_PER_EARN_PER_CUSTOMER",
              "value": 100,
              "type": "NON_PERIOD_BASED",
              "periodType": null,
              "periodUnit": null
            }
          ],
          "issualRestrictions": [],
          "earnRestrictions": [],
          "expiryRestrictions": []
        },
        "scope": null,
        "isStackable": false,
        "isConsideredForRanking": false,
        "loyaltyEarningType": null,
        "expiryReminder": null,
        "isExclusive": false,
        "isAlwaysApply": false,
        "targetGroupIds": null,
        "targetRuleIds": null,
        "linkedTargetGroupVsTargetRuleIdMap": null
      }
    },
    {
      "id": 1033,
      "name": "R4.Complete any challenge",
      "description": "R4.Complete any challenge",
      "promotionStatus": "INACTIVE",
      "lastUpdateDate": "2024-11-26T03:47:11-05:00",
      "startRuleIdentifier": "ruleset_20241109040544",
      "lastUpdatedBy": 400170573,
      "programName": "Shell USA Inc_UATDefaultProgram",
      "promotionType": "CUSTOMER",
      "programId": 150,
      "startDate": "2024-11-01T00:00-05:00",
      "endDate": "2025-12-31T23:59:59-05:00",
      "identifier": "eba07303-8553-4015-884f-a902509c58e9",
      "isActive": false,
      "eventName": "TARGETCOMPLETED",
      "pointsOfferType": "GENERIC",
      "promotionRestrictions": {
        "restrictions": {
          "redemptionRestrictions": [
            {
              "name": "MAX_ALLOWED_TIMES_PER_CUSTOMER",
              "value": 1,
              "type": "NON_PERIOD_BASED",
              "periodType": "MOVING_WINDOW",
              "periodUnit": "DAILY"
            },
            {
              "name": "MAX_ALLOWED_POINTS_PER_CUSTOMER",
              "value": 200,
              "type": "NON_PERIOD_BASED",
              "periodType": "MOVING_WINDOW",
              "periodUnit": "DAILY"
            },
            {
              "name": "MAX_REDEMPTIONS_PER_EARN_PER_CUSTOMER",
              "value": 100,
              "type": "NON_PERIOD_BASED",
              "periodType": null,
              "periodUnit": null
            }
          ],
          "issualRestrictions": [],
          "earnRestrictions": [],
          "expiryRestrictions": []
        },
        "scope": null,
        "isStackable": false,
        "isConsideredForRanking": false,
        "loyaltyEarningType": null,
        "expiryReminder": null,
        "isExclusive": false,
        "isAlwaysApply": false,
        "targetGroupIds": null,
        "targetRuleIds": null,
        "linkedTargetGroupVsTargetRuleIdMap": null
      }
    },
    {
      "id": 1032,
      "name": "F7.Complete 2 of the following missions",
      "description": "F7.Complete 2 of the following missions",
      "promotionStatus": "INACTIVE",
      "lastUpdateDate": "2024-11-26T03:47:25-05:00",
      "startRuleIdentifier": "ruleset_20241109040345",
      "lastUpdatedBy": 400170573,
      "programName": "Shell USA Inc_UATDefaultProgram",
      "promotionType": "CUSTOMER",
      "programId": 150,
      "startDate": "2024-11-01T00:00-05:00",
      "endDate": "2025-12-31T23:59:59-05:00",
      "identifier": "599ba052-81a5-4789-b0fb-53782bed60fe",
      "isActive": false,
      "eventName": "TARGETCOMPLETED",
      "pointsOfferType": "GENERIC",
      "promotionRestrictions": {
        "restrictions": {
          "redemptionRestrictions": [
            {
              "name": "MAX_ALLOWED_TIMES_PER_CUSTOMER",
              "value": 1,
              "type": "NON_PERIOD_BASED",
              "periodType": "MOVING_WINDOW",
              "periodUnit": "DAILY"
            },
            {
              "name": "MAX_ALLOWED_POINTS_PER_CUSTOMER",
              "value": 200,
              "type": "NON_PERIOD_BASED",
              "periodType": "MOVING_WINDOW",
              "periodUnit": "DAILY"
            },
            {
              "name": "MAX_REDEMPTIONS_PER_EARN_PER_CUSTOMER",
              "value": 100,
              "type": "NON_PERIOD_BASED",
              "periodType": null,
              "periodUnit": null
            }
          ],
          "issualRestrictions": [],
          "earnRestrictions": [],
          "expiryRestrictions": []
        },
        "scope": null,
        "isStackable": false,
        "isConsideredForRanking": false,
        "loyaltyEarningType": null,
        "expiryReminder": null,
        "isExclusive": false,
        "isAlwaysApply": false,
        "targetGroupIds": null,
        "targetRuleIds": null,
        "linkedTargetGroupVsTargetRuleIdMap": null
      }
    },
    {
      "id": 1031,
      "name": "Custom3.Virtual visit attestation",
      "description": "Gatekeeper.Custom3.Virtual visit attestation",
      "promotionStatus": "INACTIVE",
      "lastUpdateDate": "2024-11-26T03:49:16-05:00",
      "startRuleIdentifier": "ruleset_20241109040142",
      "lastUpdatedBy": 400170573,
      "programName": "Shell USA Inc_UATDefaultProgram",
      "promotionType": "CUSTOMER",
      "programId": 150,
      "startDate": "2024-11-01T00:00-05:00",
      "endDate": "2025-12-31T23:59:59-05:00",
      "identifier": "81dcb754-afa9-4de3-9425-e99e0b327fb1",
      "isActive": false,
      "eventName": "TARGETCOMPLETED",
      "pointsOfferType": "GENERIC",
      "promotionRestrictions": {
        "restrictions": {
          "redemptionRestrictions": [
            {
              "name": "MAX_ALLOWED_TIMES_PER_CUSTOMER",
              "value": 1,
              "type": "NON_PERIOD_BASED",
              "periodType": "MOVING_WINDOW",
              "periodUnit": "DAILY"
            },
            {
              "name": "MAX_ALLOWED_POINTS_PER_CUSTOMER",
              "value": 100,
              "type": "NON_PERIOD_BASED",
              "periodType": "MOVING_WINDOW",
              "periodUnit": "DAILY"
            },
            {
              "name": "MAX_REDEMPTIONS_PER_EARN_PER_CUSTOMER",
              "value": 100,
              "type": "NON_PERIOD_BASED",
              "periodType": null,
              "periodUnit": null
            }
          ],
          "issualRestrictions": [],
          "earnRestrictions": [],
          "expiryRestrictions": []
        },
        "scope": null,
        "isStackable": false,
        "isConsideredForRanking": false,
        "loyaltyEarningType": null,
        "expiryReminder": null,
        "isExclusive": false,
        "isAlwaysApply": false,
        "targetGroupIds": null,
        "targetRuleIds": null,
        "linkedTargetGroupVsTargetRuleIdMap": null
      }
    },
    {
      "id": 1030,
      "name": "F7.Complete 3 of the following missions",
      "description": "F7.Complete 3 of the following missions",
      "promotionStatus": "INACTIVE",
      "lastUpdateDate": "2024-11-26T03:49:31-05:00",
      "startRuleIdentifier": "ruleset_20241109034458",
      "lastUpdatedBy": 400170573,
      "programName": "Shell USA Inc_UATDefaultProgram",
      "promotionType": "CUSTOMER",
      "programId": 150,
      "startDate": "2024-11-01T00:00-05:00",
      "endDate": "2025-12-31T23:59:59-05:00",
      "identifier": "7b4be3f2-a57f-4f89-87c2-22d205bce82a",
      "isActive": false,
      "eventName": "TARGETCOMPLETED",
      "pointsOfferType": "GENERIC",
      "promotionRestrictions": {
        "restrictions": {
          "redemptionRestrictions": [
            {
              "name": "MAX_ALLOWED_TIMES_PER_CUSTOMER",
              "value": 1,
              "type": "NON_PERIOD_BASED",
              "periodType": "MOVING_WINDOW",
              "periodUnit": "DAILY"
            },
            {
              "name": "MAX_ALLOWED_POINTS_PER_CUSTOMER",
              "value": 100,
              "type": "NON_PERIOD_BASED",
              "periodType": "MOVING_WINDOW",
              "periodUnit": "DAILY"
            },
            {
              "name": "MAX_REDEMPTIONS_PER_EARN_PER_CUSTOMER",
              "value": 100,
              "type": "NON_PERIOD_BASED",
              "periodType": null,
              "periodUnit": null
            }
          ],
          "issualRestrictions": [],
          "earnRestrictions": [],
          "expiryRestrictions": []
        },
        "scope": null,
        "isStackable": false,
        "isConsideredForRanking": false,
        "loyaltyEarningType": null,
        "expiryReminder": null,
        "isExclusive": false,
        "isAlwaysApply": false,
        "targetGroupIds": null,
        "targetRuleIds": null,
        "linkedTargetGroupVsTargetRuleIdMap": null
      }
    },
    {
      "id": 1029,
      "name": "C12.Complete Real Appeal",
      "description": "C12.Complete Real Appeal",
      "promotionStatus": "INACTIVE",
      "lastUpdateDate": "2024-11-26T03:46:24-05:00",
      "startRuleIdentifier": "ruleset_20241109033953",
      "lastUpdatedBy": 400170573,
      "programName": "Shell USA Inc_UATDefaultProgram",
      "promotionType": "CUSTOMER",
      "programId": 150,
      "startDate": "2024-11-01T00:00-05:00",
      "endDate": "2025-12-31T23:59:59-05:00",
      "identifier": "b1c8e0ae-850d-44a8-a8e8-7993cb25fada",
      "isActive": false,
      "eventName": "TARGETCOMPLETED",
      "pointsOfferType": "GENERIC",
      "promotionRestrictions": {
        "restrictions": {
          "redemptionRestrictions": [
            {
              "name": "MAX_ALLOWED_TIMES_PER_CUSTOMER",
              "value": 1,
              "type": "NON_PERIOD_BASED",
              "periodType": "MOVING_WINDOW",
              "periodUnit": "DAILY"
            },
            {
              "name": "MAX_ALLOWED_POINTS_PER_CUSTOMER",
              "value": 400,
              "type": "NON_PERIOD_BASED",
              "periodType": "MOVING_WINDOW",
              "periodUnit": "DAILY"
            },
            {
              "name": "MAX_REDEMPTIONS_PER_EARN_PER_CUSTOMER",
              "value": 100,
              "type": "NON_PERIOD_BASED",
              "periodType": null,
              "periodUnit": null
            }
          ],
          "issualRestrictions": [],
          "earnRestrictions": [],
          "expiryRestrictions": []
        },
        "scope": null,
        "isStackable": false,
        "isConsideredForRanking": false,
        "loyaltyEarningType": null,
        "expiryReminder": null,
        "isExclusive": false,
        "isAlwaysApply": false,
        "targetGroupIds": null,
        "targetRuleIds": null,
        "linkedTargetGroupVsTargetRuleIdMap": null
      }
    },
    {
      "id": 1028,
      "name": "C5.Complete any Personal or Online Wellness Coaching Program",
      "description": "C5.Complete any Personal or Online Wellness Coaching Program",
      "promotionStatus": "INACTIVE",
      "lastUpdateDate": "2024-11-26T03:48:21-05:00",
      "startRuleIdentifier": "ruleset_20241109033418",
      "lastUpdatedBy": 400170573,
      "programName": "Shell USA Inc_UATDefaultProgram",
      "promotionType": "CUSTOMER",
      "programId": 150,
      "startDate": "2024-11-01T00:00-05:00",
      "endDate": "2025-12-31T23:59:59-05:00",
      "identifier": "ec4d4e86-1a69-4861-8ad3-017fec6aec9c",
      "isActive": false,
      "eventName": "TARGETCOMPLETED",
      "pointsOfferType": "GENERIC",
      "promotionRestrictions": {
        "restrictions": {
          "redemptionRestrictions": [
            {
              "name": "MAX_ALLOWED_TIMES_PER_CUSTOMER",
              "value": 1,
              "type": "NON_PERIOD_BASED",
              "periodType": "MOVING_WINDOW",
              "periodUnit": "DAILY"
            },
            {
              "name": "MAX_ALLOWED_POINTS_PER_CUSTOMER",
              "value": 300,
              "type": "NON_PERIOD_BASED",
              "periodType": "MOVING_WINDOW",
              "periodUnit": "DAILY"
            },
            {
              "name": "MAX_REDEMPTIONS_PER_EARN_PER_CUSTOMER",
              "value": 100,
              "type": "NON_PERIOD_BASED",
              "periodType": null,
              "periodUnit": null
            }
          ],
          "issualRestrictions": [],
          "earnRestrictions": [],
          "expiryRestrictions": []
        },
        "scope": null,
        "isStackable": false,
        "isConsideredForRanking": false,
        "loyaltyEarningType": null,
        "expiryReminder": null,
        "isExclusive": false,
        "isAlwaysApply": false,
        "targetGroupIds": null,
        "targetRuleIds": null,
        "linkedTargetGroupVsTargetRuleIdMap": null
      }
    },
    {
      "id": 1027,
      "name": "B10.Achieve Your Target BMI OR BMI Improvement",
      "description": "B10.Achieve Your Target BMI OR BMI Improvement",
      "promotionStatus": "INACTIVE",
      "lastUpdateDate": "2024-11-26T03:48:35-05:00",
      "startRuleIdentifier": "ruleset_20241109030900",
      "lastUpdatedBy": 400170573,
      "programName": "Shell USA Inc_UATDefaultProgram",
      "promotionType": "CUSTOMER",
      "programId": 150,
      "startDate": "2024-11-01T00:00-05:00",
      "endDate": "2025-12-31T23:59:59-05:00",
      "identifier": "5bfc3dc1-77be-4056-91b7-0792b508ae46",
      "isActive": false,
      "eventName": "TARGETCOMPLETED",
      "pointsOfferType": "GENERIC",
      "promotionRestrictions": {
        "restrictions": {
          "redemptionRestrictions": [
            {
              "name": "MAX_ALLOWED_TIMES_PER_CUSTOMER",
              "value": 1,
              "type": "NON_PERIOD_BASED",
              "periodType": "MOVING_WINDOW",
              "periodUnit": "DAILY"
            },
            {
              "name": "MAX_ALLOWED_POINTS_PER_CUSTOMER",
              "value": 200,
              "type": "NON_PERIOD_BASED",
              "periodType": "MOVING_WINDOW",
              "periodUnit": "DAILY"
            },
            {
              "name": "MAX_REDEMPTIONS_PER_EARN_PER_CUSTOMER",
              "value": 100,
              "type": "NON_PERIOD_BASED",
              "periodType": null,
              "periodUnit": null
            }
          ],
          "issualRestrictions": [],
          "earnRestrictions": [],
          "expiryRestrictions": []
        },
        "scope": null,
        "isStackable": false,
        "isConsideredForRanking": false,
        "loyaltyEarningType": null,
        "expiryReminder": null,
        "isExclusive": false,
        "isAlwaysApply": false,
        "targetGroupIds": null,
        "targetRuleIds": null,
        "linkedTargetGroupVsTargetRuleIdMap": null
      }
    },
    {
      "id": 1021,
      "name": "R9.Complete your Rally Health Survey",
      "description": "R9.Complete your Rally Health Survey",
      "promotionStatus": "INACTIVE",
      "lastUpdateDate": "2024-11-09T09:56:10-05:00",
      "startRuleIdentifier": "ruleset_20241109002414",
      "lastUpdatedBy": 400169507,
      "programName": "Shell USA Inc_UATDefaultProgram",
      "promotionType": "CUSTOMER",
      "programId": 150,
      "startDate": "2024-11-01T00:00-05:00",
      "endDate": "2025-12-31T23:59:59-05:00",
      "identifier": "40672045-e16e-4b04-a1e8-2cc6e9335d85",
      "isActive": false,
      "eventName": "TARGETCOMPLETED",
      "pointsOfferType": "GENERIC",
      "promotionRestrictions": {
        "restrictions": {
          "redemptionRestrictions": [
            {
              "name": "MAX_REDEMPTIONS_PER_EARN_PER_CUSTOMER",
              "value": 100,
              "type": "NON_PERIOD_BASED",
              "periodType": null,
              "periodUnit": null
            }
          ],
          "issualRestrictions": [],
          "earnRestrictions": [],
          "expiryRestrictions": []
        },
        "scope": null,
        "isStackable": false,
        "isConsideredForRanking": false,
        "loyaltyEarningType": null,
        "expiryReminder": null,
        "isExclusive": false,
        "isAlwaysApply": false,
        "targetGroupIds": null,
        "targetRuleIds": null,
        "linkedTargetGroupVsTargetRuleIdMap": null
      }
    }
  ],
  "pageDetails": {
    "pageNumber": 0,
    "pageSize": 100,
    "totalEntries": 32,
    "pageCount": 1
  }
}