{
  "status": {
    "code": 200,
    "message": "success"
  },
  "validationErrors": null,
  "data": [
    {
      "id": 1954,
      "name": "Custom 21: Attest \u2013 flu shot_v29",
      "description": "Optum Engage|Self Attestation|Flu Shot",
      "promotionStatus": "LIVE",
      "lastUpdateDate": "2024-12-15T14:27:05-05:00",
      "startRuleIdentifier": "ruleset_59ecc5e3-77e7-4b1b-8c2b-4e2cb91ebe8c",
      "lastUpdatedBy": 4,
      "programName": "Federal Reserve Banks_UATDefaultProgram",
      "promotionType": "CUSTOMER",
      "programId": 45,
      "startDate": "2024-11-01T00:00-05:00",
      "endDate": "2025-11-30T00:00-05:00",
      "identifier": "c0cba9e4-7890-43a9-98bc-eca4bb575a53",
      "isActive": true,
      "eventName": "TARGETCOMPLETED",
      "pointsOfferType": "GENERIC",
      "promotionRestrictions": {
        "restrictions": {
          "redemptionRestrictions": [
            {
              "name": "MAX_ALLOWED_TIMES_PER_CUSTOMER",
              "value": 1,
              "type": "NON_PERIOD_BASED",
              "periodType": "MOVING_WINDOW",
              "periodUnit": "DAILY"
            },
            {
              "name": "MAX_REDEMPTIONS_PER_EARN_PER_CUSTOMER",
              "value": 100,
              "type": "NON_PERIOD_BASED",
              "periodType": "MOVING_WINDOW",
              "periodUnit": "DAILY"
            }
          ],
          "issualRestrictions": [],
          "earnRestrictions": [],
          "expiryRestrictions": []
        },
        "scope": null,
        "isStackable": false,
        "isConsideredForRanking": false,
        "loyaltyEarningType": null,
        "expiryReminder": null,
        "isExclusive": false,
        "isAlwaysApply": false,
        "targetGroupIds": null,
        "targetRuleIds": null,
        "linkedTargetGroupVsTargetRuleIdMap": null
      }
    },
    {
      "id": 1953,
      "name": "Custom 20: Attest \u2013 preventive dermatological exam_v29",
      "description": "Optum Engage|Rewardable Activity|{LOOKUP IN IDT EVENTS MASTER}",
      "promotionStatus": "LIVE",
      "lastUpdateDate": "2024-12-15T14:27:07-05:00",
      "startRuleIdentifier": "ruleset_fc4e13bd-50cd-4093-8bf5-9787f03d8cc1",
      "lastUpdatedBy": 4,
      "programName": "Federal Reserve Banks_UATDefaultProgram",
      "promotionType": "CUSTOMER",
      "programId": 45,
      "startDate": "2024-11-01T00:00-05:00",
      "endDate": "2025-11-30T00:00-05:00",
      "identifier": "56215dc8-265e-4066-b573-73426fa9ea17",
      "isActive": true,
      "eventName": "TARGETCOMPLETED",
      "pointsOfferType": "GENERIC",
      "promotionRestrictions": {
        "restrictions": {
          "redemptionRestrictions": [
            {
              "name": "MAX_ALLOWED_TIMES_PER_CUSTOMER",
              "value": 1,
              "type": "NON_PERIOD_BASED",
              "periodType": "MOVING_WINDOW",
              "periodUnit": "DAILY"
            },
            {
              "name": "MAX_REDEMPTIONS_PER_EARN_PER_CUSTOMER",
              "value": 100,
              "type": "NON_PERIOD_BASED",
              "periodType": "MOVING_WINDOW",
              "periodUnit": "DAILY"
            }
          ],
          "issualRestrictions": [],
          "earnRestrictions": [],
          "expiryRestrictions": []
        },
        "scope": null,
        "isStackable": false,
        "isConsideredForRanking": false,
        "loyaltyEarningType": null,
        "expiryReminder": null,
        "isExclusive": false,
        "isAlwaysApply": false,
        "targetGroupIds": null,
        "targetRuleIds": null,
        "linkedTargetGroupVsTargetRuleIdMap": null
      }
    },
    {
      "id": 1952,
      "name": "Custom 19: Attest \u2013 preventive well woman exam_v29",
      "description": "Optum Engage|Rewardable Activity|{LOOKUP IN IDT EVENTS MASTER}",
      "promotionStatus": "LIVE",
      "lastUpdateDate": "2024-12-15T14:27:09-05:00",
      "startRuleIdentifier": "ruleset_97132576-e633-42ba-b20a-f0b4621a384e",
      "lastUpdatedBy": 4,
      "programName": "Federal Reserve Banks_UATDefaultProgram",
      "promotionType": "CUSTOMER",
      "programId": 45,
      "startDate": "2024-11-01T00:00-05:00",
      "endDate": "2025-11-30T00:00-05:00",
      "identifier": "95d8f920-6068-4f6c-a785-35efb4ec76d3",
      "isActive": true,
      "eventName": "TARGETCOMPLETED",
      "pointsOfferType": "GENERIC",
      "promotionRestrictions": {
        "restrictions": {
          "redemptionRestrictions": [
            {
              "name": "MAX_ALLOWED_TIMES_PER_CUSTOMER",
              "value": 1,
              "type": "NON_PERIOD_BASED",
              "periodType": "MOVING_WINDOW",
              "periodUnit": "DAILY"
            },
            {
              "name": "MAX_REDEMPTIONS_PER_EARN_PER_CUSTOMER",
              "value": 100,
              "type": "NON_PERIOD_BASED",
              "periodType": "MOVING_WINDOW",
              "periodUnit": "DAILY"
            }
          ],
          "issualRestrictions": [],
          "earnRestrictions": [],
          "expiryRestrictions": []
        },
        "scope": null,
        "isStackable": false,
        "isConsideredForRanking": false,
        "loyaltyEarningType": null,
        "expiryReminder": null,
        "isExclusive": false,
        "isAlwaysApply": false,
        "targetGroupIds": null,
        "targetRuleIds": null,
        "linkedTargetGroupVsTargetRuleIdMap": null
      }
    },
    {
      "id": 1951,
      "name": "Custom 18: Attest \u2013 preventive eye exam_v29",
      "description": "Optum Engage|Self Attestation|Eye Exam",
      "promotionStatus": "LIVE",
      "lastUpdateDate": "2024-12-15T14:27:11-05:00",
      "startRuleIdentifier": "ruleset_a675a040-314a-47c9-817a-6334862b3d2d",
      "lastUpdatedBy": 4,
      "programName": "Federal Reserve Banks_UATDefaultProgram",
      "promotionType": "CUSTOMER",
      "programId": 45,
      "startDate": "2024-11-01T00:00-05:00",
      "endDate": "2025-11-30T00:00-05:00",
      "identifier": "2797b724-7ea9-486f-b46c-d3472033065c",
      "isActive": true,
      "eventName": "TARGETCOMPLETED",
      "pointsOfferType": "GENERIC",
      "promotionRestrictions": {
        "restrictions": {
          "redemptionRestrictions": [
            {
              "name": "MAX_ALLOWED_TIMES_PER_CUSTOMER",
              "value": 1,
              "type": "NON_PERIOD_BASED",
              "periodType": "MOVING_WINDOW",
              "periodUnit": "DAILY"
            },
            {
              "name": "MAX_REDEMPTIONS_PER_EARN_PER_CUSTOMER",
              "value": 100,
              "type": "NON_PERIOD_BASED",
              "periodType": "MOVING_WINDOW",
              "periodUnit": "DAILY"
            }
          ],
          "issualRestrictions": [],
          "earnRestrictions": [],
          "expiryRestrictions": []
        },
        "scope": null,
        "isStackable": false,
        "isConsideredForRanking": false,
        "loyaltyEarningType": null,
        "expiryReminder": null,
        "isExclusive": false,
        "isAlwaysApply": false,
        "targetGroupIds": null,
        "targetRuleIds": null,
        "linkedTargetGroupVsTargetRuleIdMap": null
      }
    },
    {
      "id": 1950,
      "name": "Custom 17: Attest - volunteer activity_v29",
      "description": "Optum Engage|Rewardable Activity|{LOOKUP IN IDT EVENTS MASTER}",
      "promotionStatus": "LIVE",
      "lastUpdateDate": "2024-12-15T14:27:12-05:00",
      "startRuleIdentifier": "ruleset_600b69c8-9141-4930-b1d9-5ff0d1a944a3",
      "lastUpdatedBy": 4,
      "programName": "Federal Reserve Banks_UATDefaultProgram",
      "promotionType": "CUSTOMER",
      "programId": 45,
      "startDate": "2024-11-01T00:00-05:00",
      "endDate": "2025-11-30T00:00-05:00",
      "identifier": "b90d1a18-798e-448c-8c57-395c4da1ddc1",
      "isActive": true,
      "eventName": "TARGETCOMPLETED",
      "pointsOfferType": "GENERIC",
      "promotionRestrictions": {
        "restrictions": {
          "redemptionRestrictions": [
            {
              "name": "MAX_ALLOWED_TIMES_PER_CUSTOMER",
              "value": 1,
              "type": "NON_PERIOD_BASED",
              "periodType": "MOVING_WINDOW",
              "periodUnit": "DAILY"
            },
            {
              "name": "MAX_REDEMPTIONS_PER_EARN_PER_CUSTOMER",
              "value": 100,
              "type": "NON_PERIOD_BASED",
              "periodType": "MOVING_WINDOW",
              "periodUnit": "DAILY"
            }
          ],
          "issualRestrictions": [],
          "earnRestrictions": [],
          "expiryRestrictions": []
        },
        "scope": null,
        "isStackable": false,
        "isConsideredForRanking": false,
        "loyaltyEarningType": null,
        "expiryReminder": null,
        "isExclusive": false,
        "isAlwaysApply": false,
        "targetGroupIds": null,
        "targetRuleIds": null,
        "linkedTargetGroupVsTargetRuleIdMap": null
      }
    },
    {
      "id": 1949,
      "name": "R9: Complete health survey_v29",
      "description": "Optum Engage|Rewardable Activity|Complete Rally Health Survey",
      "promotionStatus": "LIVE",
      "lastUpdateDate": "2024-12-15T14:27:14-05:00",
      "startRuleIdentifier": "ruleset_cbe21fb8-62f4-44f5-9578-e83e3ba149b2",
      "lastUpdatedBy": 4,
      "programName": "Federal Reserve Banks_UATDefaultProgram",
      "promotionType": "CUSTOMER",
      "programId": 45,
      "startDate": "2024-11-01T00:00-05:00",
      "endDate": "2025-11-30T00:00-05:00",
      "identifier": "6557de74-7e00-4f26-9d3c-3a661c03f9f0",
      "isActive": true,
      "eventName": "TARGETCOMPLETED",
      "pointsOfferType": "GENERIC",
      "promotionRestrictions": {
        "restrictions": {
          "redemptionRestrictions": [
            {
              "name": "MAX_ALLOWED_TIMES_PER_CUSTOMER",
              "value": 1,
              "type": "NON_PERIOD_BASED",
              "periodType": "MOVING_WINDOW",
              "periodUnit": "DAILY"
            },
            {
              "name": "MAX_REDEMPTIONS_PER_EARN_PER_CUSTOMER",
              "value": 100,
              "type": "NON_PERIOD_BASED",
              "periodType": "MOVING_WINDOW",
              "periodUnit": "DAILY"
            }
          ],
          "issualRestrictions": [],
          "earnRestrictions": [],
          "expiryRestrictions": []
        },
        "scope": null,
        "isStackable": false,
        "isConsideredForRanking": false,
        "loyaltyEarningType": null,
        "expiryReminder": null,
        "isExclusive": false,
        "isAlwaysApply": false,
        "targetGroupIds": null,
        "targetRuleIds": null,
        "linkedTargetGroupVsTargetRuleIdMap": null
      }
    },
    {
      "id": 1948,
      "name": "Custom 16: Attest - Wellness @ Work events_v29",
      "description": "Optum Engage|Rewardable Activity|Local Activity",
      "promotionStatus": "LIVE",
      "lastUpdateDate": "2024-12-15T14:27:16-05:00",
      "startRuleIdentifier": "ruleset_cccbac3d-4c4a-483c-8f12-1d0365b01acf",
      "lastUpdatedBy": 4,
      "programName": "Federal Reserve Banks_UATDefaultProgram",
      "promotionType": "CUSTOMER",
      "programId": 45,
      "startDate": "2024-11-01T00:00-05:00",
      "endDate": "2025-11-30T00:00-05:00",
      "identifier": "87396ba4-2253-42f3-a379-c6196783333d",
      "isActive": true,
      "eventName": "TARGETCOMPLETED",
      "pointsOfferType": "GENERIC",
      "promotionRestrictions": {
        "restrictions": {
          "redemptionRestrictions": [
            {
              "name": "MAX_ALLOWED_TIMES_PER_CUSTOMER",
              "value": 1,
              "type": "NON_PERIOD_BASED",
              "periodType": "MOVING_WINDOW",
              "periodUnit": "DAILY"
            },
            {
              "name": "MAX_REDEMPTIONS_PER_EARN_PER_CUSTOMER",
              "value": 100,
              "type": "NON_PERIOD_BASED",
              "periodType": "MOVING_WINDOW",
              "periodUnit": "DAILY"
            }
          ],
          "issualRestrictions": [],
          "earnRestrictions": [],
          "expiryRestrictions": []
        },
        "scope": null,
        "isStackable": false,
        "isConsideredForRanking": false,
        "loyaltyEarningType": null,
        "expiryReminder": null,
        "isExclusive": false,
        "isAlwaysApply": false,
        "targetGroupIds": null,
        "targetRuleIds": null,
        "linkedTargetGroupVsTargetRuleIdMap": null
      }
    },
    {
      "id": 1947,
      "name": "Custom 15: Attest - tobacco-free_v29",
      "description": "Optum Engage|Rewardable Activity|Confirm that you\u2019re tobacco free",
      "promotionStatus": "LIVE",
      "lastUpdateDate": "2024-12-15T14:27:17-05:00",
      "startRuleIdentifier": "ruleset_c3fe705d-eb67-48bb-83e3-74b7c681dbbb",
      "lastUpdatedBy": 4,
      "programName": "Federal Reserve Banks_UATDefaultProgram",
      "promotionType": "CUSTOMER",
      "programId": 45,
      "startDate": "2024-11-01T00:00-05:00",
      "endDate": "2025-11-30T00:00-05:00",
      "identifier": "8da94e5a-ce65-42ab-8148-9a4de81d41a2",
      "isActive": true,
      "eventName": "TARGETCOMPLETED",
      "pointsOfferType": "GENERIC",
      "promotionRestrictions": {
        "restrictions": {
          "redemptionRestrictions": [
            {
              "name": "MAX_ALLOWED_TIMES_PER_CUSTOMER",
              "value": 1,
              "type": "NON_PERIOD_BASED",
              "periodType": "MOVING_WINDOW",
              "periodUnit": "DAILY"
            },
            {
              "name": "MAX_REDEMPTIONS_PER_EARN_PER_CUSTOMER",
              "value": 100,
              "type": "NON_PERIOD_BASED",
              "periodType": "MOVING_WINDOW",
              "periodUnit": "DAILY"
            }
          ],
          "issualRestrictions": [],
          "earnRestrictions": [],
          "expiryRestrictions": []
        },
        "scope": null,
        "isStackable": false,
        "isConsideredForRanking": false,
        "loyaltyEarningType": null,
        "expiryReminder": null,
        "isExclusive": false,
        "isAlwaysApply": false,
        "targetGroupIds": null,
        "targetRuleIds": null,
        "linkedTargetGroupVsTargetRuleIdMap": null
      }
    },
    {
      "id": 1946,
      "name": "Custom 14: Attest - preventive health screening_v29",
      "description": "Optum Engage|Rewardable Activity|Preventive Screening",
      "promotionStatus": "LIVE",
      "lastUpdateDate": "2024-12-15T14:27:20-05:00",
      "startRuleIdentifier": "ruleset_9c60c4d6-b780-49e4-bda0-4a948e40c789",
      "lastUpdatedBy": 4,
      "programName": "Federal Reserve Banks_UATDefaultProgram",
      "promotionType": "CUSTOMER",
      "programId": 45,
      "startDate": "2024-11-01T00:00-05:00",
      "endDate": "2025-11-30T00:00-05:00",
      "identifier": "8c918c97-7906-4668-b8ae-63d70055c5ec",
      "isActive": true,
      "eventName": "TARGETCOMPLETED",
      "pointsOfferType": "GENERIC",
      "promotionRestrictions": {
        "restrictions": {
          "redemptionRestrictions": [
            {
              "name": "MAX_ALLOWED_TIMES_PER_CUSTOMER",
              "value": 1,
              "type": "NON_PERIOD_BASED",
              "periodType": "MOVING_WINDOW",
              "periodUnit": "DAILY"
            },
            {
              "name": "MAX_REDEMPTIONS_PER_EARN_PER_CUSTOMER",
              "value": 100,
              "type": "NON_PERIOD_BASED",
              "periodType": "MOVING_WINDOW",
              "periodUnit": "DAILY"
            }
          ],
          "issualRestrictions": [],
          "earnRestrictions": [],
          "expiryRestrictions": []
        },
        "scope": null,
        "isStackable": false,
        "isConsideredForRanking": false,
        "loyaltyEarningType": null,
        "expiryReminder": null,
        "isExclusive": false,
        "isAlwaysApply": false,
        "targetGroupIds": null,
        "targetRuleIds": null,
        "linkedTargetGroupVsTargetRuleIdMap": null
      }
    },
    {
      "id": 1945,
      "name": "Custom 13: Attest - local activity_v29",
      "description": "Optum Engage|Rewardable Activity|{LOOKUP IN IDT EVENTS MASTER}",
      "promotionStatus": "LIVE",
      "lastUpdateDate": "2024-12-15T14:27:22-05:00",
      "startRuleIdentifier": "ruleset_a7fa0ecd-18c9-497d-b763-2610c0884e04",
      "lastUpdatedBy": 4,
      "programName": "Federal Reserve Banks_UATDefaultProgram",
      "promotionType": "CUSTOMER",
      "programId": 45,
      "startDate": "2024-11-01T00:00-05:00",
      "endDate": "2025-11-30T00:00-05:00",
      "identifier": "588643c2-e28a-4aff-8664-239a451075cc",
      "isActive": true,
      "eventName": "TARGETCOMPLETED",
      "pointsOfferType": "GENERIC",
      "promotionRestrictions": {
        "restrictions": {
          "redemptionRestrictions": [
            {
              "name": "MAX_ALLOWED_TIMES_PER_CUSTOMER",
              "value": 1,
              "type": "NON_PERIOD_BASED",
              "periodType": "MOVING_WINDOW",
              "periodUnit": "DAILY"
            },
            {
              "name": "MAX_REDEMPTIONS_PER_EARN_PER_CUSTOMER",
              "value": 100,
              "type": "NON_PERIOD_BASED",
              "periodType": "MOVING_WINDOW",
              "periodUnit": "DAILY"
            }
          ],
          "issualRestrictions": [],
          "earnRestrictions": [],
          "expiryRestrictions": []
        },
        "scope": null,
        "isStackable": false,
        "isConsideredForRanking": false,
        "loyaltyEarningType": null,
        "expiryReminder": null,
        "isExclusive": false,
        "isAlwaysApply": false,
        "targetGroupIds": null,
        "targetRuleIds": null,
        "linkedTargetGroupVsTargetRuleIdMap": null
      }
    },
    {
      "id": 1944,
      "name": "Custom 11: Complete Resiliency Missions_v29",
      "description": "Optum Engage|Rewardable Activity|Complete 1 of the Following Resiliency Missions",
      "promotionStatus": "LIVE",
      "lastUpdateDate": "2024-12-15T14:27:24-05:00",
      "startRuleIdentifier": "ruleset_5a82bd7a-759a-44d8-b115-ba9bc227944c",
      "lastUpdatedBy": 4,
      "programName": "Federal Reserve Banks_UATDefaultProgram",
      "promotionType": "CUSTOMER",
      "programId": 45,
      "startDate": "2024-11-01T00:00-05:00",
      "endDate": "2025-11-30T00:00-05:00",
      "identifier": "6b257a9e-17c2-4c70-a8d9-5740d9884a2f",
      "isActive": true,
      "eventName": "TARGETCOMPLETED",
      "pointsOfferType": "GENERIC",
      "promotionRestrictions": {
        "restrictions": {
          "redemptionRestrictions": [
            {
              "name": "MAX_ALLOWED_TIMES_PER_CUSTOMER",
              "value": 1,
              "type": "NON_PERIOD_BASED",
              "periodType": "MOVING_WINDOW",
              "periodUnit": "DAILY"
            },
            {
              "name": "MAX_REDEMPTIONS_PER_EARN_PER_CUSTOMER",
              "value": 100,
              "type": "NON_PERIOD_BASED",
              "periodType": "MOVING_WINDOW",
              "periodUnit": "DAILY"
            }
          ],
          "issualRestrictions": [],
          "earnRestrictions": [],
          "expiryRestrictions": []
        },
        "scope": null,
        "isStackable": false,
        "isConsideredForRanking": false,
        "loyaltyEarningType": null,
        "expiryReminder": null,
        "isExclusive": false,
        "isAlwaysApply": false,
        "targetGroupIds": null,
        "targetRuleIds": null,
        "linkedTargetGroupVsTargetRuleIdMap": null
      }
    },
    {
      "id": 1943,
      "name": "Custom 09: Complete Self-care Missions_v29",
      "description": "Optum Engage|Rewardable Activity|Selfcare Missions",
      "promotionStatus": "LIVE",
      "lastUpdateDate": "2024-12-15T14:27:26-05:00",
      "startRuleIdentifier": "ruleset_6b91ba59-7c27-4375-b1da-d1ae5c83a433",
      "lastUpdatedBy": 4,
      "programName": "Federal Reserve Banks_UATDefaultProgram",
      "promotionType": "CUSTOMER",
      "programId": 45,
      "startDate": "2024-11-01T00:00-05:00",
      "endDate": "2025-11-30T00:00-05:00",
      "identifier": "bd53e25d-06e1-4cdf-86fb-2efa3c564d68",
      "isActive": true,
      "eventName": "TARGETCOMPLETED",
      "pointsOfferType": "GENERIC",
      "promotionRestrictions": {
        "restrictions": {
          "redemptionRestrictions": [
            {
              "name": "MAX_ALLOWED_TIMES_PER_CUSTOMER",
              "value": 1,
              "type": "NON_PERIOD_BASED",
              "periodType": "MOVING_WINDOW",
              "periodUnit": "DAILY"
            },
            {
              "name": "MAX_REDEMPTIONS_PER_EARN_PER_CUSTOMER",
              "value": 100,
              "type": "NON_PERIOD_BASED",
              "periodType": "MOVING_WINDOW",
              "periodUnit": "DAILY"
            }
          ],
          "issualRestrictions": [],
          "earnRestrictions": [],
          "expiryRestrictions": []
        },
        "scope": null,
        "isStackable": false,
        "isConsideredForRanking": false,
        "loyaltyEarningType": null,
        "expiryReminder": null,
        "isExclusive": false,
        "isAlwaysApply": false,
        "targetGroupIds": null,
        "targetRuleIds": null,
        "linkedTargetGroupVsTargetRuleIdMap": null
      }
    },
    {
      "id": 1942,
      "name": "Custom 08: Attest - Ayco coaching_v29",
      "description": "Optum Engage|Rewardable Activity|{LOOKUP IN IDT EVENTS MASTER}",
      "promotionStatus": "LIVE",
      "lastUpdateDate": "2024-12-15T14:27:27-05:00",
      "startRuleIdentifier": "ruleset_2952df8f-5e72-4e38-b7fb-74533bf72847",
      "lastUpdatedBy": 4,
      "programName": "Federal Reserve Banks_UATDefaultProgram",
      "promotionType": "CUSTOMER",
      "programId": 45,
      "startDate": "2024-11-01T00:00-05:00",
      "endDate": "2025-11-30T00:00-05:00",
      "identifier": "4f48fc6c-8172-42b1-833d-ce266decd4b8",
      "isActive": true,
      "eventName": "TARGETCOMPLETED",
      "pointsOfferType": "GENERIC",
      "promotionRestrictions": {
        "restrictions": {
          "redemptionRestrictions": [
            {
              "name": "MAX_ALLOWED_TIMES_PER_CUSTOMER",
              "value": 1,
              "type": "NON_PERIOD_BASED",
              "periodType": "MOVING_WINDOW",
              "periodUnit": "DAILY"
            },
            {
              "name": "MAX_REDEMPTIONS_PER_EARN_PER_CUSTOMER",
              "value": 100,
              "type": "NON_PERIOD_BASED",
              "periodType": "MOVING_WINDOW",
              "periodUnit": "DAILY"
            }
          ],
          "issualRestrictions": [],
          "earnRestrictions": [],
          "expiryRestrictions": []
        },
        "scope": null,
        "isStackable": false,
        "isConsideredForRanking": false,
        "loyaltyEarningType": null,
        "expiryReminder": null,
        "isExclusive": false,
        "isAlwaysApply": false,
        "targetGroupIds": null,
        "targetRuleIds": null,
        "linkedTargetGroupVsTargetRuleIdMap": null
      }
    },
    {
      "id": 1941,
      "name": "Custom 07: Attest - Ayco seminar_v29",
      "description": "Optum Engage|Rewardable Activity|{LOOKUP IN IDT EVENTS MASTER}",
      "promotionStatus": "LIVE",
      "lastUpdateDate": "2024-12-15T14:27:28-05:00",
      "startRuleIdentifier": "ruleset_1e7f70b0-746e-40ad-8a34-69cac8adc5ab",
      "lastUpdatedBy": 4,
      "programName": "Federal Reserve Banks_UATDefaultProgram",
      "promotionType": "CUSTOMER",
      "programId": 45,
      "startDate": "2024-11-01T00:00-05:00",
      "endDate": "2025-11-30T00:00-05:00",
      "identifier": "53d38689-ee01-4fc2-a7ab-e1ddbdbfffca",
      "isActive": true,
      "eventName": "TARGETCOMPLETED",
      "pointsOfferType": "GENERIC",
      "promotionRestrictions": {
        "restrictions": {
          "redemptionRestrictions": [
            {
              "name": "MAX_ALLOWED_TIMES_PER_CUSTOMER",
              "value": 1,
              "type": "NON_PERIOD_BASED",
              "periodType": "MOVING_WINDOW",
              "periodUnit": "DAILY"
            },
            {
              "name": "MAX_REDEMPTIONS_PER_EARN_PER_CUSTOMER",
              "value": 100,
              "type": "NON_PERIOD_BASED",
              "periodType": "MOVING_WINDOW",
              "periodUnit": "DAILY"
            }
          ],
          "issualRestrictions": [],
          "earnRestrictions": [],
          "expiryRestrictions": []
        },
        "scope": null,
        "isStackable": false,
        "isConsideredForRanking": false,
        "loyaltyEarningType": null,
        "expiryReminder": null,
        "isExclusive": false,
        "isAlwaysApply": false,
        "targetGroupIds": null,
        "targetRuleIds": null,
        "linkedTargetGroupVsTargetRuleIdMap": null
      }
    },
    {
      "id": 1940,
      "name": "F8: Complete Coaching Activities_v29",
      "description": "Optum Engage|Rewardable Activity|Complete 1 of the following programs",
      "promotionStatus": "LIVE",
      "lastUpdateDate": "2024-12-15T14:27:30-05:00",
      "startRuleIdentifier": "ruleset_393f5a71-6199-4e84-886b-5da88403bb56",
      "lastUpdatedBy": 4,
      "programName": "Federal Reserve Banks_UATDefaultProgram",
      "promotionType": "CUSTOMER",
      "programId": 45,
      "startDate": "2024-11-01T00:00-05:00",
      "endDate": "2025-11-30T00:00-05:00",
      "identifier": "64abcacd-008f-4994-9b70-e04aa9b849b8",
      "isActive": true,
      "eventName": "TARGETCOMPLETED",
      "pointsOfferType": "GENERIC",
      "promotionRestrictions": {
        "restrictions": {
          "redemptionRestrictions": [
            {
              "name": "MAX_ALLOWED_TIMES_PER_CUSTOMER",
              "value": 1,
              "type": "NON_PERIOD_BASED",
              "periodType": "MOVING_WINDOW",
              "periodUnit": "DAILY"
            },
            {
              "name": "MAX_REDEMPTIONS_PER_EARN_PER_CUSTOMER",
              "value": 100,
              "type": "NON_PERIOD_BASED",
              "periodType": "MOVING_WINDOW",
              "periodUnit": "DAILY"
            }
          ],
          "issualRestrictions": [],
          "earnRestrictions": [],
          "expiryRestrictions": []
        },
        "scope": null,
        "isStackable": false,
        "isConsideredForRanking": false,
        "loyaltyEarningType": null,
        "expiryReminder": null,
        "isExclusive": false,
        "isAlwaysApply": false,
        "targetGroupIds": null,
        "targetRuleIds": null,
        "linkedTargetGroupVsTargetRuleIdMap": null
      }
    },
    {
      "id": 1939,
      "name": "Custom 05: Attest to completion of preventive exam_v29",
      "description": "Optum Engage|Rewardable Activity|Preventive Exam",
      "promotionStatus": "LIVE",
      "lastUpdateDate": "2024-12-15T14:27:31-05:00",
      "startRuleIdentifier": "ruleset_babd93a6-0845-49f1-9f90-7db0e6ff1354",
      "lastUpdatedBy": 4,
      "programName": "Federal Reserve Banks_UATDefaultProgram",
      "promotionType": "CUSTOMER",
      "programId": 45,
      "startDate": "2024-11-01T00:00-05:00",
      "endDate": "2025-11-30T00:00-05:00",
      "identifier": "741341e9-1c67-495a-b9c8-5fbf8da9e7cf",
      "isActive": true,
      "eventName": "TARGETCOMPLETED",
      "pointsOfferType": "GENERIC",
      "promotionRestrictions": {
        "restrictions": {
          "redemptionRestrictions": [
            {
              "name": "MAX_ALLOWED_TIMES_PER_CUSTOMER",
              "value": 1,
              "type": "NON_PERIOD_BASED",
              "periodType": "MOVING_WINDOW",
              "periodUnit": "DAILY"
            },
            {
              "name": "MAX_REDEMPTIONS_PER_EARN_PER_CUSTOMER",
              "value": 100,
              "type": "NON_PERIOD_BASED",
              "periodType": "MOVING_WINDOW",
              "periodUnit": "DAILY"
            }
          ],
          "issualRestrictions": [],
          "earnRestrictions": [],
          "expiryRestrictions": []
        },
        "scope": null,
        "isStackable": false,
        "isConsideredForRanking": false,
        "loyaltyEarningType": null,
        "expiryReminder": null,
        "isExclusive": false,
        "isAlwaysApply": false,
        "targetGroupIds": null,
        "targetRuleIds": null,
        "linkedTargetGroupVsTargetRuleIdMap": null
      }
    },
    {
      "id": 1938,
      "name": "Custom 04: Attest to completion of annual physical_v29",
      "description": "Optum Engage|Self Attestation|Annual Exam",
      "promotionStatus": "LIVE",
      "lastUpdateDate": "2024-12-15T14:27:32-05:00",
      "startRuleIdentifier": "ruleset_007c08aa-cd1f-4dbe-80e3-fcd544b23028",
      "lastUpdatedBy": 4,
      "programName": "Federal Reserve Banks_UATDefaultProgram",
      "promotionType": "CUSTOMER",
      "programId": 45,
      "startDate": "2024-11-01T00:00-05:00",
      "endDate": "2025-11-30T00:00-05:00",
      "identifier": "b585c372-a8f4-4b46-9c51-2eb89d228c53",
      "isActive": true,
      "eventName": "TARGETCOMPLETED",
      "pointsOfferType": "GENERIC",
      "promotionRestrictions": {
        "restrictions": {
          "redemptionRestrictions": [
            {
              "name": "MAX_ALLOWED_TIMES_PER_CUSTOMER",
              "value": 1,
              "type": "NON_PERIOD_BASED",
              "periodType": "MOVING_WINDOW",
              "periodUnit": "DAILY"
            },
            {
              "name": "MAX_REDEMPTIONS_PER_EARN_PER_CUSTOMER",
              "value": 100,
              "type": "NON_PERIOD_BASED",
              "periodType": "MOVING_WINDOW",
              "periodUnit": "DAILY"
            }
          ],
          "issualRestrictions": [],
          "earnRestrictions": [],
          "expiryRestrictions": []
        },
        "scope": null,
        "isStackable": false,
        "isConsideredForRanking": false,
        "loyaltyEarningType": null,
        "expiryReminder": null,
        "isExclusive": false,
        "isAlwaysApply": false,
        "targetGroupIds": null,
        "targetRuleIds": null,
        "linkedTargetGroupVsTargetRuleIdMap": null
      }
    },
    {
      "id": 1937,
      "name": "Custom 03: SF Physical Health Missions_v29",
      "description": "Optum Engage|Rewardable Activity|Complete [[K]] of the Following Physical Health Missions",
      "promotionStatus": "LIVE",
      "lastUpdateDate": "2024-12-15T14:27:34-05:00",
      "startRuleIdentifier": "ruleset_36d531e2-2326-47d6-bb1c-766e9d3866bc",
      "lastUpdatedBy": 4,
      "programName": "Federal Reserve Banks_UATDefaultProgram",
      "promotionType": "CUSTOMER",
      "programId": 45,
      "startDate": "2024-11-01T00:00-05:00",
      "endDate": "2025-11-30T00:00-05:00",
      "identifier": "61097316-3255-4557-814a-4908650e385f",
      "isActive": true,
      "eventName": "TARGETCOMPLETED",
      "pointsOfferType": "GENERIC",
      "promotionRestrictions": {
        "restrictions": {
          "redemptionRestrictions": [
            {
              "name": "MAX_ALLOWED_TIMES_PER_CUSTOMER",
              "value": 2,
              "type": "NON_PERIOD_BASED",
              "periodType": "MOVING_WINDOW",
              "periodUnit": "DAILY"
            },
            {
              "name": "MAX_REDEMPTIONS_PER_EARN_PER_CUSTOMER",
              "value": 100,
              "type": "NON_PERIOD_BASED",
              "periodType": "MOVING_WINDOW",
              "periodUnit": "DAILY"
            }
          ],
          "issualRestrictions": [],
          "earnRestrictions": [],
          "expiryRestrictions": []
        },
        "scope": null,
        "isStackable": false,
        "isConsideredForRanking": false,
        "loyaltyEarningType": null,
        "expiryReminder": null,
        "isExclusive": false,
        "isAlwaysApply": false,
        "targetGroupIds": null,
        "targetRuleIds": null,
        "linkedTargetGroupVsTargetRuleIdMap": null
      }
    },
    {
      "id": 1936,
      "name": "Custom 02: SF Healthy Eating Missions_v29",
      "description": "Optum Engage|Rewardable Activity|Complete [[K]] of the Following Healthy Eating Missions",
      "promotionStatus": "LIVE",
      "lastUpdateDate": "2024-12-15T14:27:37-05:00",
      "startRuleIdentifier": "ruleset_162c8285-abc0-4dc6-8290-7a4c11c4ced3",
      "lastUpdatedBy": 4,
      "programName": "Federal Reserve Banks_UATDefaultProgram",
      "promotionType": "CUSTOMER",
      "programId": 45,
      "startDate": "2024-11-01T00:00-05:00",
      "endDate": "2025-11-30T00:00-05:00",
      "identifier": "7106af21-9e6c-449d-97e5-1a796ea19014",
      "isActive": true,
      "eventName": "TARGETCOMPLETED",
      "pointsOfferType": "GENERIC",
      "promotionRestrictions": {
        "restrictions": {
          "redemptionRestrictions": [
            {
              "name": "MAX_ALLOWED_TIMES_PER_CUSTOMER",
              "value": 2,
              "type": "NON_PERIOD_BASED",
              "periodType": "MOVING_WINDOW",
              "periodUnit": "DAILY"
            },
            {
              "name": "MAX_REDEMPTIONS_PER_EARN_PER_CUSTOMER",
              "value": 100,
              "type": "NON_PERIOD_BASED",
              "periodType": "MOVING_WINDOW",
              "periodUnit": "DAILY"
            }
          ],
          "issualRestrictions": [],
          "earnRestrictions": [],
          "expiryRestrictions": []
        },
        "scope": null,
        "isStackable": false,
        "isConsideredForRanking": false,
        "loyaltyEarningType": null,
        "expiryReminder": null,
        "isExclusive": false,
        "isAlwaysApply": false,
        "targetGroupIds": null,
        "targetRuleIds": null,
        "linkedTargetGroupVsTargetRuleIdMap": null
      }
    },
    {
      "id": 1935,
      "name": "F7: Complete a mission for $25_v29",
      "description": "Optum Engage|Rewardable Activity|Complete [[K]] of the Following Missions",
      "promotionStatus": "LIVE",
      "lastUpdateDate": "2024-12-15T14:27:38-05:00",
      "startRuleIdentifier": "ruleset_7f3b7637-7fca-4409-b0c2-a9e5a3a7542e",
      "lastUpdatedBy": 4,
      "programName": "Federal Reserve Banks_UATDefaultProgram",
      "promotionType": "CUSTOMER",
      "programId": 45,
      "startDate": "2024-11-01T00:00-05:00",
      "endDate": "2025-11-30T00:00-05:00",
      "identifier": "3aa5f9ce-4626-4cc9-8c7b-13dbf828eb2e",
      "isActive": true,
      "eventName": "TARGETCOMPLETED",
      "pointsOfferType": "GENERIC",
      "promotionRestrictions": {
        "restrictions": {
          "redemptionRestrictions": [
            {
              "name": "MAX_ALLOWED_TIMES_PER_CUSTOMER",
              "value": 4,
              "type": "NON_PERIOD_BASED",
              "periodType": "MOVING_WINDOW",
              "periodUnit": "DAILY"
            },
            {
              "name": "MAX_REDEMPTIONS_PER_EARN_PER_CUSTOMER",
              "value": 100,
              "type": "NON_PERIOD_BASED",
              "periodType": "MOVING_WINDOW",
              "periodUnit": "DAILY"
            }
          ],
          "issualRestrictions": [],
          "earnRestrictions": [],
          "expiryRestrictions": []
        },
        "scope": null,
        "isStackable": false,
        "isConsideredForRanking": false,
        "loyaltyEarningType": null,
        "expiryReminder": null,
        "isExclusive": false,
        "isAlwaysApply": false,
        "targetGroupIds": null,
        "targetRuleIds": null,
        "linkedTargetGroupVsTargetRuleIdMap": null
      }
    },
    {
      "id": 1934,
      "name": "R8: Complete any 3 Missions_v29_1",
      "description": "Optum Engage|Rewardable Activity|Complete 3 Missions",
      "promotionStatus": "LIVE",
      "lastUpdateDate": "2024-12-15T14:27:39-05:00",
      "startRuleIdentifier": "ruleset_fd6ac87b-0c91-4786-bf2b-8d065e1f5525",
      "lastUpdatedBy": 4,
      "programName": "Federal Reserve Banks_UATDefaultProgram",
      "promotionType": "CUSTOMER",
      "programId": 45,
      "startDate": "2024-11-01T00:00-05:00",
      "endDate": "2025-11-30T00:00-05:00",
      "identifier": "f085dd3b-9620-47c3-a973-85839495d434",
      "isActive": true,
      "eventName": "TARGETCOMPLETED",
      "pointsOfferType": "GENERIC",
      "promotionRestrictions": {
        "restrictions": {
          "redemptionRestrictions": [
            {
              "name": "MAX_ALLOWED_TIMES_PER_CUSTOMER",
              "value": 1,
              "type": "NON_PERIOD_BASED",
              "periodType": "MOVING_WINDOW",
              "periodUnit": "DAILY"
            },
            {
              "name": "MAX_REDEMPTIONS_PER_EARN_PER_CUSTOMER",
              "value": 100,
              "type": "NON_PERIOD_BASED",
              "periodType": "MOVING_WINDOW",
              "periodUnit": "DAILY"
            }
          ],
          "issualRestrictions": [],
          "earnRestrictions": [],
          "expiryRestrictions": []
        },
        "scope": null,
        "isStackable": false,
        "isConsideredForRanking": false,
        "loyaltyEarningType": null,
        "expiryReminder": null,
        "isExclusive": false,
        "isAlwaysApply": false,
        "targetGroupIds": null,
        "targetRuleIds": null,
        "linkedTargetGroupVsTargetRuleIdMap": null
      }
    },
    {
      "id": 1933,
      "name": "R8: Complete any 3 Missions_v29",
      "description": "Optum Engage|Rewardable Activity|Complete 3 Missions",
      "promotionStatus": "LIVE",
      "lastUpdateDate": "2024-12-15T14:27:41-05:00",
      "startRuleIdentifier": "ruleset_da5014c6-3153-4e8c-b747-d2307cad1615",
      "lastUpdatedBy": 4,
      "programName": "Federal Reserve Banks_UATDefaultProgram",
      "promotionType": "CUSTOMER",
      "programId": 45,
      "startDate": "2024-11-01T00:00-05:00",
      "endDate": "2025-06-30T00:00-05:00",
      "identifier": "938e3fa0-f7bd-457d-bdce-a7d308531f9c",
      "isActive": true,
      "eventName": "TARGETCOMPLETED",
      "pointsOfferType": "GENERIC",
      "promotionRestrictions": {
        "restrictions": {
          "redemptionRestrictions": [
            {
              "name": "MAX_ALLOWED_TIMES_PER_CUSTOMER",
              "value": 1,
              "type": "NON_PERIOD_BASED",
              "periodType": "MOVING_WINDOW",
              "periodUnit": "DAILY"
            },
            {
              "name": "MAX_REDEMPTIONS_PER_EARN_PER_CUSTOMER",
              "value": 100,
              "type": "NON_PERIOD_BASED",
              "periodType": "MOVING_WINDOW",
              "periodUnit": "DAILY"
            }
          ],
          "issualRestrictions": [],
          "earnRestrictions": [],
          "expiryRestrictions": []
        },
        "scope": null,
        "isStackable": false,
        "isConsideredForRanking": false,
        "loyaltyEarningType": null,
        "expiryReminder": null,
        "isExclusive": false,
        "isAlwaysApply": false,
        "targetGroupIds": null,
        "targetRuleIds": null,
        "linkedTargetGroupVsTargetRuleIdMap": null
      }
    },
    {
      "id": 1932,
      "name": "Custom 01: Complete 2 Dental Exams_v29",
      "description": "Optum Engage|Self Attestation|Dental Visits",
      "promotionStatus": "LIVE",
      "lastUpdateDate": "2024-12-15T14:27:42-05:00",
      "startRuleIdentifier": "ruleset_cc61b98f-39b2-4f25-a027-3b46c7b5c478",
      "lastUpdatedBy": 4,
      "programName": "Federal Reserve Banks_UATDefaultProgram",
      "promotionType": "CUSTOMER",
      "programId": 45,
      "startDate": "2024-11-01T00:00-05:00",
      "endDate": "2025-11-30T00:00-05:00",
      "identifier": "17390383-aa45-4113-a553-197e78cf7b7f",
      "isActive": true,
      "eventName": "TARGETCOMPLETED",
      "pointsOfferType": "GENERIC",
      "promotionRestrictions": {
        "restrictions": {
          "redemptionRestrictions": [
            {
              "name": "MAX_ALLOWED_TIMES_PER_CUSTOMER",
              "value": 1,
              "type": "NON_PERIOD_BASED",
              "periodType": "MOVING_WINDOW",
              "periodUnit": "DAILY"
            },
            {
              "name": "MAX_REDEMPTIONS_PER_EARN_PER_CUSTOMER",
              "value": 100,
              "type": "NON_PERIOD_BASED",
              "periodType": "MOVING_WINDOW",
              "periodUnit": "DAILY"
            }
          ],
          "issualRestrictions": [],
          "earnRestrictions": [],
          "expiryRestrictions": []
        },
        "scope": null,
        "isStackable": false,
        "isConsideredForRanking": false,
        "loyaltyEarningType": null,
        "expiryReminder": null,
        "isExclusive": false,
        "isAlwaysApply": false,
        "targetGroupIds": null,
        "targetRuleIds": null,
        "linkedTargetGroupVsTargetRuleIdMap": null
      }
    }
  ],
  "pageDetails": {
    "pageNumber": 0,
    "pageSize": 100,
    "totalEntries": 23,
    "pageCount": 1
  }
}