{
  "status": {
    "code": 200,
    "message": "success"
  },
  "validationErrors": null,
  "data": [
    {
      "id": 1686,
      "name": "F8: Complete K of the following activities_v15",
      "description": "Optum Engage|Rewardable Activity|Complete 1 of the following programs",
      "promotionStatus": "LIVE",
      "lastUpdateDate": "2024-12-15T14:24:30-05:00",
      "startRuleIdentifier": "ruleset_3be1a920-6ec8-4cbb-84d3-5522892d3dfa",
      "lastUpdatedBy": 4,
      "programName": "Pape-Dawson Consulting Engineers Inc._UATDefaultProgram",
      "promotionType": "CUSTOMER",
      "programId": 145,
      "startDate": "2024-11-01T00:00-05:00",
      "endDate": "2025-09-30T00:00-05:00",
      "identifier": "cecbfdb6-e2cd-4892-a2a9-e3261198c701",
      "isActive": true,
      "eventName": "TARGETCOMPLETED",
      "pointsOfferType": "GENERIC",
      "promotionRestrictions": {
        "restrictions": {
          "redemptionRestrictions": [
            {
              "name": "MAX_ALLOWED_TIMES_PER_CUSTOMER",
              "value": 1,
              "type": "NON_PERIOD_BASED",
              "periodType": "MOVING_WINDOW",
              "periodUnit": "DAILY"
            },
            {
              "name": "MAX_REDEMPTIONS_PER_EARN_PER_CUSTOMER",
              "value": 100,
              "type": "NON_PERIOD_BASED",
              "periodType": "MOVING_WINDOW",
              "periodUnit": "DAILY"
            }
          ],
          "issualRestrictions": [],
          "earnRestrictions": [],
          "expiryRestrictions": []
        },
        "scope": null,
        "isStackable": false,
        "isConsideredForRanking": false,
        "loyaltyEarningType": null,
        "expiryReminder": null,
        "isExclusive": false,
        "isAlwaysApply": false,
        "targetGroupIds": null,
        "targetRuleIds": null,
        "linkedTargetGroupVsTargetRuleIdMap": null
      }
    },
    {
      "id": 1685,
      "name": "S2: Complete Your Annual Physical Exam (includes Prenatal Exam)_v15",
      "description": "Optum Engage|Rewardable Activity|Get your annual checkup",
      "promotionStatus": "LIVE",
      "lastUpdateDate": "2024-12-15T14:24:31-05:00",
      "startRuleIdentifier": "ruleset_91e72108-6237-47d6-85b8-9f89ea213b2f",
      "lastUpdatedBy": 4,
      "programName": "Pape-Dawson Consulting Engineers Inc._UATDefaultProgram",
      "promotionType": "CUSTOMER",
      "programId": 145,
      "startDate": "2024-11-01T00:00-05:00",
      "endDate": "2025-09-30T00:00-05:00",
      "identifier": "0eb7a855-0394-47b5-bba7-89c8d344dd06",
      "isActive": true,
      "eventName": "TARGETCOMPLETED",
      "pointsOfferType": "GENERIC",
      "promotionRestrictions": {
        "restrictions": {
          "redemptionRestrictions": [
            {
              "name": "MAX_ALLOWED_TIMES_PER_CUSTOMER",
              "value": 1,
              "type": "NON_PERIOD_BASED",
              "periodType": "MOVING_WINDOW",
              "periodUnit": "DAILY"
            },
            {
              "name": "MAX_REDEMPTIONS_PER_EARN_PER_CUSTOMER",
              "value": 100,
              "type": "NON_PERIOD_BASED",
              "periodType": "MOVING_WINDOW",
              "periodUnit": "DAILY"
            }
          ],
          "issualRestrictions": [],
          "earnRestrictions": [],
          "expiryRestrictions": []
        },
        "scope": null,
        "isStackable": false,
        "isConsideredForRanking": false,
        "loyaltyEarningType": null,
        "expiryReminder": null,
        "isExclusive": false,
        "isAlwaysApply": false,
        "targetGroupIds": null,
        "targetRuleIds": null,
        "linkedTargetGroupVsTargetRuleIdMap": null
      }
    },
    {
      "id": 1684,
      "name": "R9: Complete Your Health Survey_v15",
      "description": "Optum Engage|Rewardable Activity|Complete Rally Health Survey",
      "promotionStatus": "LIVE",
      "lastUpdateDate": "2024-12-15T14:24:32-05:00",
      "startRuleIdentifier": "ruleset_eb2ef821-7296-488f-a312-d9cb717bb28c",
      "lastUpdatedBy": 4,
      "programName": "Pape-Dawson Consulting Engineers Inc._UATDefaultProgram",
      "promotionType": "CUSTOMER",
      "programId": 145,
      "startDate": "2024-11-01T00:00-05:00",
      "endDate": "2025-10-31T00:00-05:00",
      "identifier": "80f20dcb-dbd0-430a-b81f-02cf92ec5669",
      "isActive": true,
      "eventName": "TARGETCOMPLETED",
      "pointsOfferType": "GENERIC",
      "promotionRestrictions": {
        "restrictions": {
          "redemptionRestrictions": [
            {
              "name": "MAX_ALLOWED_TIMES_PER_CUSTOMER",
              "value": 1,
              "type": "NON_PERIOD_BASED",
              "periodType": "MOVING_WINDOW",
              "periodUnit": "DAILY"
            },
            {
              "name": "MAX_REDEMPTIONS_PER_EARN_PER_CUSTOMER",
              "value": 100,
              "type": "NON_PERIOD_BASED",
              "periodType": "MOVING_WINDOW",
              "periodUnit": "DAILY"
            }
          ],
          "issualRestrictions": [],
          "earnRestrictions": [],
          "expiryRestrictions": []
        },
        "scope": null,
        "isStackable": false,
        "isConsideredForRanking": false,
        "loyaltyEarningType": null,
        "expiryReminder": null,
        "isExclusive": false,
        "isAlwaysApply": false,
        "targetGroupIds": null,
        "targetRuleIds": null,
        "linkedTargetGroupVsTargetRuleIdMap": null
      }
    }
  ],
  "pageDetails": {
    "pageNumber": 0,
    "pageSize": 100,
    "totalEntries": 3,
    "pageCount": 1
  }
}