{
  "status": {
    "code": 200,
    "message": "success"
  },
  "validationErrors": null,
  "data": [
    {
      "id": 2589,
      "name": "F18: Complete an Annual Screening or Preventive Visit_v45",
      "description": "Optum Engage|Rewardable Activity|Get an Annual Physical or Preventive Screening",
      "promotionStatus": "LIVE",
      "lastUpdateDate": "2024-12-20T10:02:33-05:00",
      "startRuleIdentifier": "ruleset_f23b6a17-bc20-487b-964f-06c7988071f0",
      "lastUpdatedBy": 4,
      "programName": "Paramount_UATDefaultProgram",
      "promotionType": "CUSTOMER",
      "programId": 209,
      "startDate": "2024-11-01T00:00-05:00",
      "endDate": "2025-11-30T00:00-05:00",
      "identifier": "9093aae8-fd28-439f-99a1-b53c79be3c88",
      "isActive": true,
      "eventName": "TARGETCOMPLETED",
      "pointsOfferType": "GENERIC",
      "promotionRestrictions": {
        "restrictions": {
          "redemptionRestrictions": [
            {
              "name": "MAX_ALLOWED_TIMES_PER_CUSTOMER",
              "value": 1,
              "type": "NON_PERIOD_BASED",
              "periodType": "MOVING_WINDOW",
              "periodUnit": "DAILY"
            },
            {
              "name": "MAX_REDEMPTIONS_PER_EARN_PER_CUSTOMER",
              "value": 100,
              "type": "NON_PERIOD_BASED",
              "periodType": null,
              "periodUnit": null
            }
          ],
          "issualRestrictions": [],
          "earnRestrictions": [],
          "expiryRestrictions": []
        },
        "scope": null,
        "isStackable": false,
        "isConsideredForRanking": false,
        "loyaltyEarningType": null,
        "expiryReminder": null,
        "isExclusive": false,
        "isAlwaysApply": false,
        "targetGroupIds": null,
        "targetRuleIds": null,
        "linkedTargetGroupVsTargetRuleIdMap": null
      }
    },
    {
      "id": 1639,
      "name": "Custom 1: Complete an Annual Physical or Preventive Visit \u2013 Attestation_v15",
      "description": "Optum Engage|Rewardable Activity|{LOOKUP IN IDT EVENTS MASTER}",
      "promotionStatus": "LIVE",
      "lastUpdateDate": "2024-11-25T17:30:08-05:00",
      "startRuleIdentifier": "ruleset_aa716e18-659c-47a6-88cf-3522e3809774",
      "lastUpdatedBy": 4,
      "programName": "Paramount_UATDefaultProgram",
      "promotionType": "CUSTOMER",
      "programId": 209,
      "startDate": "2024-11-01T00:00-05:00",
      "endDate": "2025-11-30T00:00-05:00",
      "identifier": "d1ffc187-2b28-4a68-96a0-49e36892c476",
      "isActive": true,
      "eventName": "TARGETCOMPLETED",
      "pointsOfferType": "GENERIC",
      "promotionRestrictions": {
        "restrictions": {
          "redemptionRestrictions": [
            {
              "name": "MAX_ALLOWED_TIMES_PER_CUSTOMER",
              "value": 1,
              "type": "NON_PERIOD_BASED",
              "periodType": "MOVING_WINDOW",
              "periodUnit": "DAILY"
            },
            {
              "name": "MAX_REDEMPTIONS_PER_EARN_PER_CUSTOMER",
              "value": 100,
              "type": "NON_PERIOD_BASED",
              "periodType": null,
              "periodUnit": null
            }
          ],
          "issualRestrictions": [],
          "earnRestrictions": [],
          "expiryRestrictions": []
        },
        "scope": null,
        "isStackable": false,
        "isConsideredForRanking": false,
        "loyaltyEarningType": null,
        "expiryReminder": null,
        "isExclusive": false,
        "isAlwaysApply": false,
        "targetGroupIds": null,
        "targetRuleIds": null,
        "linkedTargetGroupVsTargetRuleIdMap": null
      }
    },
    {
      "id": 1638,
      "name": "F9: Complete a Quiz_v15_3",
      "description": "Optum Engage|Rewardable Activity|Complete 1 of the Following Quizzes",
      "promotionStatus": "LIVE",
      "lastUpdateDate": "2024-11-25T17:30:03-05:00",
      "startRuleIdentifier": "ruleset_d6ab327b-cff7-4fc2-b895-6cf205ae853d",
      "lastUpdatedBy": 4,
      "programName": "Paramount_UATDefaultProgram",
      "promotionType": "CUSTOMER",
      "programId": 209,
      "startDate": "2024-11-01T00:00-05:00",
      "endDate": "2025-11-30T00:00-05:00",
      "identifier": "e1b1acb8-7806-497e-930b-1cf8db3cc7aa",
      "isActive": true,
      "eventName": "TARGETCOMPLETED",
      "pointsOfferType": "GENERIC",
      "promotionRestrictions": {
        "restrictions": {
          "redemptionRestrictions": [
            {
              "name": "MAX_ALLOWED_TIMES_PER_CUSTOMER",
              "value": 1,
              "type": "NON_PERIOD_BASED",
              "periodType": "MOVING_WINDOW",
              "periodUnit": "DAILY"
            },
            {
              "name": "MAX_REDEMPTIONS_PER_EARN_PER_CUSTOMER",
              "value": 100,
              "type": "NON_PERIOD_BASED",
              "periodType": null,
              "periodUnit": null
            }
          ],
          "issualRestrictions": [],
          "earnRestrictions": [],
          "expiryRestrictions": []
        },
        "scope": null,
        "isStackable": false,
        "isConsideredForRanking": false,
        "loyaltyEarningType": null,
        "expiryReminder": null,
        "isExclusive": false,
        "isAlwaysApply": false,
        "targetGroupIds": null,
        "targetRuleIds": null,
        "linkedTargetGroupVsTargetRuleIdMap": null
      }
    },
    {
      "id": 1637,
      "name": "F9: Complete a Quiz_v15_2",
      "description": "Optum Engage|Rewardable Activity|Complete 1 of the Following Quizzes",
      "promotionStatus": "LIVE",
      "lastUpdateDate": "2024-11-25T17:29:56-05:00",
      "startRuleIdentifier": "ruleset_ce1e29fb-39c2-4931-9561-d946d851f4bc",
      "lastUpdatedBy": 4,
      "programName": "Paramount_UATDefaultProgram",
      "promotionType": "CUSTOMER",
      "programId": 209,
      "startDate": "2024-11-01T00:00-05:00",
      "endDate": "2025-11-30T00:00-05:00",
      "identifier": "52a4aef7-2fd1-4db0-9211-cc51b2e6863c",
      "isActive": true,
      "eventName": "TARGETCOMPLETED",
      "pointsOfferType": "GENERIC",
      "promotionRestrictions": {
        "restrictions": {
          "redemptionRestrictions": [
            {
              "name": "MAX_ALLOWED_TIMES_PER_CUSTOMER",
              "value": 1,
              "type": "NON_PERIOD_BASED",
              "periodType": "MOVING_WINDOW",
              "periodUnit": "DAILY"
            },
            {
              "name": "MAX_REDEMPTIONS_PER_EARN_PER_CUSTOMER",
              "value": 100,
              "type": "NON_PERIOD_BASED",
              "periodType": null,
              "periodUnit": null
            }
          ],
          "issualRestrictions": [],
          "earnRestrictions": [],
          "expiryRestrictions": []
        },
        "scope": null,
        "isStackable": false,
        "isConsideredForRanking": false,
        "loyaltyEarningType": null,
        "expiryReminder": null,
        "isExclusive": false,
        "isAlwaysApply": false,
        "targetGroupIds": null,
        "targetRuleIds": null,
        "linkedTargetGroupVsTargetRuleIdMap": null
      }
    },
    {
      "id": 1636,
      "name": "F9: Complete a Quiz_v15_1",
      "description": "Optum Engage|Rewardable Activity|Complete 1 of the Following Quizzes",
      "promotionStatus": "LIVE",
      "lastUpdateDate": "2024-11-25T17:29:49-05:00",
      "startRuleIdentifier": "ruleset_2eaf3f7d-5b78-4a93-b270-c5bb0f70a776",
      "lastUpdatedBy": 4,
      "programName": "Paramount_UATDefaultProgram",
      "promotionType": "CUSTOMER",
      "programId": 209,
      "startDate": "2024-11-01T00:00-05:00",
      "endDate": "2025-11-30T00:00-05:00",
      "identifier": "b53c9ee1-5e8e-4287-9aa9-603bd1c14fc5",
      "isActive": true,
      "eventName": "TARGETCOMPLETED",
      "pointsOfferType": "GENERIC",
      "promotionRestrictions": {
        "restrictions": {
          "redemptionRestrictions": [
            {
              "name": "MAX_ALLOWED_TIMES_PER_CUSTOMER",
              "value": 1,
              "type": "NON_PERIOD_BASED",
              "periodType": "MOVING_WINDOW",
              "periodUnit": "DAILY"
            },
            {
              "name": "MAX_REDEMPTIONS_PER_EARN_PER_CUSTOMER",
              "value": 100,
              "type": "NON_PERIOD_BASED",
              "periodType": null,
              "periodUnit": null
            }
          ],
          "issualRestrictions": [],
          "earnRestrictions": [],
          "expiryRestrictions": []
        },
        "scope": null,
        "isStackable": false,
        "isConsideredForRanking": false,
        "loyaltyEarningType": null,
        "expiryReminder": null,
        "isExclusive": false,
        "isAlwaysApply": false,
        "targetGroupIds": null,
        "targetRuleIds": null,
        "linkedTargetGroupVsTargetRuleIdMap": null
      }
    },
    {
      "id": 1635,
      "name": "F9: Complete a Quiz_v15",
      "description": "Optum Engage|Rewardable Activity|Complete 1 of the Following Quizzes",
      "promotionStatus": "LIVE",
      "lastUpdateDate": "2024-11-25T17:29:41-05:00",
      "startRuleIdentifier": "ruleset_7c76fdd1-3ec8-4f6e-a6ed-3ccb3529319b",
      "lastUpdatedBy": 4,
      "programName": "Paramount_UATDefaultProgram",
      "promotionType": "CUSTOMER",
      "programId": 209,
      "startDate": "2024-11-01T00:00-05:00",
      "endDate": "2025-11-30T00:00-05:00",
      "identifier": "19593b34-3810-4296-bf8e-276e6f12ae2a",
      "isActive": true,
      "eventName": "TARGETCOMPLETED",
      "pointsOfferType": "GENERIC",
      "promotionRestrictions": {
        "restrictions": {
          "redemptionRestrictions": [
            {
              "name": "MAX_ALLOWED_TIMES_PER_CUSTOMER",
              "value": 1,
              "type": "NON_PERIOD_BASED",
              "periodType": "MOVING_WINDOW",
              "periodUnit": "DAILY"
            },
            {
              "name": "MAX_REDEMPTIONS_PER_EARN_PER_CUSTOMER",
              "value": 100,
              "type": "NON_PERIOD_BASED",
              "periodType": null,
              "periodUnit": null
            }
          ],
          "issualRestrictions": [],
          "earnRestrictions": [],
          "expiryRestrictions": []
        },
        "scope": null,
        "isStackable": false,
        "isConsideredForRanking": false,
        "loyaltyEarningType": null,
        "expiryReminder": null,
        "isExclusive": false,
        "isAlwaysApply": false,
        "targetGroupIds": null,
        "targetRuleIds": null,
        "linkedTargetGroupVsTargetRuleIdMap": null
      }
    },
    {
      "id": 1634,
      "name": "R4: Challenge Activity_v15",
      "description": "Optum Engage|Rewardable Activity|Challenge Activity",
      "promotionStatus": "LIVE",
      "lastUpdateDate": "2024-11-25T17:29:33-05:00",
      "startRuleIdentifier": "ruleset_e53da8c5-40e6-4876-892d-190afcb9f589",
      "lastUpdatedBy": 4,
      "programName": "Paramount_UATDefaultProgram",
      "promotionType": "CUSTOMER",
      "programId": 209,
      "startDate": "2024-11-01T00:00-05:00",
      "endDate": "2025-11-30T00:00-05:00",
      "identifier": "74cb2c95-c8fb-4697-96f6-803b9040fd89",
      "isActive": true,
      "eventName": "TARGETCOMPLETED",
      "pointsOfferType": "GENERIC",
      "promotionRestrictions": {
        "restrictions": {
          "redemptionRestrictions": [
            {
              "name": "MAX_ALLOWED_TIMES_PER_CUSTOMER",
              "value": 1,
              "type": "NON_PERIOD_BASED",
              "periodType": "MOVING_WINDOW",
              "periodUnit": "DAILY"
            },
            {
              "name": "MAX_REDEMPTIONS_PER_EARN_PER_CUSTOMER",
              "value": 100,
              "type": "NON_PERIOD_BASED",
              "periodType": null,
              "periodUnit": null
            }
          ],
          "issualRestrictions": [],
          "earnRestrictions": [],
          "expiryRestrictions": []
        },
        "scope": null,
        "isStackable": false,
        "isConsideredForRanking": false,
        "loyaltyEarningType": null,
        "expiryReminder": null,
        "isExclusive": false,
        "isAlwaysApply": false,
        "targetGroupIds": null,
        "targetRuleIds": null,
        "linkedTargetGroupVsTargetRuleIdMap": null
      }
    },
    {
      "id": 1633,
      "name": "R8: Complete any 3 Rally Missions_v15",
      "description": "Optum Engage|Rewardable Activity|Complete 3 Missions",
      "promotionStatus": "LIVE",
      "lastUpdateDate": "2024-11-25T17:29:28-05:00",
      "startRuleIdentifier": "ruleset_d7793a3c-cbc5-41fd-99b9-c834d8a4dbda",
      "lastUpdatedBy": 4,
      "programName": "Paramount_UATDefaultProgram",
      "promotionType": "CUSTOMER",
      "programId": 209,
      "startDate": "2024-11-01T00:00-05:00",
      "endDate": "2025-11-30T00:00-05:00",
      "identifier": "ffc64355-2899-4dfd-b366-325f2ece50f3",
      "isActive": true,
      "eventName": "TARGETCOMPLETED",
      "pointsOfferType": "GENERIC",
      "promotionRestrictions": {
        "restrictions": {
          "redemptionRestrictions": [
            {
              "name": "MAX_ALLOWED_TIMES_PER_CUSTOMER",
              "value": 1,
              "type": "NON_PERIOD_BASED",
              "periodType": "MOVING_WINDOW",
              "periodUnit": "DAILY"
            },
            {
              "name": "MAX_REDEMPTIONS_PER_EARN_PER_CUSTOMER",
              "value": 100,
              "type": "NON_PERIOD_BASED",
              "periodType": null,
              "periodUnit": null
            }
          ],
          "issualRestrictions": [],
          "earnRestrictions": [],
          "expiryRestrictions": []
        },
        "scope": null,
        "isStackable": false,
        "isConsideredForRanking": false,
        "loyaltyEarningType": null,
        "expiryReminder": null,
        "isExclusive": false,
        "isAlwaysApply": false,
        "targetGroupIds": null,
        "targetRuleIds": null,
        "linkedTargetGroupVsTargetRuleIdMap": null
      }
    },
    {
      "id": 1632,
      "name": "Custom 2: Close a Gap In Care (Personalized Health Action Plan)_v15",
      "description": "Optum Engage|Rewardable Activity|Personalized Health Action",
      "promotionStatus": "LIVE",
      "lastUpdateDate": "2024-11-25T17:29:23-05:00",
      "startRuleIdentifier": "ruleset_628161d6-0aa6-46a1-888c-d7dd69aa1e58",
      "lastUpdatedBy": 4,
      "programName": "Paramount_UATDefaultProgram",
      "promotionType": "CUSTOMER",
      "programId": 209,
      "startDate": "2024-11-01T00:00-05:00",
      "endDate": "2025-11-30T00:00-05:00",
      "identifier": "258becde-8240-4526-8f2e-55546ff7c920",
      "isActive": true,
      "eventName": "TARGETCOMPLETED",
      "pointsOfferType": "GENERIC",
      "promotionRestrictions": {
        "restrictions": {
          "redemptionRestrictions": [
            {
              "name": "MAX_ALLOWED_TIMES_PER_CUSTOMER",
              "value": 1,
              "type": "NON_PERIOD_BASED",
              "periodType": "MOVING_WINDOW",
              "periodUnit": "DAILY"
            },
            {
              "name": "MAX_REDEMPTIONS_PER_EARN_PER_CUSTOMER",
              "value": 100,
              "type": "NON_PERIOD_BASED",
              "periodType": null,
              "periodUnit": null
            }
          ],
          "issualRestrictions": [],
          "earnRestrictions": [],
          "expiryRestrictions": []
        },
        "scope": null,
        "isStackable": false,
        "isConsideredForRanking": false,
        "loyaltyEarningType": null,
        "expiryReminder": null,
        "isExclusive": false,
        "isAlwaysApply": false,
        "targetGroupIds": null,
        "targetRuleIds": null,
        "linkedTargetGroupVsTargetRuleIdMap": null
      }
    },
    {
      "id": 1631,
      "name": "R12: Complete HealthCare Cost Estimate_v15",
      "description": "Optum Engage|Rewardable Activity|Check Personalized Cost Estimate",
      "promotionStatus": "LIVE",
      "lastUpdateDate": "2024-11-25T17:29:18-05:00",
      "startRuleIdentifier": "ruleset_66ad8681-0585-4c95-8047-bf92d88b6374",
      "lastUpdatedBy": 4,
      "programName": "Paramount_UATDefaultProgram",
      "promotionType": "CUSTOMER",
      "programId": 209,
      "startDate": "2024-11-01T00:00-05:00",
      "endDate": "2025-11-30T00:00-05:00",
      "identifier": "14c0f8c0-f2d9-429f-95d5-9443b827f2ae",
      "isActive": true,
      "eventName": "TARGETCOMPLETED",
      "pointsOfferType": "GENERIC",
      "promotionRestrictions": {
        "restrictions": {
          "redemptionRestrictions": [
            {
              "name": "MAX_ALLOWED_TIMES_PER_CUSTOMER",
              "value": 1,
              "type": "NON_PERIOD_BASED",
              "periodType": "MOVING_WINDOW",
              "periodUnit": "DAILY"
            },
            {
              "name": "MAX_REDEMPTIONS_PER_EARN_PER_CUSTOMER",
              "value": 100,
              "type": "NON_PERIOD_BASED",
              "periodType": null,
              "periodUnit": null
            }
          ],
          "issualRestrictions": [],
          "earnRestrictions": [],
          "expiryRestrictions": []
        },
        "scope": null,
        "isStackable": false,
        "isConsideredForRanking": false,
        "loyaltyEarningType": null,
        "expiryReminder": null,
        "isExclusive": false,
        "isAlwaysApply": false,
        "targetGroupIds": null,
        "targetRuleIds": null,
        "linkedTargetGroupVsTargetRuleIdMap": null
      }
    },
    {
      "id": 1630,
      "name": "F18: Complete an Annual Screening or Preventive Visit_v15",
      "description": "Optum Engage|Rewardable Activity|Get an Annual Physical or Preventive Screening",
      "promotionStatus": "INACTIVE",
      "lastUpdateDate": "2024-12-23T11:50:22-05:00",
      "startRuleIdentifier": "ruleset_07ee0efe-5236-42f2-8825-23a5560ce544",
      "lastUpdatedBy": 4,
      "programName": "Paramount_UATDefaultProgram",
      "promotionType": "CUSTOMER",
      "programId": 209,
      "startDate": "2024-11-01T00:00-05:00",
      "endDate": "2025-11-30T23:59:59-05:00",
      "identifier": "bb239a7a-9886-4771-afda-57fa3e07be0f",
      "isActive": false,
      "eventName": "TARGETCOMPLETED",
      "pointsOfferType": "GENERIC",
      "promotionRestrictions": {
        "restrictions": {
          "redemptionRestrictions": [
            {
              "name": "MAX_ALLOWED_TIMES_PER_CUSTOMER",
              "value": 1,
              "type": "NON_PERIOD_BASED",
              "periodType": "MOVING_WINDOW",
              "periodUnit": "DAILY"
            },
            {
              "name": "MAX_REDEMPTIONS_PER_EARN_PER_CUSTOMER",
              "value": 100,
              "type": "NON_PERIOD_BASED",
              "periodType": null,
              "periodUnit": null
            }
          ],
          "issualRestrictions": [],
          "earnRestrictions": [],
          "expiryRestrictions": []
        },
        "scope": null,
        "isStackable": false,
        "isConsideredForRanking": false,
        "loyaltyEarningType": null,
        "expiryReminder": null,
        "isExclusive": false,
        "isAlwaysApply": false,
        "targetGroupIds": null,
        "targetRuleIds": null,
        "linkedTargetGroupVsTargetRuleIdMap": null
      }
    },
    {
      "id": 1629,
      "name": "S15: Complete a Virtual Visit_v15",
      "description": "Optum Engage|Rewardable Activity|Get a 24/7 Virtual Visit",
      "promotionStatus": "LIVE",
      "lastUpdateDate": "2024-11-25T17:29:05-05:00",
      "startRuleIdentifier": "ruleset_51cf70b0-2133-4b86-99ce-5f53bf16ad6b",
      "lastUpdatedBy": 4,
      "programName": "Paramount_UATDefaultProgram",
      "promotionType": "CUSTOMER",
      "programId": 209,
      "startDate": "2024-11-01T00:00-05:00",
      "endDate": "2025-11-30T00:00-05:00",
      "identifier": "797487b9-305f-4400-acfb-b82013d067ed",
      "isActive": true,
      "eventName": "TARGETCOMPLETED",
      "pointsOfferType": "GENERIC",
      "promotionRestrictions": {
        "restrictions": {
          "redemptionRestrictions": [
            {
              "name": "MAX_ALLOWED_TIMES_PER_CUSTOMER",
              "value": 1,
              "type": "NON_PERIOD_BASED",
              "periodType": "MOVING_WINDOW",
              "periodUnit": "DAILY"
            },
            {
              "name": "MAX_REDEMPTIONS_PER_EARN_PER_CUSTOMER",
              "value": 100,
              "type": "NON_PERIOD_BASED",
              "periodType": null,
              "periodUnit": null
            }
          ],
          "issualRestrictions": [],
          "earnRestrictions": [],
          "expiryRestrictions": []
        },
        "scope": null,
        "isStackable": false,
        "isConsideredForRanking": false,
        "loyaltyEarningType": null,
        "expiryReminder": null,
        "isExclusive": false,
        "isAlwaysApply": false,
        "targetGroupIds": null,
        "targetRuleIds": null,
        "linkedTargetGroupVsTargetRuleIdMap": null
      }
    },
    {
      "id": 1628,
      "name": "R9: Complete Health Survey_v15",
      "description": "Optum Engage|Rewardable Activity|Complete Rally Health Survey",
      "promotionStatus": "LIVE",
      "lastUpdateDate": "2024-11-25T17:29-05:00",
      "startRuleIdentifier": "ruleset_8cd3bcf1-17e2-4df4-8e37-7f917859a76a",
      "lastUpdatedBy": 4,
      "programName": "Paramount_UATDefaultProgram",
      "promotionType": "CUSTOMER",
      "programId": 209,
      "startDate": "2024-11-01T00:00-05:00",
      "endDate": "2025-11-30T00:00-05:00",
      "identifier": "d2f9bb21-1482-4eef-aeb5-2ebef5797bd9",
      "isActive": true,
      "eventName": "TARGETCOMPLETED",
      "pointsOfferType": "GENERIC",
      "promotionRestrictions": {
        "restrictions": {
          "redemptionRestrictions": [
            {
              "name": "MAX_ALLOWED_TIMES_PER_CUSTOMER",
              "value": 1,
              "type": "NON_PERIOD_BASED",
              "periodType": "MOVING_WINDOW",
              "periodUnit": "DAILY"
            },
            {
              "name": "MAX_REDEMPTIONS_PER_EARN_PER_CUSTOMER",
              "value": 100,
              "type": "NON_PERIOD_BASED",
              "periodType": null,
              "periodUnit": null
            }
          ],
          "issualRestrictions": [],
          "earnRestrictions": [],
          "expiryRestrictions": []
        },
        "scope": null,
        "isStackable": false,
        "isConsideredForRanking": false,
        "loyaltyEarningType": null,
        "expiryReminder": null,
        "isExclusive": false,
        "isAlwaysApply": false,
        "targetGroupIds": null,
        "targetRuleIds": null,
        "linkedTargetGroupVsTargetRuleIdMap": null
      }
    }
  ],
  "pageDetails": {
    "pageNumber": 0,
    "pageSize": 100,
    "totalEntries": 13,
    "pageCount": 1
  }
}