{
  "status": {
    "code": 200,
    "message": "success"
  },
  "validationErrors": null,
  "data": [
    {
      "id": 1739,
      "name": "R148: Annual Physical Exam_v19",
      "description": "Optum Engage|Self Attestation|Annual Exam",
      "promotionStatus": "LIVE",
      "lastUpdateDate": "2024-12-15T14:24:43-05:00",
      "startRuleIdentifier": "ruleset_861ad512-7146-4321-a66b-b1b9840a55a7",
      "lastUpdatedBy": 4,
      "programName": "Ralph Lauren Corporation_UATDefaultProgram",
      "promotionType": "CUSTOMER",
      "programId": 146,
      "startDate": "2024-11-01T00:00-05:00",
      "endDate": "2025-12-31T00:00-05:00",
      "identifier": "325c0154-976f-4352-b15a-b5004a4ede4d",
      "isActive": true,
      "eventName": "TARGETCOMPLETED",
      "pointsOfferType": "GENERIC",
      "promotionRestrictions": {
        "restrictions": {
          "redemptionRestrictions": [
            {
              "name": "MAX_ALLOWED_TIMES_PER_CUSTOMER",
              "value": 1,
              "type": "NON_PERIOD_BASED",
              "periodType": "MOVING_WINDOW",
              "periodUnit": "DAILY"
            },
            {
              "name": "MAX_REDEMPTIONS_PER_EARN_PER_CUSTOMER",
              "value": 100,
              "type": "NON_PERIOD_BASED",
              "periodType": "MOVING_WINDOW",
              "periodUnit": "DAILY"
            }
          ],
          "issualRestrictions": [],
          "earnRestrictions": [],
          "expiryRestrictions": []
        },
        "scope": null,
        "isStackable": false,
        "isConsideredForRanking": false,
        "loyaltyEarningType": null,
        "expiryReminder": null,
        "isExclusive": false,
        "isAlwaysApply": false,
        "targetGroupIds": null,
        "targetRuleIds": null,
        "linkedTargetGroupVsTargetRuleIdMap": null
      }
    },
    {
      "id": 1738,
      "name": "F24: Complete 3 of the 5 Thrive Social Rally Missions_v19",
      "description": "Optum Engage|Rewardable Activity|Complete 3 of the following",
      "promotionStatus": "LIVE",
      "lastUpdateDate": "2024-12-16T16:58:01-05:00",
      "startRuleIdentifier": "ruleset_b3a941da-1367-4db0-809b-08097bf0489a",
      "lastUpdatedBy": 400170573,
      "programName": "Ralph Lauren Corporation_UATDefaultProgram",
      "promotionType": "CUSTOMER",
      "programId": 146,
      "startDate": "2024-11-01T00:00-05:00",
      "endDate": "2025-12-31T23:59:59-05:00",
      "identifier": "5b43e46f-f0ab-452f-aec5-787d7f425259",
      "isActive": true,
      "eventName": "TARGETCOMPLETED",
      "pointsOfferType": "GENERIC",
      "promotionRestrictions": {
        "restrictions": {
          "redemptionRestrictions": [
            {
              "name": "MAX_ALLOWED_TIMES_PER_CUSTOMER",
              "value": 1,
              "type": "NON_PERIOD_BASED",
              "periodType": "MOVING_WINDOW",
              "periodUnit": "DAILY"
            },
            {
              "name": "MAX_REDEMPTIONS_PER_EARN_PER_CUSTOMER",
              "value": 100,
              "type": "NON_PERIOD_BASED",
              "periodType": null,
              "periodUnit": null
            }
          ],
          "issualRestrictions": [],
          "earnRestrictions": [],
          "expiryRestrictions": []
        },
        "scope": null,
        "isStackable": false,
        "isConsideredForRanking": false,
        "loyaltyEarningType": null,
        "expiryReminder": null,
        "isExclusive": false,
        "isAlwaysApply": false,
        "targetGroupIds": null,
        "targetRuleIds": null,
        "linkedTargetGroupVsTargetRuleIdMap": null
      }
    },
    {
      "id": 1737,
      "name": "F23: Complete 3 of the 5 Thrive Physical Rally Missions_v19",
      "description": "Optum Engage|Rewardable Activity|Complete 3 of the following",
      "promotionStatus": "LIVE",
      "lastUpdateDate": "2024-12-16T16:57:40-05:00",
      "startRuleIdentifier": "ruleset_29e59bc0-753b-42eb-8b22-93d14ff706eb",
      "lastUpdatedBy": 400170573,
      "programName": "Ralph Lauren Corporation_UATDefaultProgram",
      "promotionType": "CUSTOMER",
      "programId": 146,
      "startDate": "2024-11-01T00:00-05:00",
      "endDate": "2025-09-30T23:59:59-05:00",
      "identifier": "2f6a9256-f78a-4676-9a9e-7b99d4e72491",
      "isActive": true,
      "eventName": "TARGETCOMPLETED",
      "pointsOfferType": "GENERIC",
      "promotionRestrictions": {
        "restrictions": {
          "redemptionRestrictions": [
            {
              "name": "MAX_ALLOWED_TIMES_PER_CUSTOMER",
              "value": 1,
              "type": "NON_PERIOD_BASED",
              "periodType": "MOVING_WINDOW",
              "periodUnit": "DAILY"
            },
            {
              "name": "MAX_REDEMPTIONS_PER_EARN_PER_CUSTOMER",
              "value": 100,
              "type": "NON_PERIOD_BASED",
              "periodType": null,
              "periodUnit": null
            }
          ],
          "issualRestrictions": [],
          "earnRestrictions": [],
          "expiryRestrictions": []
        },
        "scope": null,
        "isStackable": false,
        "isConsideredForRanking": false,
        "loyaltyEarningType": null,
        "expiryReminder": null,
        "isExclusive": false,
        "isAlwaysApply": false,
        "targetGroupIds": null,
        "targetRuleIds": null,
        "linkedTargetGroupVsTargetRuleIdMap": null
      }
    },
    {
      "id": 1736,
      "name": "F22: Complete 3 of the 5 Thrive Emotional Rally Missions_v19",
      "description": "Optum Engage|Rewardable Activity|Complete 3 of the following",
      "promotionStatus": "LIVE",
      "lastUpdateDate": "2024-12-16T16:57:05-05:00",
      "startRuleIdentifier": "ruleset_69b6498f-34d5-4629-8986-eae5568a1f4b",
      "lastUpdatedBy": 400170573,
      "programName": "Ralph Lauren Corporation_UATDefaultProgram",
      "promotionType": "CUSTOMER",
      "programId": 146,
      "startDate": "2024-11-01T00:00-05:00",
      "endDate": "2025-06-30T23:59:59-05:00",
      "identifier": "8e038bd6-691c-421b-ab2a-5aa64054766a",
      "isActive": true,
      "eventName": "TARGETCOMPLETED",
      "pointsOfferType": "GENERIC",
      "promotionRestrictions": {
        "restrictions": {
          "redemptionRestrictions": [
            {
              "name": "MAX_ALLOWED_TIMES_PER_CUSTOMER",
              "value": 1,
              "type": "NON_PERIOD_BASED",
              "periodType": "MOVING_WINDOW",
              "periodUnit": "DAILY"
            },
            {
              "name": "MAX_REDEMPTIONS_PER_EARN_PER_CUSTOMER",
              "value": 100,
              "type": "NON_PERIOD_BASED",
              "periodType": null,
              "periodUnit": null
            }
          ],
          "issualRestrictions": [],
          "earnRestrictions": [],
          "expiryRestrictions": []
        },
        "scope": null,
        "isStackable": false,
        "isConsideredForRanking": false,
        "loyaltyEarningType": null,
        "expiryReminder": null,
        "isExclusive": false,
        "isAlwaysApply": false,
        "targetGroupIds": null,
        "targetRuleIds": null,
        "linkedTargetGroupVsTargetRuleIdMap": null
      }
    },
    {
      "id": 1735,
      "name": "F21: Thrive Financial Rally Missions_v19",
      "description": "Optum Engage|Rewardable Activity|Complete 3 of the following",
      "promotionStatus": "LIVE",
      "lastUpdateDate": "2024-12-16T16:54:19-05:00",
      "startRuleIdentifier": "ruleset_36de5028-e8d7-4e85-a835-21b38abfdb96",
      "lastUpdatedBy": 400170573,
      "programName": "Ralph Lauren Corporation_UATDefaultProgram",
      "promotionType": "CUSTOMER",
      "programId": 146,
      "startDate": "2024-11-01T00:00-05:00",
      "endDate": "2025-03-31T23:59:59-05:00",
      "identifier": "c7c7ebf6-31a3-4a31-b492-07d34f873f66",
      "isActive": true,
      "eventName": "TARGETCOMPLETED",
      "pointsOfferType": "GENERIC",
      "promotionRestrictions": {
        "restrictions": {
          "redemptionRestrictions": [
            {
              "name": "MAX_ALLOWED_TIMES_PER_CUSTOMER",
              "value": 1,
              "type": "NON_PERIOD_BASED",
              "periodType": "MOVING_WINDOW",
              "periodUnit": "DAILY"
            },
            {
              "name": "MAX_REDEMPTIONS_PER_EARN_PER_CUSTOMER",
              "value": 100,
              "type": "NON_PERIOD_BASED",
              "periodType": null,
              "periodUnit": null
            }
          ],
          "issualRestrictions": [],
          "earnRestrictions": [],
          "expiryRestrictions": []
        },
        "scope": null,
        "isStackable": false,
        "isConsideredForRanking": false,
        "loyaltyEarningType": null,
        "expiryReminder": null,
        "isExclusive": false,
        "isAlwaysApply": false,
        "targetGroupIds": null,
        "targetRuleIds": null,
        "linkedTargetGroupVsTargetRuleIdMap": null
      }
    },
    {
      "id": 1734,
      "name": "C5: Complete any Personal or Online Wellness Coaching Program_v19",
      "description": "Optum Engage|Rewardable Activity|Complete a Wellness Coaching Program",
      "promotionStatus": "LIVE",
      "lastUpdateDate": "2024-12-16T16:53:11-05:00",
      "startRuleIdentifier": "ruleset_7c57c794-041b-4fc0-8d4e-051c23f340d8",
      "lastUpdatedBy": 400170573,
      "programName": "Ralph Lauren Corporation_UATDefaultProgram",
      "promotionType": "CUSTOMER",
      "programId": 146,
      "startDate": "2024-11-01T00:00-05:00",
      "endDate": "2025-12-31T23:59:59-05:00",
      "identifier": "d7c5a497-75eb-4ad5-96bc-391a04390bc4",
      "isActive": true,
      "eventName": "TARGETCOMPLETED",
      "pointsOfferType": "GENERIC",
      "promotionRestrictions": {
        "restrictions": {
          "redemptionRestrictions": [
            {
              "name": "MAX_ALLOWED_TIMES_PER_CUSTOMER",
              "value": 1,
              "type": "NON_PERIOD_BASED",
              "periodType": "MOVING_WINDOW",
              "periodUnit": "DAILY"
            },
            {
              "name": "MAX_REDEMPTIONS_PER_EARN_PER_CUSTOMER",
              "value": 100,
              "type": "NON_PERIOD_BASED",
              "periodType": null,
              "periodUnit": null
            }
          ],
          "issualRestrictions": [],
          "earnRestrictions": [],
          "expiryRestrictions": []
        },
        "scope": null,
        "isStackable": false,
        "isConsideredForRanking": false,
        "loyaltyEarningType": null,
        "expiryReminder": null,
        "isExclusive": false,
        "isAlwaysApply": false,
        "targetGroupIds": null,
        "targetRuleIds": null,
        "linkedTargetGroupVsTargetRuleIdMap": null
      }
    },
    {
      "id": 1733,
      "name": "Custom 3: Participate in a RL Volunteer Event Attestation_v19",
      "description": "Optum Engage|Rewardable Activity|Participate in a Ralph Lauren Volunteer Event",
      "promotionStatus": "LIVE",
      "lastUpdateDate": "2024-12-16T16:52:27-05:00",
      "startRuleIdentifier": "ruleset_8cf96f18-8966-4b46-9e70-7118e3fd9a30",
      "lastUpdatedBy": 400170573,
      "programName": "Ralph Lauren Corporation_UATDefaultProgram",
      "promotionType": "CUSTOMER",
      "programId": 146,
      "startDate": "2024-11-01T00:00-05:00",
      "endDate": "2025-12-31T23:59:59-05:00",
      "identifier": "35cee86d-7181-4aad-afe9-83b088f49ac5",
      "isActive": true,
      "eventName": "TARGETCOMPLETED",
      "pointsOfferType": "GENERIC",
      "promotionRestrictions": {
        "restrictions": {
          "redemptionRestrictions": [
            {
              "name": "MAX_ALLOWED_TIMES_PER_CUSTOMER",
              "value": 4,
              "type": "NON_PERIOD_BASED",
              "periodType": "MOVING_WINDOW",
              "periodUnit": "DAILY"
            },
            {
              "name": "MAX_REDEMPTIONS_PER_EARN_PER_CUSTOMER",
              "value": 100,
              "type": "NON_PERIOD_BASED",
              "periodType": null,
              "periodUnit": null
            }
          ],
          "issualRestrictions": [],
          "earnRestrictions": [],
          "expiryRestrictions": []
        },
        "scope": null,
        "isStackable": false,
        "isConsideredForRanking": false,
        "loyaltyEarningType": null,
        "expiryReminder": null,
        "isExclusive": false,
        "isAlwaysApply": false,
        "targetGroupIds": null,
        "targetRuleIds": null,
        "linkedTargetGroupVsTargetRuleIdMap": null
      }
    },
    {
      "id": 1732,
      "name": "R4: Complete any public Rally Challenge_v19",
      "description": "Optum Engage|Rewardable Activity|Challenge Activity",
      "promotionStatus": "LIVE",
      "lastUpdateDate": "2024-12-16T16:39:34-05:00",
      "startRuleIdentifier": "ruleset_64a1f245-00b2-477d-9fed-2534599c6a14",
      "lastUpdatedBy": 400170573,
      "programName": "Ralph Lauren Corporation_UATDefaultProgram",
      "promotionType": "CUSTOMER",
      "programId": 146,
      "startDate": "2024-11-01T00:00-05:00",
      "endDate": "2025-12-31T23:59:59-05:00",
      "identifier": "87d050af-8684-41bf-b9c0-1ce34b95abf8",
      "isActive": true,
      "eventName": "TARGETCOMPLETED",
      "pointsOfferType": "GENERIC",
      "promotionRestrictions": {
        "restrictions": {
          "redemptionRestrictions": [
            {
              "name": "MAX_ALLOWED_TIMES_PER_CUSTOMER",
              "value": 1,
              "type": "NON_PERIOD_BASED",
              "periodType": "MOVING_WINDOW",
              "periodUnit": "DAILY"
            },
            {
              "name": "MAX_REDEMPTIONS_PER_EARN_PER_CUSTOMER",
              "value": 100,
              "type": "NON_PERIOD_BASED",
              "periodType": null,
              "periodUnit": null
            }
          ],
          "issualRestrictions": [],
          "earnRestrictions": [],
          "expiryRestrictions": []
        },
        "scope": null,
        "isStackable": false,
        "isConsideredForRanking": false,
        "loyaltyEarningType": null,
        "expiryReminder": null,
        "isExclusive": false,
        "isAlwaysApply": false,
        "targetGroupIds": null,
        "targetRuleIds": null,
        "linkedTargetGroupVsTargetRuleIdMap": null
      }
    },
    {
      "id": 1731,
      "name": "R14: Gym Check-In_v19",
      "description": "Optum Engage|Rewardable Activity|Gym Check In",
      "promotionStatus": "LIVE",
      "lastUpdateDate": "2024-12-16T16:39:04-05:00",
      "startRuleIdentifier": "ruleset_aaa1eb3b-c320-4082-a4b6-269649fcab2b",
      "lastUpdatedBy": 400170573,
      "programName": "Ralph Lauren Corporation_UATDefaultProgram",
      "promotionType": "CUSTOMER",
      "programId": 146,
      "startDate": "2024-11-01T00:00-05:00",
      "endDate": "2025-12-31T23:59:59-05:00",
      "identifier": "99c98aed-ce30-40af-8354-6574dd95c947",
      "isActive": true,
      "eventName": "TARGETCOMPLETED",
      "pointsOfferType": "LOYALTY",
      "promotionRestrictions": {
        "restrictions": {
          "redemptionRestrictions": [
            {
              "name": "MAX_REDEMPTIONS_PER_EARN_PER_CUSTOMER",
              "value": 1,
              "type": "NON_PERIOD_BASED",
              "periodType": "MOVING_WINDOW",
              "periodUnit": "DAILY"
            }
          ],
          "issualRestrictions": [
            {
              "name": "MAX_NUMBER_OF_ISSUALS_PER_CUSTOMER",
              "value": 100
            }
          ],
          "earnRestrictions": [
            {
              "name": "MAX_NUMBER_OF_EARNS_PER_CUSTOMER",
              "value": 100
            },
            {
              "name": "MAX_POINTS_PER_EARN_PER_CUSTOMER",
              "value": -1
            }
          ],
          "expiryRestrictions": [
            {
              "name": "EARN_PROMOTION_EXPIRY_BASED_ON",
              "value": 0,
              "type": "PROMOTION"
            }
          ]
        },
        "scope": null,
        "isStackable": false,
        "isConsideredForRanking": false,
        "loyaltyEarningType": null,
        "expiryReminder": null,
        "isExclusive": false,
        "isAlwaysApply": false,
        "targetGroupIds": null,
        "targetRuleIds": null,
        "linkedTargetGroupVsTargetRuleIdMap": null
      }
    },
    {
      "id": 1730,
      "name": "R156: Stride_v19",
      "description": "Optum Engage|Rewardable Activity|Complete [[K]] of the following",
      "promotionStatus": "LIVE",
      "lastUpdateDate": "2024-12-16T16:38:27-05:00",
      "startRuleIdentifier": "ruleset_b365f445-709c-4ee5-a341-a92faba2cdf7",
      "lastUpdatedBy": 400170573,
      "programName": "Ralph Lauren Corporation_UATDefaultProgram",
      "promotionType": "CUSTOMER",
      "programId": 146,
      "startDate": "2024-11-01T00:00-05:00",
      "endDate": "2025-12-31T23:59:59-05:00",
      "identifier": "a607fc0f-060c-419d-a67f-45f006b070cf",
      "isActive": true,
      "eventName": "TARGETCOMPLETED",
      "pointsOfferType": "LOYALTY",
      "promotionRestrictions": {
        "restrictions": {
          "redemptionRestrictions": [
            {
              "name": "MAX_REDEMPTIONS_PER_EARN_PER_CUSTOMER",
              "value": 1,
              "type": "NON_PERIOD_BASED",
              "periodType": "MOVING_WINDOW",
              "periodUnit": "DAILY"
            }
          ],
          "issualRestrictions": [
            {
              "name": "MAX_NUMBER_OF_ISSUALS_PER_CUSTOMER",
              "value": 100
            }
          ],
          "earnRestrictions": [
            {
              "name": "MAX_NUMBER_OF_EARNS_PER_CUSTOMER",
              "value": 100
            },
            {
              "name": "MAX_POINTS_PER_EARN_PER_CUSTOMER",
              "value": -1
            }
          ],
          "expiryRestrictions": [
            {
              "name": "EARN_PROMOTION_EXPIRY_BASED_ON",
              "value": 0,
              "type": "PROMOTION"
            }
          ]
        },
        "scope": null,
        "isStackable": false,
        "isConsideredForRanking": false,
        "loyaltyEarningType": null,
        "expiryReminder": null,
        "isExclusive": false,
        "isAlwaysApply": false,
        "targetGroupIds": null,
        "targetRuleIds": null,
        "linkedTargetGroupVsTargetRuleIdMap": null
      }
    },
    {
      "id": 1729,
      "name": "S15: Complete a Virtual Visit_v19",
      "description": "Optum Engage|Rewardable Activity|Get a 24/7 Virtual Visit",
      "promotionStatus": "LIVE",
      "lastUpdateDate": "2024-12-15T14:24:59-05:00",
      "startRuleIdentifier": "ruleset_07ef8fef-7339-44ed-80d0-24359c463a7e",
      "lastUpdatedBy": 4,
      "programName": "Ralph Lauren Corporation_UATDefaultProgram",
      "promotionType": "CUSTOMER",
      "programId": 146,
      "startDate": "2024-11-01T00:00-05:00",
      "endDate": "2025-12-31T00:00-05:00",
      "identifier": "b85d9bcb-46f1-404f-b579-dcdde294af11",
      "isActive": true,
      "eventName": "TARGETCOMPLETED",
      "pointsOfferType": "GENERIC",
      "promotionRestrictions": {
        "restrictions": {
          "redemptionRestrictions": [
            {
              "name": "MAX_ALLOWED_TIMES_PER_CUSTOMER",
              "value": 1,
              "type": "NON_PERIOD_BASED",
              "periodType": "MOVING_WINDOW",
              "periodUnit": "DAILY"
            },
            {
              "name": "MAX_REDEMPTIONS_PER_EARN_PER_CUSTOMER",
              "value": 100,
              "type": "NON_PERIOD_BASED",
              "periodType": "MOVING_WINDOW",
              "periodUnit": "DAILY"
            }
          ],
          "issualRestrictions": [],
          "earnRestrictions": [],
          "expiryRestrictions": []
        },
        "scope": null,
        "isStackable": false,
        "isConsideredForRanking": false,
        "loyaltyEarningType": null,
        "expiryReminder": null,
        "isExclusive": false,
        "isAlwaysApply": false,
        "targetGroupIds": null,
        "targetRuleIds": null,
        "linkedTargetGroupVsTargetRuleIdMap": null
      }
    },
    {
      "id": 1728,
      "name": "C12: Complete Real Appeal_v19",
      "description": "Optum Engage|Rewardable Activity|Real Appeal",
      "promotionStatus": "LIVE",
      "lastUpdateDate": "2024-12-16T16:37:09-05:00",
      "startRuleIdentifier": "ruleset_bdc94d14-62b7-4ab0-8be3-be847e79ffd7",
      "lastUpdatedBy": 400170573,
      "programName": "Ralph Lauren Corporation_UATDefaultProgram",
      "promotionType": "CUSTOMER",
      "programId": 146,
      "startDate": "2024-11-01T00:00-05:00",
      "endDate": "2025-12-31T23:59:59-05:00",
      "identifier": "b0f39489-b8f9-45a4-bcb2-b0347308e1da",
      "isActive": true,
      "eventName": "TARGETCOMPLETED",
      "pointsOfferType": "GENERIC",
      "promotionRestrictions": {
        "restrictions": {
          "redemptionRestrictions": [
            {
              "name": "MAX_ALLOWED_TIMES_PER_CUSTOMER",
              "value": 1,
              "type": "NON_PERIOD_BASED",
              "periodType": "MOVING_WINDOW",
              "periodUnit": "DAILY"
            },
            {
              "name": "MAX_REDEMPTIONS_PER_EARN_PER_CUSTOMER",
              "value": 100,
              "type": "NON_PERIOD_BASED",
              "periodType": null,
              "periodUnit": null
            }
          ],
          "issualRestrictions": [],
          "earnRestrictions": [],
          "expiryRestrictions": []
        },
        "scope": null,
        "isStackable": false,
        "isConsideredForRanking": false,
        "loyaltyEarningType": null,
        "expiryReminder": null,
        "isExclusive": false,
        "isAlwaysApply": false,
        "targetGroupIds": null,
        "targetRuleIds": null,
        "linkedTargetGroupVsTargetRuleIdMap": null
      }
    },
    {
      "id": 1727,
      "name": "Custom 2: Enroll in Livongo_v19",
      "description": "Optum Engage|Rewardable Activity|Participate in Livongo!",
      "promotionStatus": "LIVE",
      "lastUpdateDate": "2024-12-15T14:25:02-05:00",
      "startRuleIdentifier": "ruleset_4a514d10-739a-4c6f-9205-c2676891628c",
      "lastUpdatedBy": 4,
      "programName": "Ralph Lauren Corporation_UATDefaultProgram",
      "promotionType": "CUSTOMER",
      "programId": 146,
      "startDate": "2024-11-01T00:00-05:00",
      "endDate": "2025-12-31T00:00-05:00",
      "identifier": "b78b2698-8cfa-45e3-9560-99cdccada2ad",
      "isActive": true,
      "eventName": "TARGETCOMPLETED",
      "pointsOfferType": "GENERIC",
      "promotionRestrictions": {
        "restrictions": {
          "redemptionRestrictions": [
            {
              "name": "MAX_ALLOWED_TIMES_PER_CUSTOMER",
              "value": 1,
              "type": "NON_PERIOD_BASED",
              "periodType": "MOVING_WINDOW",
              "periodUnit": "DAILY"
            },
            {
              "name": "MAX_REDEMPTIONS_PER_EARN_PER_CUSTOMER",
              "value": 100,
              "type": "NON_PERIOD_BASED",
              "periodType": "MOVING_WINDOW",
              "periodUnit": "DAILY"
            }
          ],
          "issualRestrictions": [],
          "earnRestrictions": [],
          "expiryRestrictions": []
        },
        "scope": null,
        "isStackable": false,
        "isConsideredForRanking": false,
        "loyaltyEarningType": null,
        "expiryReminder": null,
        "isExclusive": false,
        "isAlwaysApply": false,
        "targetGroupIds": null,
        "targetRuleIds": null,
        "linkedTargetGroupVsTargetRuleIdMap": null
      }
    },
    {
      "id": 1726,
      "name": "Custom 1: Complete an introductory Care Advocate appointment once you enroll in Maven Maternity_v19",
      "description": "Optum Engage|Rewardable Activity|Maternity Support with Maven",
      "promotionStatus": "LIVE",
      "lastUpdateDate": "2024-12-16T16:29:21-05:00",
      "startRuleIdentifier": "ruleset_0fa96986-780a-4903-a74a-931b16250f86",
      "lastUpdatedBy": 400170573,
      "programName": "Ralph Lauren Corporation_UATDefaultProgram",
      "promotionType": "CUSTOMER",
      "programId": 146,
      "startDate": "2024-11-01T00:00-05:00",
      "endDate": "2025-12-31T23:59:59-05:00",
      "identifier": "bcbd04c2-5380-4df1-b919-e0de1f674f95",
      "isActive": true,
      "eventName": "TARGETCOMPLETED",
      "pointsOfferType": "GENERIC",
      "promotionRestrictions": {
        "restrictions": {
          "redemptionRestrictions": [
            {
              "name": "MAX_ALLOWED_TIMES_PER_CUSTOMER",
              "value": 1,
              "type": "NON_PERIOD_BASED",
              "periodType": "MOVING_WINDOW",
              "periodUnit": "DAILY"
            },
            {
              "name": "MAX_REDEMPTIONS_PER_EARN_PER_CUSTOMER",
              "value": 100,
              "type": "NON_PERIOD_BASED",
              "periodType": null,
              "periodUnit": null
            }
          ],
          "issualRestrictions": [],
          "earnRestrictions": [],
          "expiryRestrictions": []
        },
        "scope": null,
        "isStackable": false,
        "isConsideredForRanking": false,
        "loyaltyEarningType": null,
        "expiryReminder": null,
        "isExclusive": false,
        "isAlwaysApply": false,
        "targetGroupIds": null,
        "targetRuleIds": null,
        "linkedTargetGroupVsTargetRuleIdMap": null
      }
    },
    {
      "id": 1725,
      "name": "D12: Enroll in Condition Management Program_v19",
      "description": "Optum Engage|Rewardable Activity|Enroll in a Condition Management Program",
      "promotionStatus": "LIVE",
      "lastUpdateDate": "2024-12-15T14:25:05-05:00",
      "startRuleIdentifier": "ruleset_572e88d2-efc0-40a7-9b4b-46183fe17d88",
      "lastUpdatedBy": 4,
      "programName": "Ralph Lauren Corporation_UATDefaultProgram",
      "promotionType": "CUSTOMER",
      "programId": 146,
      "startDate": "2024-11-01T00:00-05:00",
      "endDate": "2025-12-31T00:00-05:00",
      "identifier": "657827b3-572c-4753-bff0-a46b8e38e97b",
      "isActive": true,
      "eventName": "TARGETCOMPLETED",
      "pointsOfferType": "GENERIC",
      "promotionRestrictions": {
        "restrictions": {
          "redemptionRestrictions": [
            {
              "name": "MAX_ALLOWED_TIMES_PER_CUSTOMER",
              "value": 1,
              "type": "NON_PERIOD_BASED",
              "periodType": "MOVING_WINDOW",
              "periodUnit": "DAILY"
            },
            {
              "name": "MAX_REDEMPTIONS_PER_EARN_PER_CUSTOMER",
              "value": 100,
              "type": "NON_PERIOD_BASED",
              "periodType": "MOVING_WINDOW",
              "periodUnit": "DAILY"
            }
          ],
          "issualRestrictions": [],
          "earnRestrictions": [],
          "expiryRestrictions": []
        },
        "scope": null,
        "isStackable": false,
        "isConsideredForRanking": false,
        "loyaltyEarningType": null,
        "expiryReminder": null,
        "isExclusive": false,
        "isAlwaysApply": false,
        "targetGroupIds": null,
        "targetRuleIds": null,
        "linkedTargetGroupVsTargetRuleIdMap": null
      }
    },
    {
      "id": 1724,
      "name": "F18: Complete one of the following preventive screenings_v19",
      "description": "Optum Engage|Rewardable Activity|Get an Annual Physical or Preventive Screening",
      "promotionStatus": "LIVE",
      "lastUpdateDate": "2024-12-15T14:25:06-05:00",
      "startRuleIdentifier": "ruleset_338c45a4-1af3-4748-b962-43fcd5808c61",
      "lastUpdatedBy": 4,
      "programName": "Ralph Lauren Corporation_UATDefaultProgram",
      "promotionType": "CUSTOMER",
      "programId": 146,
      "startDate": "2024-11-01T00:00-05:00",
      "endDate": "2025-12-31T00:00-05:00",
      "identifier": "783be58d-1b71-4932-8930-af0b01a3af43",
      "isActive": true,
      "eventName": "TARGETCOMPLETED",
      "pointsOfferType": "GENERIC",
      "promotionRestrictions": {
        "restrictions": {
          "redemptionRestrictions": [
            {
              "name": "MAX_ALLOWED_TIMES_PER_CUSTOMER",
              "value": 1,
              "type": "NON_PERIOD_BASED",
              "periodType": "MOVING_WINDOW",
              "periodUnit": "DAILY"
            },
            {
              "name": "MAX_REDEMPTIONS_PER_EARN_PER_CUSTOMER",
              "value": 100,
              "type": "NON_PERIOD_BASED",
              "periodType": "MOVING_WINDOW",
              "periodUnit": "DAILY"
            }
          ],
          "issualRestrictions": [],
          "earnRestrictions": [],
          "expiryRestrictions": []
        },
        "scope": null,
        "isStackable": false,
        "isConsideredForRanking": false,
        "loyaltyEarningType": null,
        "expiryReminder": null,
        "isExclusive": false,
        "isAlwaysApply": false,
        "targetGroupIds": null,
        "targetRuleIds": null,
        "linkedTargetGroupVsTargetRuleIdMap": null
      }
    },
    {
      "id": 1723,
      "name": "R150: Dental Visit_v19",
      "description": "Optum Engage|Self Attestation|Dental Visits",
      "promotionStatus": "LIVE",
      "lastUpdateDate": "2024-12-16T16:28:15-05:00",
      "startRuleIdentifier": "ruleset_2ecaa23c-035d-485e-841b-c2458d1c5ca8",
      "lastUpdatedBy": 400170573,
      "programName": "Ralph Lauren Corporation_UATDefaultProgram",
      "promotionType": "CUSTOMER",
      "programId": 146,
      "startDate": "2024-11-01T00:00-05:00",
      "endDate": "2025-12-31T23:59:59-05:00",
      "identifier": "f2cf1d97-f444-461e-b9b7-483aaef3567b",
      "isActive": true,
      "eventName": "TARGETCOMPLETED",
      "pointsOfferType": "GENERIC",
      "promotionRestrictions": {
        "restrictions": {
          "redemptionRestrictions": [
            {
              "name": "MAX_ALLOWED_TIMES_PER_CUSTOMER",
              "value": 1,
              "type": "NON_PERIOD_BASED",
              "periodType": "MOVING_WINDOW",
              "periodUnit": "DAILY"
            },
            {
              "name": "MAX_REDEMPTIONS_PER_EARN_PER_CUSTOMER",
              "value": 100,
              "type": "NON_PERIOD_BASED",
              "periodType": null,
              "periodUnit": null
            }
          ],
          "issualRestrictions": [],
          "earnRestrictions": [],
          "expiryRestrictions": []
        },
        "scope": null,
        "isStackable": false,
        "isConsideredForRanking": false,
        "loyaltyEarningType": null,
        "expiryReminder": null,
        "isExclusive": false,
        "isAlwaysApply": false,
        "targetGroupIds": null,
        "targetRuleIds": null,
        "linkedTargetGroupVsTargetRuleIdMap": null
      }
    },
    {
      "id": 1722,
      "name": "S3: Complete a Biometric Screening_v19",
      "description": "Optum Engage|Rewardable Activity|Complete a Biometric Health Screening (routine lab work)",
      "promotionStatus": "LIVE",
      "lastUpdateDate": "2024-12-16T16:27:44-05:00",
      "startRuleIdentifier": "ruleset_5c301888-1f49-46fa-a4b4-dae2653736e9",
      "lastUpdatedBy": 400170573,
      "programName": "Ralph Lauren Corporation_UATDefaultProgram",
      "promotionType": "CUSTOMER",
      "programId": 146,
      "startDate": "2024-11-01T00:00-05:00",
      "endDate": "2025-12-31T23:59:59-05:00",
      "identifier": "4c42e573-c36f-4564-9610-da88bd3cd3f9",
      "isActive": true,
      "eventName": "TARGETCOMPLETED",
      "pointsOfferType": "GENERIC",
      "promotionRestrictions": {
        "restrictions": {
          "redemptionRestrictions": [
            {
              "name": "MAX_ALLOWED_TIMES_PER_CUSTOMER",
              "value": 1,
              "type": "NON_PERIOD_BASED",
              "periodType": "MOVING_WINDOW",
              "periodUnit": "DAILY"
            },
            {
              "name": "MAX_REDEMPTIONS_PER_EARN_PER_CUSTOMER",
              "value": 100,
              "type": "NON_PERIOD_BASED",
              "periodType": null,
              "periodUnit": null
            }
          ],
          "issualRestrictions": [],
          "earnRestrictions": [],
          "expiryRestrictions": []
        },
        "scope": null,
        "isStackable": false,
        "isConsideredForRanking": false,
        "loyaltyEarningType": null,
        "expiryReminder": null,
        "isExclusive": false,
        "isAlwaysApply": false,
        "targetGroupIds": null,
        "targetRuleIds": null,
        "linkedTargetGroupVsTargetRuleIdMap": null
      }
    },
    {
      "id": 1721,
      "name": "R9: Complete your Rally Health Survey_v19",
      "description": "Optum Engage|Rewardable Activity|Complete Rally Health Survey",
      "promotionStatus": "LIVE",
      "lastUpdateDate": "2024-12-16T16:25:39-05:00",
      "startRuleIdentifier": "ruleset_0f01baa2-1a77-49ec-8a70-f72a7aa88950",
      "lastUpdatedBy": 400170573,
      "programName": "Ralph Lauren Corporation_UATDefaultProgram",
      "promotionType": "CUSTOMER",
      "programId": 146,
      "startDate": "2024-11-01T00:00-05:00",
      "endDate": "2025-12-31T23:59:59-05:00",
      "identifier": "3ffb3eaa-5e48-4509-a72d-719f3e1cc0d8",
      "isActive": true,
      "eventName": "TARGETCOMPLETED",
      "pointsOfferType": "GENERIC",
      "promotionRestrictions": {
        "restrictions": {
          "redemptionRestrictions": [
            {
              "name": "MAX_ALLOWED_TIMES_PER_CUSTOMER",
              "value": 1,
              "type": "NON_PERIOD_BASED",
              "periodType": "MOVING_WINDOW",
              "periodUnit": "DAILY"
            },
            {
              "name": "MAX_REDEMPTIONS_PER_EARN_PER_CUSTOMER",
              "value": 100,
              "type": "NON_PERIOD_BASED",
              "periodType": null,
              "periodUnit": null
            }
          ],
          "issualRestrictions": [],
          "earnRestrictions": [],
          "expiryRestrictions": []
        },
        "scope": null,
        "isStackable": false,
        "isConsideredForRanking": false,
        "loyaltyEarningType": null,
        "expiryReminder": null,
        "isExclusive": false,
        "isAlwaysApply": false,
        "targetGroupIds": null,
        "targetRuleIds": null,
        "linkedTargetGroupVsTargetRuleIdMap": null
      }
    },
    {
      "id": 1073,
      "name": "F24.Complete 3 of the 5 Thrive Social Rally Missions",
      "description": "F24.Complete 3 of the 5 Thrive Social Rally Missions",
      "promotionStatus": "INACTIVE",
      "lastUpdateDate": "2024-12-15T14:25:11-05:00",
      "startRuleIdentifier": "ruleset_20241110135957",
      "lastUpdatedBy": 4,
      "programName": "Ralph Lauren Corporation_UATDefaultProgram",
      "promotionType": "CUSTOMER",
      "programId": 146,
      "startDate": "2024-11-01T00:00-05:00",
      "endDate": "2025-12-31T23:59:59-05:00",
      "identifier": "f127b92d-38c0-438b-8ad1-82131d4b70d5",
      "isActive": false,
      "eventName": "TARGETCOMPLETED",
      "pointsOfferType": "GENERIC",
      "promotionRestrictions": {
        "restrictions": {
          "redemptionRestrictions": [
            {
              "name": "MAX_ALLOWED_TIMES_PER_CUSTOMER",
              "value": 1,
              "type": "NON_PERIOD_BASED",
              "periodType": "MOVING_WINDOW",
              "periodUnit": "DAILY"
            },
            {
              "name": "MAX_REDEMPTIONS_PER_EARN_PER_CUSTOMER",
              "value": 100,
              "type": "NON_PERIOD_BASED",
              "periodType": "MOVING_WINDOW",
              "periodUnit": "DAILY"
            }
          ],
          "issualRestrictions": [],
          "earnRestrictions": [],
          "expiryRestrictions": []
        },
        "scope": null,
        "isStackable": false,
        "isConsideredForRanking": false,
        "loyaltyEarningType": null,
        "expiryReminder": null,
        "isExclusive": false,
        "isAlwaysApply": false,
        "targetGroupIds": null,
        "targetRuleIds": null,
        "linkedTargetGroupVsTargetRuleIdMap": null
      }
    },
    {
      "id": 1072,
      "name": "F23.Complete 3 of the 5 Thrive Physical Rally Missions",
      "description": "F23.Complete 3 of the 5 Thrive Physical Rally Missions",
      "promotionStatus": "INACTIVE",
      "lastUpdateDate": "2024-12-15T14:25:12-05:00",
      "startRuleIdentifier": "ruleset_20241110135841",
      "lastUpdatedBy": 4,
      "programName": "Ralph Lauren Corporation_UATDefaultProgram",
      "promotionType": "CUSTOMER",
      "programId": 146,
      "startDate": "2024-11-01T00:00-05:00",
      "endDate": "2025-12-31T23:59:59-05:00",
      "identifier": "350669e2-f6be-41f2-afb7-033478750a0b",
      "isActive": false,
      "eventName": "TARGETCOMPLETED",
      "pointsOfferType": "GENERIC",
      "promotionRestrictions": {
        "restrictions": {
          "redemptionRestrictions": [
            {
              "name": "MAX_ALLOWED_TIMES_PER_CUSTOMER",
              "value": 1,
              "type": "NON_PERIOD_BASED",
              "periodType": "MOVING_WINDOW",
              "periodUnit": "DAILY"
            },
            {
              "name": "MAX_REDEMPTIONS_PER_EARN_PER_CUSTOMER",
              "value": 100,
              "type": "NON_PERIOD_BASED",
              "periodType": "MOVING_WINDOW",
              "periodUnit": "DAILY"
            }
          ],
          "issualRestrictions": [],
          "earnRestrictions": [],
          "expiryRestrictions": []
        },
        "scope": null,
        "isStackable": false,
        "isConsideredForRanking": false,
        "loyaltyEarningType": null,
        "expiryReminder": null,
        "isExclusive": false,
        "isAlwaysApply": false,
        "targetGroupIds": null,
        "targetRuleIds": null,
        "linkedTargetGroupVsTargetRuleIdMap": null
      }
    },
    {
      "id": 1071,
      "name": "F22.Complete 3 of the 5 Thrive Emotional Rally Missions",
      "description": "F22.Complete 3 of the 5 Thrive Emotional Rally Missions",
      "promotionStatus": "INACTIVE",
      "lastUpdateDate": "2024-12-15T14:25:14-05:00",
      "startRuleIdentifier": "ruleset_20241110135656",
      "lastUpdatedBy": 4,
      "programName": "Ralph Lauren Corporation_UATDefaultProgram",
      "promotionType": "CUSTOMER",
      "programId": 146,
      "startDate": "2024-11-01T00:00-05:00",
      "endDate": "2025-12-31T23:59:59-05:00",
      "identifier": "955acaa3-07ff-46dd-b37f-a9275c0a0d2c",
      "isActive": false,
      "eventName": "TARGETCOMPLETED",
      "pointsOfferType": "GENERIC",
      "promotionRestrictions": {
        "restrictions": {
          "redemptionRestrictions": [
            {
              "name": "MAX_ALLOWED_TIMES_PER_CUSTOMER",
              "value": 1,
              "type": "NON_PERIOD_BASED",
              "periodType": "MOVING_WINDOW",
              "periodUnit": "DAILY"
            },
            {
              "name": "MAX_REDEMPTIONS_PER_EARN_PER_CUSTOMER",
              "value": 100,
              "type": "NON_PERIOD_BASED",
              "periodType": "MOVING_WINDOW",
              "periodUnit": "DAILY"
            }
          ],
          "issualRestrictions": [],
          "earnRestrictions": [],
          "expiryRestrictions": []
        },
        "scope": null,
        "isStackable": false,
        "isConsideredForRanking": false,
        "loyaltyEarningType": null,
        "expiryReminder": null,
        "isExclusive": false,
        "isAlwaysApply": false,
        "targetGroupIds": null,
        "targetRuleIds": null,
        "linkedTargetGroupVsTargetRuleIdMap": null
      }
    },
    {
      "id": 1070,
      "name": "F21.Complete 3 of the 5 Thrive Financial Rally Missions",
      "description": "F21.Complete 3 of the 5 Thrive Financial Rally Missions",
      "promotionStatus": "INACTIVE",
      "lastUpdateDate": "2024-12-15T14:25:15-05:00",
      "startRuleIdentifier": "ruleset_20241110135417",
      "lastUpdatedBy": 4,
      "programName": "Ralph Lauren Corporation_UATDefaultProgram",
      "promotionType": "CUSTOMER",
      "programId": 146,
      "startDate": "2024-11-01T00:00-05:00",
      "endDate": "2025-12-31T23:59:59-05:00",
      "identifier": "dda54fb8-9978-4a4b-aede-945733e1adce",
      "isActive": false,
      "eventName": "TARGETCOMPLETED",
      "pointsOfferType": "GENERIC",
      "promotionRestrictions": {
        "restrictions": {
          "redemptionRestrictions": [
            {
              "name": "MAX_ALLOWED_TIMES_PER_CUSTOMER",
              "value": 1,
              "type": "NON_PERIOD_BASED",
              "periodType": "MOVING_WINDOW",
              "periodUnit": "DAILY"
            },
            {
              "name": "MAX_REDEMPTIONS_PER_EARN_PER_CUSTOMER",
              "value": 100,
              "type": "NON_PERIOD_BASED",
              "periodType": "MOVING_WINDOW",
              "periodUnit": "DAILY"
            }
          ],
          "issualRestrictions": [],
          "earnRestrictions": [],
          "expiryRestrictions": []
        },
        "scope": null,
        "isStackable": false,
        "isConsideredForRanking": false,
        "loyaltyEarningType": null,
        "expiryReminder": null,
        "isExclusive": false,
        "isAlwaysApply": false,
        "targetGroupIds": null,
        "targetRuleIds": null,
        "linkedTargetGroupVsTargetRuleIdMap": null
      }
    },
    {
      "id": 1069,
      "name": "C5.Complete any Personal or Online Wellness Coaching Program",
      "description": "C5.Complete any Personal or Online Wellness Coaching Program",
      "promotionStatus": "INACTIVE",
      "lastUpdateDate": "2024-12-15T14:25:17-05:00",
      "startRuleIdentifier": "ruleset_20241110135212",
      "lastUpdatedBy": 4,
      "programName": "Ralph Lauren Corporation_UATDefaultProgram",
      "promotionType": "CUSTOMER",
      "programId": 146,
      "startDate": "2024-11-01T00:00-05:00",
      "endDate": "2025-12-31T23:59:59-05:00",
      "identifier": "66f19d70-2e90-48be-a87f-64771eec2fae",
      "isActive": false,
      "eventName": "TARGETCOMPLETED",
      "pointsOfferType": "GENERIC",
      "promotionRestrictions": {
        "restrictions": {
          "redemptionRestrictions": [
            {
              "name": "MAX_ALLOWED_TIMES_PER_CUSTOMER",
              "value": 1,
              "type": "NON_PERIOD_BASED",
              "periodType": "MOVING_WINDOW",
              "periodUnit": "DAILY"
            },
            {
              "name": "MAX_REDEMPTIONS_PER_EARN_PER_CUSTOMER",
              "value": 100,
              "type": "NON_PERIOD_BASED",
              "periodType": "MOVING_WINDOW",
              "periodUnit": "DAILY"
            }
          ],
          "issualRestrictions": [],
          "earnRestrictions": [],
          "expiryRestrictions": []
        },
        "scope": null,
        "isStackable": false,
        "isConsideredForRanking": false,
        "loyaltyEarningType": null,
        "expiryReminder": null,
        "isExclusive": false,
        "isAlwaysApply": false,
        "targetGroupIds": null,
        "targetRuleIds": null,
        "linkedTargetGroupVsTargetRuleIdMap": null
      }
    },
    {
      "id": 1068,
      "name": "Participate in a RL Volunteer Event Attestation",
      "description": "Participate in a RL Volunteer Event Attestation",
      "promotionStatus": "INACTIVE",
      "lastUpdateDate": "2024-12-15T14:25:18-05:00",
      "startRuleIdentifier": "ruleset_20241110134954",
      "lastUpdatedBy": 4,
      "programName": "Ralph Lauren Corporation_UATDefaultProgram",
      "promotionType": "CUSTOMER",
      "programId": 146,
      "startDate": "2024-11-01T00:00-05:00",
      "endDate": "2025-12-31T23:59:59-05:00",
      "identifier": "d2ee7435-3c39-45be-97bc-d9a3f83c0ff1",
      "isActive": false,
      "eventName": "TARGETCOMPLETED",
      "pointsOfferType": "GENERIC",
      "promotionRestrictions": {
        "restrictions": {
          "redemptionRestrictions": [
            {
              "name": "MAX_ALLOWED_TIMES_PER_CUSTOMER",
              "value": 1,
              "type": "NON_PERIOD_BASED",
              "periodType": "MOVING_WINDOW",
              "periodUnit": "DAILY"
            },
            {
              "name": "MAX_REDEMPTIONS_PER_EARN_PER_CUSTOMER",
              "value": 100,
              "type": "NON_PERIOD_BASED",
              "periodType": "MOVING_WINDOW",
              "periodUnit": "DAILY"
            }
          ],
          "issualRestrictions": [],
          "earnRestrictions": [],
          "expiryRestrictions": []
        },
        "scope": null,
        "isStackable": false,
        "isConsideredForRanking": false,
        "loyaltyEarningType": null,
        "expiryReminder": null,
        "isExclusive": false,
        "isAlwaysApply": false,
        "targetGroupIds": null,
        "targetRuleIds": null,
        "linkedTargetGroupVsTargetRuleIdMap": null
      }
    },
    {
      "id": 1067,
      "name": "R4.Complete any public Rally Challenge",
      "description": "R4.Complete any public Rally Challenge",
      "promotionStatus": "INACTIVE",
      "lastUpdateDate": "2024-12-15T14:25:19-05:00",
      "startRuleIdentifier": "ruleset_20241110134835",
      "lastUpdatedBy": 4,
      "programName": "Ralph Lauren Corporation_UATDefaultProgram",
      "promotionType": "CUSTOMER",
      "programId": 146,
      "startDate": "2024-11-01T00:00-05:00",
      "endDate": "2025-12-31T23:59:59-05:00",
      "identifier": "49190935-2d38-4d70-a3f7-9b7737043eb1",
      "isActive": false,
      "eventName": "TARGETCOMPLETED",
      "pointsOfferType": "GENERIC",
      "promotionRestrictions": {
        "restrictions": {
          "redemptionRestrictions": [
            {
              "name": "MAX_ALLOWED_TIMES_PER_CUSTOMER",
              "value": 1,
              "type": "NON_PERIOD_BASED",
              "periodType": "MOVING_WINDOW",
              "periodUnit": "DAILY"
            },
            {
              "name": "MAX_REDEMPTIONS_PER_EARN_PER_CUSTOMER",
              "value": 100,
              "type": "NON_PERIOD_BASED",
              "periodType": "MOVING_WINDOW",
              "periodUnit": "DAILY"
            }
          ],
          "issualRestrictions": [],
          "earnRestrictions": [],
          "expiryRestrictions": []
        },
        "scope": null,
        "isStackable": false,
        "isConsideredForRanking": false,
        "loyaltyEarningType": null,
        "expiryReminder": null,
        "isExclusive": false,
        "isAlwaysApply": false,
        "targetGroupIds": null,
        "targetRuleIds": null,
        "linkedTargetGroupVsTargetRuleIdMap": null
      }
    },
    {
      "id": 1066,
      "name": "R14.Gym Check-In",
      "description": "R14.Gym Check-In",
      "promotionStatus": "INACTIVE",
      "lastUpdateDate": "2024-12-15T14:25:21-05:00",
      "startRuleIdentifier": "ruleset_20241110134516",
      "lastUpdatedBy": 4,
      "programName": "Ralph Lauren Corporation_UATDefaultProgram",
      "promotionType": "CUSTOMER",
      "programId": 146,
      "startDate": "2024-11-01T00:00-05:00",
      "endDate": "2025-12-31T23:59:59-05:00",
      "identifier": "5d1abd95-9dd7-490a-a66f-f390d09a7e7a",
      "isActive": false,
      "eventName": "TARGETCOMPLETED",
      "pointsOfferType": "GENERIC",
      "promotionRestrictions": {
        "restrictions": {
          "redemptionRestrictions": [
            {
              "name": "MAX_ALLOWED_TIMES_PER_CUSTOMER",
              "value": 1,
              "type": "NON_PERIOD_BASED",
              "periodType": "MOVING_WINDOW",
              "periodUnit": "DAILY"
            },
            {
              "name": "MAX_REDEMPTIONS_PER_EARN_PER_CUSTOMER",
              "value": 100,
              "type": "NON_PERIOD_BASED",
              "periodType": "MOVING_WINDOW",
              "periodUnit": "DAILY"
            }
          ],
          "issualRestrictions": [],
          "earnRestrictions": [],
          "expiryRestrictions": []
        },
        "scope": null,
        "isStackable": false,
        "isConsideredForRanking": false,
        "loyaltyEarningType": null,
        "expiryReminder": null,
        "isExclusive": false,
        "isAlwaysApply": false,
        "targetGroupIds": null,
        "targetRuleIds": null,
        "linkedTargetGroupVsTargetRuleIdMap": null
      }
    },
    {
      "id": 1065,
      "name": "R156.Stride",
      "description": "R156.Stride",
      "promotionStatus": "INACTIVE",
      "lastUpdateDate": "2024-12-15T14:25:22-05:00",
      "startRuleIdentifier": "ruleset_20241110134323",
      "lastUpdatedBy": 4,
      "programName": "Ralph Lauren Corporation_UATDefaultProgram",
      "promotionType": "CUSTOMER",
      "programId": 146,
      "startDate": "2024-11-01T00:00-05:00",
      "endDate": "2025-12-31T23:59:59-05:00",
      "identifier": "3e2aada0-70e0-4f9e-8f3b-d2eb638d4a1b",
      "isActive": false,
      "eventName": "TARGETCOMPLETED",
      "pointsOfferType": "GENERIC",
      "promotionRestrictions": {
        "restrictions": {
          "redemptionRestrictions": [
            {
              "name": "MAX_ALLOWED_TIMES_PER_CUSTOMER",
              "value": 1,
              "type": "NON_PERIOD_BASED",
              "periodType": "MOVING_WINDOW",
              "periodUnit": "DAILY"
            },
            {
              "name": "MAX_REDEMPTIONS_PER_EARN_PER_CUSTOMER",
              "value": 100,
              "type": "NON_PERIOD_BASED",
              "periodType": "MOVING_WINDOW",
              "periodUnit": "DAILY"
            }
          ],
          "issualRestrictions": [],
          "earnRestrictions": [],
          "expiryRestrictions": []
        },
        "scope": null,
        "isStackable": false,
        "isConsideredForRanking": false,
        "loyaltyEarningType": null,
        "expiryReminder": null,
        "isExclusive": false,
        "isAlwaysApply": false,
        "targetGroupIds": null,
        "targetRuleIds": null,
        "linkedTargetGroupVsTargetRuleIdMap": null
      }
    },
    {
      "id": 1064,
      "name": "S15.Complete a Virtual Visit",
      "description": "S15.Complete a Virtual Visit",
      "promotionStatus": "INACTIVE",
      "lastUpdateDate": "2024-12-15T14:25:23-05:00",
      "startRuleIdentifier": "ruleset_20241110133532",
      "lastUpdatedBy": 4,
      "programName": "Ralph Lauren Corporation_UATDefaultProgram",
      "promotionType": "CUSTOMER",
      "programId": 146,
      "startDate": "2024-11-01T00:00-05:00",
      "endDate": "2025-12-31T23:59:59-05:00",
      "identifier": "c7a9528a-c70d-4b51-b108-f6ca03a5593c",
      "isActive": false,
      "eventName": "TARGETCOMPLETED",
      "pointsOfferType": "GENERIC",
      "promotionRestrictions": {
        "restrictions": {
          "redemptionRestrictions": [
            {
              "name": "MAX_ALLOWED_TIMES_PER_CUSTOMER",
              "value": 1,
              "type": "NON_PERIOD_BASED",
              "periodType": "MOVING_WINDOW",
              "periodUnit": "DAILY"
            },
            {
              "name": "MAX_REDEMPTIONS_PER_EARN_PER_CUSTOMER",
              "value": 100,
              "type": "NON_PERIOD_BASED",
              "periodType": "MOVING_WINDOW",
              "periodUnit": "DAILY"
            }
          ],
          "issualRestrictions": [],
          "earnRestrictions": [],
          "expiryRestrictions": []
        },
        "scope": null,
        "isStackable": false,
        "isConsideredForRanking": false,
        "loyaltyEarningType": null,
        "expiryReminder": null,
        "isExclusive": false,
        "isAlwaysApply": false,
        "targetGroupIds": null,
        "targetRuleIds": null,
        "linkedTargetGroupVsTargetRuleIdMap": null
      }
    },
    {
      "id": 1063,
      "name": "C12.Complete Real Appeal",
      "description": "C12.Complete Real Appeal",
      "promotionStatus": "INACTIVE",
      "lastUpdateDate": "2024-12-15T14:25:24-05:00",
      "startRuleIdentifier": "ruleset_20241110133209",
      "lastUpdatedBy": 4,
      "programName": "Ralph Lauren Corporation_UATDefaultProgram",
      "promotionType": "CUSTOMER",
      "programId": 146,
      "startDate": "2024-11-01T00:00-05:00",
      "endDate": "2025-12-31T23:59:59-05:00",
      "identifier": "f77d3419-6fea-4a9a-ba62-a03c5b03c243",
      "isActive": false,
      "eventName": "TARGETCOMPLETED",
      "pointsOfferType": "GENERIC",
      "promotionRestrictions": {
        "restrictions": {
          "redemptionRestrictions": [
            {
              "name": "MAX_ALLOWED_TIMES_PER_CUSTOMER",
              "value": 1,
              "type": "NON_PERIOD_BASED",
              "periodType": "MOVING_WINDOW",
              "periodUnit": "DAILY"
            },
            {
              "name": "MAX_REDEMPTIONS_PER_EARN_PER_CUSTOMER",
              "value": 100,
              "type": "NON_PERIOD_BASED",
              "periodType": "MOVING_WINDOW",
              "periodUnit": "DAILY"
            }
          ],
          "issualRestrictions": [],
          "earnRestrictions": [],
          "expiryRestrictions": []
        },
        "scope": null,
        "isStackable": false,
        "isConsideredForRanking": false,
        "loyaltyEarningType": null,
        "expiryReminder": null,
        "isExclusive": false,
        "isAlwaysApply": false,
        "targetGroupIds": null,
        "targetRuleIds": null,
        "linkedTargetGroupVsTargetRuleIdMap": null
      }
    },
    {
      "id": 1062,
      "name": "Enroll in Livongo",
      "description": "Enroll in Livongo",
      "promotionStatus": "INACTIVE",
      "lastUpdateDate": "2024-12-15T14:25:25-05:00",
      "startRuleIdentifier": "ruleset_20241110132844",
      "lastUpdatedBy": 4,
      "programName": "Ralph Lauren Corporation_UATDefaultProgram",
      "promotionType": "CUSTOMER",
      "programId": 146,
      "startDate": "2024-11-01T00:00-05:00",
      "endDate": "2025-12-31T23:59:59-05:00",
      "identifier": "17d9be92-95ef-4fee-af89-80cad9ae91b9",
      "isActive": false,
      "eventName": "TARGETCOMPLETED",
      "pointsOfferType": "GENERIC",
      "promotionRestrictions": {
        "restrictions": {
          "redemptionRestrictions": [
            {
              "name": "MAX_ALLOWED_TIMES_PER_CUSTOMER",
              "value": 1,
              "type": "NON_PERIOD_BASED",
              "periodType": "MOVING_WINDOW",
              "periodUnit": "DAILY"
            },
            {
              "name": "MAX_REDEMPTIONS_PER_EARN_PER_CUSTOMER",
              "value": 100,
              "type": "NON_PERIOD_BASED",
              "periodType": "MOVING_WINDOW",
              "periodUnit": "DAILY"
            }
          ],
          "issualRestrictions": [],
          "earnRestrictions": [],
          "expiryRestrictions": []
        },
        "scope": null,
        "isStackable": false,
        "isConsideredForRanking": false,
        "loyaltyEarningType": null,
        "expiryReminder": null,
        "isExclusive": false,
        "isAlwaysApply": false,
        "targetGroupIds": null,
        "targetRuleIds": null,
        "linkedTargetGroupVsTargetRuleIdMap": null
      }
    },
    {
      "id": 1061,
      "name": "Complete an introductory Care Advocate appointment once you enroll in Maven Maternity",
      "description": "Complete an introductory Care Advocate appointment once you enroll in Maven Maternity",
      "promotionStatus": "INACTIVE",
      "lastUpdateDate": "2024-12-15T14:25:26-05:00",
      "startRuleIdentifier": "ruleset_20241110132414",
      "lastUpdatedBy": 4,
      "programName": "Ralph Lauren Corporation_UATDefaultProgram",
      "promotionType": "CUSTOMER",
      "programId": 146,
      "startDate": "2024-11-01T00:00-05:00",
      "endDate": "2025-12-31T23:59:59-05:00",
      "identifier": "35a9e3df-f5c8-46a8-bb5b-7d67b7257be6",
      "isActive": false,
      "eventName": "TARGETCOMPLETED",
      "pointsOfferType": "GENERIC",
      "promotionRestrictions": {
        "restrictions": {
          "redemptionRestrictions": [
            {
              "name": "MAX_ALLOWED_TIMES_PER_CUSTOMER",
              "value": 1,
              "type": "NON_PERIOD_BASED",
              "periodType": "MOVING_WINDOW",
              "periodUnit": "DAILY"
            },
            {
              "name": "MAX_REDEMPTIONS_PER_EARN_PER_CUSTOMER",
              "value": 100,
              "type": "NON_PERIOD_BASED",
              "periodType": "MOVING_WINDOW",
              "periodUnit": "DAILY"
            }
          ],
          "issualRestrictions": [],
          "earnRestrictions": [],
          "expiryRestrictions": []
        },
        "scope": null,
        "isStackable": false,
        "isConsideredForRanking": false,
        "loyaltyEarningType": null,
        "expiryReminder": null,
        "isExclusive": false,
        "isAlwaysApply": false,
        "targetGroupIds": null,
        "targetRuleIds": null,
        "linkedTargetGroupVsTargetRuleIdMap": null
      }
    },
    {
      "id": 1060,
      "name": "D12:Enroll in Condition Management Program",
      "description": "D12:Enroll in Condition Management Program",
      "promotionStatus": "INACTIVE",
      "lastUpdateDate": "2024-12-15T14:25:27-05:00",
      "startRuleIdentifier": "ruleset_20241110131644",
      "lastUpdatedBy": 4,
      "programName": "Ralph Lauren Corporation_UATDefaultProgram",
      "promotionType": "CUSTOMER",
      "programId": 146,
      "startDate": "2024-11-01T00:00-05:00",
      "endDate": "2025-12-31T23:59:59-05:00",
      "identifier": "264023f1-e468-4638-90ab-aba2c6726fea",
      "isActive": false,
      "eventName": "TARGETCOMPLETED",
      "pointsOfferType": "GENERIC",
      "promotionRestrictions": {
        "restrictions": {
          "redemptionRestrictions": [
            {
              "name": "MAX_ALLOWED_TIMES_PER_CUSTOMER",
              "value": 1,
              "type": "NON_PERIOD_BASED",
              "periodType": "MOVING_WINDOW",
              "periodUnit": "DAILY"
            },
            {
              "name": "MAX_REDEMPTIONS_PER_EARN_PER_CUSTOMER",
              "value": 100,
              "type": "NON_PERIOD_BASED",
              "periodType": "MOVING_WINDOW",
              "periodUnit": "DAILY"
            }
          ],
          "issualRestrictions": [],
          "earnRestrictions": [],
          "expiryRestrictions": []
        },
        "scope": null,
        "isStackable": false,
        "isConsideredForRanking": false,
        "loyaltyEarningType": null,
        "expiryReminder": null,
        "isExclusive": false,
        "isAlwaysApply": false,
        "targetGroupIds": null,
        "targetRuleIds": null,
        "linkedTargetGroupVsTargetRuleIdMap": null
      }
    },
    {
      "id": 1059,
      "name": "F18:Complete one of the following preventive screenings",
      "description": "F18:Complete one of the following preventive screenings",
      "promotionStatus": "INACTIVE",
      "lastUpdateDate": "2024-12-15T14:25:29-05:00",
      "startRuleIdentifier": "ruleset_20241110131049",
      "lastUpdatedBy": 4,
      "programName": "Ralph Lauren Corporation_UATDefaultProgram",
      "promotionType": "CUSTOMER",
      "programId": 146,
      "startDate": "2024-11-01T00:00-05:00",
      "endDate": "2025-12-31T23:59:59-05:00",
      "identifier": "0f7aec3a-71fe-4028-bea1-c69cb2a0d71f",
      "isActive": false,
      "eventName": "TARGETCOMPLETED",
      "pointsOfferType": "GENERIC",
      "promotionRestrictions": {
        "restrictions": {
          "redemptionRestrictions": [
            {
              "name": "MAX_ALLOWED_TIMES_PER_CUSTOMER",
              "value": 1,
              "type": "NON_PERIOD_BASED",
              "periodType": "MOVING_WINDOW",
              "periodUnit": "DAILY"
            },
            {
              "name": "MAX_REDEMPTIONS_PER_EARN_PER_CUSTOMER",
              "value": 100,
              "type": "NON_PERIOD_BASED",
              "periodType": "MOVING_WINDOW",
              "periodUnit": "DAILY"
            }
          ],
          "issualRestrictions": [],
          "earnRestrictions": [],
          "expiryRestrictions": []
        },
        "scope": null,
        "isStackable": false,
        "isConsideredForRanking": false,
        "loyaltyEarningType": null,
        "expiryReminder": null,
        "isExclusive": false,
        "isAlwaysApply": false,
        "targetGroupIds": null,
        "targetRuleIds": null,
        "linkedTargetGroupVsTargetRuleIdMap": null
      }
    },
    {
      "id": 1058,
      "name": "R150:Standard attestation: dental visit",
      "description": "R150:Standard attestation: dental visit",
      "promotionStatus": "INACTIVE",
      "lastUpdateDate": "2024-12-15T14:25:30-05:00",
      "startRuleIdentifier": "ruleset_20241110130822",
      "lastUpdatedBy": 4,
      "programName": "Ralph Lauren Corporation_UATDefaultProgram",
      "promotionType": "CUSTOMER",
      "programId": 146,
      "startDate": "2024-11-01T00:00-05:00",
      "endDate": "2025-12-31T23:59:59-05:00",
      "identifier": "18f4a00f-2b8c-4dd7-84c9-84cb87a6add4",
      "isActive": false,
      "eventName": "TARGETCOMPLETED",
      "pointsOfferType": "GENERIC",
      "promotionRestrictions": {
        "restrictions": {
          "redemptionRestrictions": [
            {
              "name": "MAX_ALLOWED_TIMES_PER_CUSTOMER",
              "value": 1,
              "type": "NON_PERIOD_BASED",
              "periodType": "MOVING_WINDOW",
              "periodUnit": "DAILY"
            },
            {
              "name": "MAX_REDEMPTIONS_PER_EARN_PER_CUSTOMER",
              "value": 100,
              "type": "NON_PERIOD_BASED",
              "periodType": "MOVING_WINDOW",
              "periodUnit": "DAILY"
            }
          ],
          "issualRestrictions": [],
          "earnRestrictions": [],
          "expiryRestrictions": []
        },
        "scope": null,
        "isStackable": false,
        "isConsideredForRanking": false,
        "loyaltyEarningType": null,
        "expiryReminder": null,
        "isExclusive": false,
        "isAlwaysApply": false,
        "targetGroupIds": null,
        "targetRuleIds": null,
        "linkedTargetGroupVsTargetRuleIdMap": null
      }
    },
    {
      "id": 1057,
      "name": "S3:Complete a Biometric Screening",
      "description": "S3:Complete a Biometric Screening",
      "promotionStatus": "INACTIVE",
      "lastUpdateDate": "2024-12-15T14:25:31-05:00",
      "startRuleIdentifier": "ruleset_20241110130330",
      "lastUpdatedBy": 4,
      "programName": "Ralph Lauren Corporation_UATDefaultProgram",
      "promotionType": "CUSTOMER",
      "programId": 146,
      "startDate": "2024-11-01T00:00-05:00",
      "endDate": "2025-12-31T23:59:59-05:00",
      "identifier": "c76f81fa-d63d-4d85-97c2-c92eb61215a5",
      "isActive": false,
      "eventName": "TARGETCOMPLETED",
      "pointsOfferType": "GENERIC",
      "promotionRestrictions": {
        "restrictions": {
          "redemptionRestrictions": [
            {
              "name": "MAX_ALLOWED_TIMES_PER_CUSTOMER",
              "value": 1,
              "type": "NON_PERIOD_BASED",
              "periodType": "MOVING_WINDOW",
              "periodUnit": "DAILY"
            },
            {
              "name": "MAX_REDEMPTIONS_PER_EARN_PER_CUSTOMER",
              "value": 100,
              "type": "NON_PERIOD_BASED",
              "periodType": "MOVING_WINDOW",
              "periodUnit": "DAILY"
            }
          ],
          "issualRestrictions": [],
          "earnRestrictions": [],
          "expiryRestrictions": []
        },
        "scope": null,
        "isStackable": false,
        "isConsideredForRanking": false,
        "loyaltyEarningType": null,
        "expiryReminder": null,
        "isExclusive": false,
        "isAlwaysApply": false,
        "targetGroupIds": null,
        "targetRuleIds": null,
        "linkedTargetGroupVsTargetRuleIdMap": null
      }
    },
    {
      "id": 1056,
      "name": "R9:Complete your Rally Health Survey",
      "description": "R9:Complete your Rally Health Survey",
      "promotionStatus": "INACTIVE",
      "lastUpdateDate": "2024-12-15T14:25:32-05:00",
      "startRuleIdentifier": "ruleset_20241110124508",
      "lastUpdatedBy": 4,
      "programName": "Ralph Lauren Corporation_UATDefaultProgram",
      "promotionType": "CUSTOMER",
      "programId": 146,
      "startDate": "2024-11-01T00:00-05:00",
      "endDate": "2025-12-31T23:59:59-05:00",
      "identifier": "b990cae5-7858-4e83-94a9-c1fdb316640b",
      "isActive": false,
      "eventName": "TARGETCOMPLETED",
      "pointsOfferType": "GENERIC",
      "promotionRestrictions": {
        "restrictions": {
          "redemptionRestrictions": [
            {
              "name": "MAX_ALLOWED_TIMES_PER_CUSTOMER",
              "value": 1,
              "type": "NON_PERIOD_BASED",
              "periodType": "MOVING_WINDOW",
              "periodUnit": "DAILY"
            },
            {
              "name": "MAX_REDEMPTIONS_PER_EARN_PER_CUSTOMER",
              "value": 100,
              "type": "NON_PERIOD_BASED",
              "periodType": "MOVING_WINDOW",
              "periodUnit": "DAILY"
            }
          ],
          "issualRestrictions": [],
          "earnRestrictions": [],
          "expiryRestrictions": []
        },
        "scope": null,
        "isStackable": false,
        "isConsideredForRanking": false,
        "loyaltyEarningType": null,
        "expiryReminder": null,
        "isExclusive": false,
        "isAlwaysApply": false,
        "targetGroupIds": null,
        "targetRuleIds": null,
        "linkedTargetGroupVsTargetRuleIdMap": null
      }
    }
  ],
  "pageDetails": {
    "pageNumber": 0,
    "pageSize": 100,
    "totalEntries": 37,
    "pageCount": 1
  }
}