{
  "status": {
    "code": 200,
    "message": "success"
  },
  "validationErrors": null,
  "data": [
    {
      "id": 2574,
      "name": "S4: Complete Biometric Screening_v45",
      "description": "Optum Engage|Rewardable Activity|Get a biometric screening",
      "promotionStatus": "LIVE",
      "lastUpdateDate": "2024-12-20T01:01:59-05:00",
      "startRuleIdentifier": "ruleset_5faa3950-463b-497c-96dd-ce44ee14187c",
      "lastUpdatedBy": 4,
      "programName": "Skygen_UATDefaultProgram",
      "promotionType": "CUSTOMER",
      "programId": 187,
      "startDate": "2024-11-01T00:00-05:00",
      "endDate": "2025-11-30T00:00-05:00",
      "identifier": "67035534-c1b0-4d4b-8a25-8500848bb9a1",
      "isActive": true,
      "eventName": "TARGETCOMPLETED",
      "pointsOfferType": "GENERIC",
      "promotionRestrictions": {
        "restrictions": {
          "redemptionRestrictions": [
            {
              "name": "MAX_ALLOWED_TIMES_PER_CUSTOMER",
              "value": 1,
              "type": "NON_PERIOD_BASED",
              "periodType": "MOVING_WINDOW",
              "periodUnit": "DAILY"
            },
            {
              "name": "MAX_REDEMPTIONS_PER_EARN_PER_CUSTOMER",
              "value": 100,
              "type": "NON_PERIOD_BASED",
              "periodType": null,
              "periodUnit": null
            }
          ],
          "issualRestrictions": [],
          "earnRestrictions": [],
          "expiryRestrictions": []
        },
        "scope": null,
        "isStackable": false,
        "isConsideredForRanking": false,
        "loyaltyEarningType": null,
        "expiryReminder": null,
        "isExclusive": false,
        "isAlwaysApply": false,
        "targetGroupIds": null,
        "targetRuleIds": null,
        "linkedTargetGroupVsTargetRuleIdMap": null
      }
    },
    {
      "id": 1531,
      "name": "R4: Complete Any Challenge_v11",
      "description": "Optum Engage|Rewardable Activity|Challenge Activity",
      "promotionStatus": "LIVE",
      "lastUpdateDate": "2024-11-23T04:27:21-05:00",
      "startRuleIdentifier": "ruleset_ff408875-3684-465d-bd22-f112f71168c3",
      "lastUpdatedBy": 4,
      "programName": "Skygen_UATDefaultProgram",
      "promotionType": "CUSTOMER",
      "programId": 187,
      "startDate": "2024-11-01T00:00-05:00",
      "endDate": "2025-11-30T00:00-05:00",
      "identifier": "2e894776-e097-4744-b869-b597947096b4",
      "isActive": true,
      "eventName": "TARGETCOMPLETED",
      "pointsOfferType": "GENERIC",
      "promotionRestrictions": {
        "restrictions": {
          "redemptionRestrictions": [
            {
              "name": "MAX_ALLOWED_TIMES_PER_CUSTOMER",
              "value": 5,
              "type": "NON_PERIOD_BASED",
              "periodType": "MOVING_WINDOW",
              "periodUnit": "DAILY"
            },
            {
              "name": "MAX_REDEMPTIONS_PER_EARN_PER_CUSTOMER",
              "value": 100,
              "type": "NON_PERIOD_BASED",
              "periodType": null,
              "periodUnit": null
            }
          ],
          "issualRestrictions": [],
          "earnRestrictions": [],
          "expiryRestrictions": []
        },
        "scope": null,
        "isStackable": false,
        "isConsideredForRanking": false,
        "loyaltyEarningType": null,
        "expiryReminder": null,
        "isExclusive": false,
        "isAlwaysApply": false,
        "targetGroupIds": null,
        "targetRuleIds": null,
        "linkedTargetGroupVsTargetRuleIdMap": null
      }
    },
    {
      "id": 1530,
      "name": "R8: Complete any 3 Rally Missions_v11_2",
      "description": "Optum Engage|Rewardable Activity|Complete 3 Missions",
      "promotionStatus": "LIVE",
      "lastUpdateDate": "2024-11-23T04:27:11-05:00",
      "startRuleIdentifier": "ruleset_6e4e4ad1-7155-4ca0-8594-a2461c22053a",
      "lastUpdatedBy": 4,
      "programName": "Skygen_UATDefaultProgram",
      "promotionType": "CUSTOMER",
      "programId": 187,
      "startDate": "2024-11-01T00:00-05:00",
      "endDate": "2025-11-30T00:00-05:00",
      "identifier": "e9681f3e-6d41-42fd-874b-fe95474f7452",
      "isActive": true,
      "eventName": "TARGETCOMPLETED",
      "pointsOfferType": "GENERIC",
      "promotionRestrictions": {
        "restrictions": {
          "redemptionRestrictions": [
            {
              "name": "MAX_ALLOWED_TIMES_PER_CUSTOMER",
              "value": 1,
              "type": "NON_PERIOD_BASED",
              "periodType": "MOVING_WINDOW",
              "periodUnit": "DAILY"
            },
            {
              "name": "MAX_REDEMPTIONS_PER_EARN_PER_CUSTOMER",
              "value": 100,
              "type": "NON_PERIOD_BASED",
              "periodType": null,
              "periodUnit": null
            }
          ],
          "issualRestrictions": [],
          "earnRestrictions": [],
          "expiryRestrictions": []
        },
        "scope": null,
        "isStackable": false,
        "isConsideredForRanking": false,
        "loyaltyEarningType": null,
        "expiryReminder": null,
        "isExclusive": false,
        "isAlwaysApply": false,
        "targetGroupIds": null,
        "targetRuleIds": null,
        "linkedTargetGroupVsTargetRuleIdMap": null
      }
    },
    {
      "id": 1529,
      "name": "R8: Complete any 3 Rally Missions_v11_1",
      "description": "Optum Engage|Rewardable Activity|Complete 3 Missions",
      "promotionStatus": "LIVE",
      "lastUpdateDate": "2024-11-23T04:27:07-05:00",
      "startRuleIdentifier": "ruleset_3b40feaf-d2e1-437b-84da-aba5674ee430",
      "lastUpdatedBy": 4,
      "programName": "Skygen_UATDefaultProgram",
      "promotionType": "CUSTOMER",
      "programId": 187,
      "startDate": "2024-11-01T00:00-05:00",
      "endDate": "2025-06-30T00:00-05:00",
      "identifier": "9ae9729e-c448-442f-adc0-5f4c42027bef",
      "isActive": true,
      "eventName": "TARGETCOMPLETED",
      "pointsOfferType": "GENERIC",
      "promotionRestrictions": {
        "restrictions": {
          "redemptionRestrictions": [
            {
              "name": "MAX_ALLOWED_TIMES_PER_CUSTOMER",
              "value": 1,
              "type": "NON_PERIOD_BASED",
              "periodType": "MOVING_WINDOW",
              "periodUnit": "DAILY"
            },
            {
              "name": "MAX_REDEMPTIONS_PER_EARN_PER_CUSTOMER",
              "value": 100,
              "type": "NON_PERIOD_BASED",
              "periodType": null,
              "periodUnit": null
            }
          ],
          "issualRestrictions": [],
          "earnRestrictions": [],
          "expiryRestrictions": []
        },
        "scope": null,
        "isStackable": false,
        "isConsideredForRanking": false,
        "loyaltyEarningType": null,
        "expiryReminder": null,
        "isExclusive": false,
        "isAlwaysApply": false,
        "targetGroupIds": null,
        "targetRuleIds": null,
        "linkedTargetGroupVsTargetRuleIdMap": null
      }
    },
    {
      "id": 1528,
      "name": "R8: Complete any 3 Rally Missions_v11",
      "description": "Optum Engage|Rewardable Activity|Complete 3 Missions",
      "promotionStatus": "LIVE",
      "lastUpdateDate": "2024-11-23T04:27:03-05:00",
      "startRuleIdentifier": "ruleset_4f0076f6-48af-47f4-88bf-36333fbce9ca",
      "lastUpdatedBy": 4,
      "programName": "Skygen_UATDefaultProgram",
      "promotionType": "CUSTOMER",
      "programId": 187,
      "startDate": "2024-11-01T00:00-05:00",
      "endDate": "2025-03-31T00:00-05:00",
      "identifier": "09188213-66d5-4f67-8eb1-16470ad89491",
      "isActive": true,
      "eventName": "TARGETCOMPLETED",
      "pointsOfferType": "GENERIC",
      "promotionRestrictions": {
        "restrictions": {
          "redemptionRestrictions": [
            {
              "name": "MAX_ALLOWED_TIMES_PER_CUSTOMER",
              "value": 1,
              "type": "NON_PERIOD_BASED",
              "periodType": "MOVING_WINDOW",
              "periodUnit": "DAILY"
            },
            {
              "name": "MAX_REDEMPTIONS_PER_EARN_PER_CUSTOMER",
              "value": 100,
              "type": "NON_PERIOD_BASED",
              "periodType": null,
              "periodUnit": null
            }
          ],
          "issualRestrictions": [],
          "earnRestrictions": [],
          "expiryRestrictions": []
        },
        "scope": null,
        "isStackable": false,
        "isConsideredForRanking": false,
        "loyaltyEarningType": null,
        "expiryReminder": null,
        "isExclusive": false,
        "isAlwaysApply": false,
        "targetGroupIds": null,
        "targetRuleIds": null,
        "linkedTargetGroupVsTargetRuleIdMap": null
      }
    },
    {
      "id": 1527,
      "name": "C12: Complete Real Appeal_v11",
      "description": "Optum Engage|Rewardable Activity|Real Appeal",
      "promotionStatus": "LIVE",
      "lastUpdateDate": "2024-11-23T04:26:59-05:00",
      "startRuleIdentifier": "ruleset_b3e3a33e-93fb-499c-8a87-9fa354b90926",
      "lastUpdatedBy": 4,
      "programName": "Skygen_UATDefaultProgram",
      "promotionType": "CUSTOMER",
      "programId": 187,
      "startDate": "2024-11-01T00:00-05:00",
      "endDate": "2025-11-30T00:00-05:00",
      "identifier": "22593b40-2399-4bb5-8753-dbce20ae8cb8",
      "isActive": true,
      "eventName": "TARGETCOMPLETED",
      "pointsOfferType": "GENERIC",
      "promotionRestrictions": {
        "restrictions": {
          "redemptionRestrictions": [
            {
              "name": "MAX_ALLOWED_TIMES_PER_CUSTOMER",
              "value": 1,
              "type": "NON_PERIOD_BASED",
              "periodType": "MOVING_WINDOW",
              "periodUnit": "DAILY"
            },
            {
              "name": "MAX_REDEMPTIONS_PER_EARN_PER_CUSTOMER",
              "value": 100,
              "type": "NON_PERIOD_BASED",
              "periodType": null,
              "periodUnit": null
            }
          ],
          "issualRestrictions": [],
          "earnRestrictions": [],
          "expiryRestrictions": []
        },
        "scope": null,
        "isStackable": false,
        "isConsideredForRanking": false,
        "loyaltyEarningType": null,
        "expiryReminder": null,
        "isExclusive": false,
        "isAlwaysApply": false,
        "targetGroupIds": null,
        "targetRuleIds": null,
        "linkedTargetGroupVsTargetRuleIdMap": null
      }
    },
    {
      "id": 1526,
      "name": "F17: Preventative Visit_v11",
      "description": "Optum Engage|Rewardable Activity|Complete a Preventive Cancer Screening",
      "promotionStatus": "LIVE",
      "lastUpdateDate": "2024-11-23T04:26:55-05:00",
      "startRuleIdentifier": "ruleset_e0d357a4-81e5-43fd-a7fa-fe7bbaa75a19",
      "lastUpdatedBy": 4,
      "programName": "Skygen_UATDefaultProgram",
      "promotionType": "CUSTOMER",
      "programId": 187,
      "startDate": "2024-11-01T00:00-05:00",
      "endDate": "2025-11-30T00:00-05:00",
      "identifier": "086fb118-e753-4201-a51d-2291e483caf2",
      "isActive": true,
      "eventName": "TARGETCOMPLETED",
      "pointsOfferType": "GENERIC",
      "promotionRestrictions": {
        "restrictions": {
          "redemptionRestrictions": [
            {
              "name": "MAX_ALLOWED_TIMES_PER_CUSTOMER",
              "value": 1,
              "type": "NON_PERIOD_BASED",
              "periodType": "MOVING_WINDOW",
              "periodUnit": "DAILY"
            },
            {
              "name": "MAX_REDEMPTIONS_PER_EARN_PER_CUSTOMER",
              "value": 100,
              "type": "NON_PERIOD_BASED",
              "periodType": null,
              "periodUnit": null
            }
          ],
          "issualRestrictions": [],
          "earnRestrictions": [],
          "expiryRestrictions": []
        },
        "scope": null,
        "isStackable": false,
        "isConsideredForRanking": false,
        "loyaltyEarningType": null,
        "expiryReminder": null,
        "isExclusive": false,
        "isAlwaysApply": false,
        "targetGroupIds": null,
        "targetRuleIds": null,
        "linkedTargetGroupVsTargetRuleIdMap": null
      }
    },
    {
      "id": 1525,
      "name": "S2: Annual Physical or Prenatal Exam_v11",
      "description": "Optum Engage|Rewardable Activity|Get your annual checkup",
      "promotionStatus": "LIVE",
      "lastUpdateDate": "2024-11-23T04:26:48-05:00",
      "startRuleIdentifier": "ruleset_6c4bdf54-ce96-4566-850a-0a1ed55f713b",
      "lastUpdatedBy": 4,
      "programName": "Skygen_UATDefaultProgram",
      "promotionType": "CUSTOMER",
      "programId": 187,
      "startDate": "2024-11-01T00:00-05:00",
      "endDate": "2025-11-30T00:00-05:00",
      "identifier": "ae4f872b-26de-4479-b45c-11ab79043acc",
      "isActive": true,
      "eventName": "TARGETCOMPLETED",
      "pointsOfferType": "GENERIC",
      "promotionRestrictions": {
        "restrictions": {
          "redemptionRestrictions": [
            {
              "name": "MAX_ALLOWED_TIMES_PER_CUSTOMER",
              "value": 1,
              "type": "NON_PERIOD_BASED",
              "periodType": "MOVING_WINDOW",
              "periodUnit": "DAILY"
            },
            {
              "name": "MAX_REDEMPTIONS_PER_EARN_PER_CUSTOMER",
              "value": 100,
              "type": "NON_PERIOD_BASED",
              "periodType": null,
              "periodUnit": null
            }
          ],
          "issualRestrictions": [],
          "earnRestrictions": [],
          "expiryRestrictions": []
        },
        "scope": null,
        "isStackable": false,
        "isConsideredForRanking": false,
        "loyaltyEarningType": null,
        "expiryReminder": null,
        "isExclusive": false,
        "isAlwaysApply": false,
        "targetGroupIds": null,
        "targetRuleIds": null,
        "linkedTargetGroupVsTargetRuleIdMap": null
      }
    },
    {
      "id": 1524,
      "name": "S4: Complete Biometric Screening_v11",
      "description": "Optum Engage|Rewardable Activity|Get a biometric screening",
      "promotionStatus": "INACTIVE",
      "lastUpdateDate": "2024-12-23T11:51:11-05:00",
      "startRuleIdentifier": "ruleset_a9c6ba38-7bc4-47b2-9538-d2f9b083677b",
      "lastUpdatedBy": 400170573,
      "programName": "Skygen_UATDefaultProgram",
      "promotionType": "CUSTOMER",
      "programId": 187,
      "startDate": "2024-11-01T00:00-05:00",
      "endDate": "2025-11-30T23:59:59-05:00",
      "identifier": "25b4a39a-c1bf-4da8-86ab-31ffe738aab8",
      "isActive": false,
      "eventName": "TARGETCOMPLETED",
      "pointsOfferType": "GENERIC",
      "promotionRestrictions": {
        "restrictions": {
          "redemptionRestrictions": [
            {
              "name": "MAX_ALLOWED_TIMES_PER_CUSTOMER",
              "value": 1,
              "type": "NON_PERIOD_BASED",
              "periodType": "MOVING_WINDOW",
              "periodUnit": "DAILY"
            },
            {
              "name": "MAX_REDEMPTIONS_PER_EARN_PER_CUSTOMER",
              "value": 100,
              "type": "NON_PERIOD_BASED",
              "periodType": null,
              "periodUnit": null
            }
          ],
          "issualRestrictions": [],
          "earnRestrictions": [],
          "expiryRestrictions": []
        },
        "scope": null,
        "isStackable": false,
        "isConsideredForRanking": false,
        "loyaltyEarningType": null,
        "expiryReminder": null,
        "isExclusive": false,
        "isAlwaysApply": false,
        "targetGroupIds": null,
        "targetRuleIds": null,
        "linkedTargetGroupVsTargetRuleIdMap": null
      }
    },
    {
      "id": 1523,
      "name": "R9: Health Survey_v11",
      "description": "Optum Engage|Rewardable Activity|Complete Rally Health Survey",
      "promotionStatus": "LIVE",
      "lastUpdateDate": "2024-11-23T04:26:38-05:00",
      "startRuleIdentifier": "ruleset_417c914c-9c0c-4c88-b96e-589a9e2dc39a",
      "lastUpdatedBy": 4,
      "programName": "Skygen_UATDefaultProgram",
      "promotionType": "CUSTOMER",
      "programId": 187,
      "startDate": "2024-11-01T00:00-05:00",
      "endDate": "2025-11-30T00:00-05:00",
      "identifier": "9dff82ed-fcc9-47e8-93ea-d2cbf296dd0d",
      "isActive": true,
      "eventName": "TARGETCOMPLETED",
      "pointsOfferType": "GENERIC",
      "promotionRestrictions": {
        "restrictions": {
          "redemptionRestrictions": [
            {
              "name": "MAX_ALLOWED_TIMES_PER_CUSTOMER",
              "value": 1,
              "type": "NON_PERIOD_BASED",
              "periodType": "MOVING_WINDOW",
              "periodUnit": "DAILY"
            },
            {
              "name": "MAX_REDEMPTIONS_PER_EARN_PER_CUSTOMER",
              "value": 100,
              "type": "NON_PERIOD_BASED",
              "periodType": null,
              "periodUnit": null
            }
          ],
          "issualRestrictions": [],
          "earnRestrictions": [],
          "expiryRestrictions": []
        },
        "scope": null,
        "isStackable": false,
        "isConsideredForRanking": false,
        "loyaltyEarningType": null,
        "expiryReminder": null,
        "isExclusive": false,
        "isAlwaysApply": false,
        "targetGroupIds": null,
        "targetRuleIds": null,
        "linkedTargetGroupVsTargetRuleIdMap": null
      }
    }
  ],
  "pageDetails": {
    "pageNumber": 0,
    "pageSize": 100,
    "totalEntries": 10,
    "pageCount": 1
  }
}