{
  "status": {
    "code": 200,
    "message": "success"
  },
  "validationErrors": null,
  "data": [
    {
      "id": 2623,
      "name": "F11: Complete one of the following Biometric Screening_v46_1",
      "description": "Optum Engage|Rewardable Activity|Complete 1 of the Following Screenings",
      "promotionStatus": "LIVE",
      "lastUpdateDate": "2024-12-23T15:59:49-05:00",
      "startRuleIdentifier": "ruleset_d4eb57e2-dc4b-47fd-bf85-03e1ed10c8c6",
      "lastUpdatedBy": 4,
      "programName": "Exxon Mobil Corporation_UATDefaultProgram",
      "promotionType": "CUSTOMER",
      "programId": 138,
      "startDate": "2024-11-01T00:00-05:00",
      "endDate": "2025-07-31T00:00-05:00",
      "identifier": "80123bb8-0a4d-455d-bf62-2753994d9b5a",
      "isActive": true,
      "eventName": "TARGETCOMPLETED",
      "pointsOfferType": "GENERIC",
      "promotionRestrictions": {
        "restrictions": {
          "redemptionRestrictions": [
            {
              "name": "MAX_ALLOWED_TIMES_PER_CUSTOMER",
              "value": 1,
              "type": "NON_PERIOD_BASED",
              "periodType": "MOVING_WINDOW",
              "periodUnit": "DAILY"
            },
            {
              "name": "MAX_REDEMPTIONS_PER_EARN_PER_CUSTOMER",
              "value": 100,
              "type": "NON_PERIOD_BASED",
              "periodType": null,
              "periodUnit": null
            }
          ],
          "issualRestrictions": [],
          "earnRestrictions": [],
          "expiryRestrictions": []
        },
        "scope": null,
        "isStackable": false,
        "isConsideredForRanking": false,
        "loyaltyEarningType": null,
        "expiryReminder": null,
        "isExclusive": false,
        "isAlwaysApply": false,
        "targetGroupIds": null,
        "targetRuleIds": null,
        "linkedTargetGroupVsTargetRuleIdMap": null
      }
    },
    {
      "id": 2622,
      "name": "F11: Complete one of the following Biometric Screening_v46",
      "description": "Optum Engage|Rewardable Activity|Complete 1 of the Following Screenings",
      "promotionStatus": "LIVE",
      "lastUpdateDate": "2024-12-23T15:59:41-05:00",
      "startRuleIdentifier": "ruleset_a6813ee7-e4b0-4cf7-945b-d7bdeec02f4a",
      "lastUpdatedBy": 4,
      "programName": "Exxon Mobil Corporation_UATDefaultProgram",
      "promotionType": "CUSTOMER",
      "programId": 138,
      "startDate": "2024-11-01T00:00-05:00",
      "endDate": "2025-08-31T00:00-05:00",
      "identifier": "13b8bd28-6221-4927-b33c-bb8e16ef7cbb",
      "isActive": true,
      "eventName": "TARGETCOMPLETED",
      "pointsOfferType": "GENERIC",
      "promotionRestrictions": {
        "restrictions": {
          "redemptionRestrictions": [
            {
              "name": "MAX_ALLOWED_TIMES_PER_CUSTOMER",
              "value": 1,
              "type": "NON_PERIOD_BASED",
              "periodType": "MOVING_WINDOW",
              "periodUnit": "DAILY"
            },
            {
              "name": "MAX_REDEMPTIONS_PER_EARN_PER_CUSTOMER",
              "value": 100,
              "type": "NON_PERIOD_BASED",
              "periodType": null,
              "periodUnit": null
            }
          ],
          "issualRestrictions": [],
          "earnRestrictions": [],
          "expiryRestrictions": []
        },
        "scope": null,
        "isStackable": false,
        "isConsideredForRanking": false,
        "loyaltyEarningType": null,
        "expiryReminder": null,
        "isExclusive": false,
        "isAlwaysApply": false,
        "targetGroupIds": null,
        "targetRuleIds": null,
        "linkedTargetGroupVsTargetRuleIdMap": null
      }
    },
    {
      "id": 2332,
      "name": "F11: Complete one of the following Biometric Screening_v32_1",
      "description": "Optum Engage|Rewardable Activity|Complete 1 of the Following Screenings",
      "promotionStatus": "INACTIVE",
      "lastUpdateDate": "2024-12-23T16:04:43-05:00",
      "startRuleIdentifier": "ruleset_27287117-baf1-4c7e-ba98-07b8bf102987",
      "lastUpdatedBy": 4,
      "programName": "Exxon Mobil Corporation_UATDefaultProgram",
      "promotionType": "CUSTOMER",
      "programId": 138,
      "startDate": "2024-11-01T00:00-05:00",
      "endDate": "2025-07-31T23:59:59-05:00",
      "identifier": "ace012cc-e9ae-49e3-9176-43795f3b6283",
      "isActive": false,
      "eventName": "TARGETCOMPLETED",
      "pointsOfferType": "GENERIC",
      "promotionRestrictions": {
        "restrictions": {
          "redemptionRestrictions": [
            {
              "name": "MAX_ALLOWED_TIMES_PER_CUSTOMER",
              "value": 1,
              "type": "NON_PERIOD_BASED",
              "periodType": "MOVING_WINDOW",
              "periodUnit": "DAILY"
            },
            {
              "name": "MAX_REDEMPTIONS_PER_EARN_PER_CUSTOMER",
              "value": 100,
              "type": "NON_PERIOD_BASED",
              "periodType": null,
              "periodUnit": null
            }
          ],
          "issualRestrictions": [],
          "earnRestrictions": [],
          "expiryRestrictions": []
        },
        "scope": null,
        "isStackable": false,
        "isConsideredForRanking": false,
        "loyaltyEarningType": null,
        "expiryReminder": null,
        "isExclusive": false,
        "isAlwaysApply": false,
        "targetGroupIds": null,
        "targetRuleIds": null,
        "linkedTargetGroupVsTargetRuleIdMap": null
      }
    },
    {
      "id": 2331,
      "name": "R9: Complete Rally Health Survey_v32_1",
      "description": "Optum Engage|Rewardable Activity|Complete Rally Health Survey",
      "promotionStatus": "LIVE",
      "lastUpdateDate": "2024-12-04T17:33:10-05:00",
      "startRuleIdentifier": "ruleset_582cac66-92fe-4172-a6fd-87dea14ec71d",
      "lastUpdatedBy": 4,
      "programName": "Exxon Mobil Corporation_UATDefaultProgram",
      "promotionType": "CUSTOMER",
      "programId": 138,
      "startDate": "2024-11-01T00:00-05:00",
      "endDate": "2025-07-31T00:00-05:00",
      "identifier": "b3de355c-db1e-40e7-a77e-dc79831dcc09",
      "isActive": true,
      "eventName": "TARGETCOMPLETED",
      "pointsOfferType": "GENERIC",
      "promotionRestrictions": {
        "restrictions": {
          "redemptionRestrictions": [
            {
              "name": "MAX_ALLOWED_TIMES_PER_CUSTOMER",
              "value": 1,
              "type": "NON_PERIOD_BASED",
              "periodType": "MOVING_WINDOW",
              "periodUnit": "DAILY"
            },
            {
              "name": "MAX_REDEMPTIONS_PER_EARN_PER_CUSTOMER",
              "value": 100,
              "type": "NON_PERIOD_BASED",
              "periodType": null,
              "periodUnit": null
            }
          ],
          "issualRestrictions": [],
          "earnRestrictions": [],
          "expiryRestrictions": []
        },
        "scope": null,
        "isStackable": false,
        "isConsideredForRanking": false,
        "loyaltyEarningType": null,
        "expiryReminder": null,
        "isExclusive": false,
        "isAlwaysApply": false,
        "targetGroupIds": null,
        "targetRuleIds": null,
        "linkedTargetGroupVsTargetRuleIdMap": null
      }
    },
    {
      "id": 2330,
      "name": "F11: Complete one of the following Biometric Screening_v32",
      "description": "Optum Engage|Rewardable Activity|Complete 1 of the Following Screenings",
      "promotionStatus": "INACTIVE",
      "lastUpdateDate": "2024-12-23T16:05:23-05:00",
      "startRuleIdentifier": "ruleset_4f8b665f-f673-4f9b-b16e-45a52e78f70a",
      "lastUpdatedBy": 4,
      "programName": "Exxon Mobil Corporation_UATDefaultProgram",
      "promotionType": "CUSTOMER",
      "programId": 138,
      "startDate": "2024-11-01T00:00-05:00",
      "endDate": "2025-08-31T23:59:59-05:00",
      "identifier": "d02e231f-15de-4c33-afd0-c4eb75474342",
      "isActive": false,
      "eventName": "TARGETCOMPLETED",
      "pointsOfferType": "GENERIC",
      "promotionRestrictions": {
        "restrictions": {
          "redemptionRestrictions": [
            {
              "name": "MAX_ALLOWED_TIMES_PER_CUSTOMER",
              "value": 1,
              "type": "NON_PERIOD_BASED",
              "periodType": "MOVING_WINDOW",
              "periodUnit": "DAILY"
            },
            {
              "name": "MAX_REDEMPTIONS_PER_EARN_PER_CUSTOMER",
              "value": 100,
              "type": "NON_PERIOD_BASED",
              "periodType": null,
              "periodUnit": null
            }
          ],
          "issualRestrictions": [],
          "earnRestrictions": [],
          "expiryRestrictions": []
        },
        "scope": null,
        "isStackable": false,
        "isConsideredForRanking": false,
        "loyaltyEarningType": null,
        "expiryReminder": null,
        "isExclusive": false,
        "isAlwaysApply": false,
        "targetGroupIds": null,
        "targetRuleIds": null,
        "linkedTargetGroupVsTargetRuleIdMap": null
      }
    },
    {
      "id": 2329,
      "name": "R9: Complete Rally Health Survey_v32",
      "description": "Optum Engage|Rewardable Activity|Complete Rally Health Survey",
      "promotionStatus": "LIVE",
      "lastUpdateDate": "2024-12-04T17:32:48-05:00",
      "startRuleIdentifier": "ruleset_3d9d7798-386d-47a1-beb8-3a9e71ba527b",
      "lastUpdatedBy": 4,
      "programName": "Exxon Mobil Corporation_UATDefaultProgram",
      "promotionType": "CUSTOMER",
      "programId": 138,
      "startDate": "2024-11-01T00:00-05:00",
      "endDate": "2025-08-31T00:00-05:00",
      "identifier": "7ab1786e-97bb-448e-8e65-2f86838894e7",
      "isActive": true,
      "eventName": "TARGETCOMPLETED",
      "pointsOfferType": "GENERIC",
      "promotionRestrictions": {
        "restrictions": {
          "redemptionRestrictions": [
            {
              "name": "MAX_ALLOWED_TIMES_PER_CUSTOMER",
              "value": 1,
              "type": "NON_PERIOD_BASED",
              "periodType": "MOVING_WINDOW",
              "periodUnit": "DAILY"
            },
            {
              "name": "MAX_REDEMPTIONS_PER_EARN_PER_CUSTOMER",
              "value": 100,
              "type": "NON_PERIOD_BASED",
              "periodType": null,
              "periodUnit": null
            }
          ],
          "issualRestrictions": [],
          "earnRestrictions": [],
          "expiryRestrictions": []
        },
        "scope": null,
        "isStackable": false,
        "isConsideredForRanking": false,
        "loyaltyEarningType": null,
        "expiryReminder": null,
        "isExclusive": false,
        "isAlwaysApply": false,
        "targetGroupIds": null,
        "targetRuleIds": null,
        "linkedTargetGroupVsTargetRuleIdMap": null
      }
    }
  ],
  "pageDetails": {
    "pageNumber": 0,
    "pageSize": 100,
    "totalEntries": 6,
    "pageCount": 1
  }
}