{
  "status": {
    "code": 200,
    "message": "success"
  },
  "validationErrors": null,
  "data": [
    {
      "id": 2591,
      "name": "S4: Complete a Biometric Screening_v45",
      "description": "Optum Engage|Rewardable Activity|Get a biometric screening",
      "promotionStatus": "LIVE",
      "lastUpdateDate": "2024-12-20T10:03:42-05:00",
      "startRuleIdentifier": "ruleset_9f6d4707-10c7-436a-a4ad-82d0ff6eb387",
      "lastUpdatedBy": 4,
      "programName": "Port Authority of NY & NJ_UATDefaultProgram",
      "promotionType": "CUSTOMER",
      "programId": 184,
      "startDate": "2024-11-01T00:00-05:00",
      "endDate": "2025-10-31T00:00-05:00",
      "identifier": "6731b51e-69c2-4334-9c21-cb0c0247193c",
      "isActive": true,
      "eventName": "TARGETCOMPLETED",
      "pointsOfferType": "GENERIC",
      "promotionRestrictions": {
        "restrictions": {
          "redemptionRestrictions": [
            {
              "name": "MAX_ALLOWED_TIMES_PER_CUSTOMER",
              "value": 1,
              "type": "NON_PERIOD_BASED",
              "periodType": "MOVING_WINDOW",
              "periodUnit": "DAILY"
            },
            {
              "name": "MAX_REDEMPTIONS_PER_EARN_PER_CUSTOMER",
              "value": 100,
              "type": "NON_PERIOD_BASED",
              "periodType": null,
              "periodUnit": null
            }
          ],
          "issualRestrictions": [],
          "earnRestrictions": [],
          "expiryRestrictions": []
        },
        "scope": null,
        "isStackable": false,
        "isConsideredForRanking": false,
        "loyaltyEarningType": null,
        "expiryReminder": null,
        "isExclusive": false,
        "isAlwaysApply": false,
        "targetGroupIds": null,
        "targetRuleIds": null,
        "linkedTargetGroupVsTargetRuleIdMap": null
      }
    },
    {
      "id": 2461,
      "name": "R8: Complete 3 Rally Missions_v36",
      "description": "Optum Engage|Rewardable Activity|Complete 3 Missions",
      "promotionStatus": "LIVE",
      "lastUpdateDate": "2024-12-14T11:11:22-05:00",
      "startRuleIdentifier": "ruleset_befc5f95-1371-4f37-bd0a-86189b67d280",
      "lastUpdatedBy": 4,
      "programName": "Port Authority of NY & NJ_UATDefaultProgram",
      "promotionType": "CUSTOMER",
      "programId": 184,
      "startDate": "2024-11-01T00:00-05:00",
      "endDate": "2025-10-31T00:00-05:00",
      "identifier": "0e6fa70c-a4af-46bc-8e73-a36e175e53f9",
      "isActive": true,
      "eventName": "TARGETCOMPLETED",
      "pointsOfferType": "GENERIC",
      "promotionRestrictions": {
        "restrictions": {
          "redemptionRestrictions": [
            {
              "name": "MAX_ALLOWED_TIMES_PER_CUSTOMER",
              "value": 1,
              "type": "NON_PERIOD_BASED",
              "periodType": "MOVING_WINDOW",
              "periodUnit": "DAILY"
            },
            {
              "name": "MAX_REDEMPTIONS_PER_EARN_PER_CUSTOMER",
              "value": 100,
              "type": "NON_PERIOD_BASED",
              "periodType": null,
              "periodUnit": null
            }
          ],
          "issualRestrictions": [],
          "earnRestrictions": [],
          "expiryRestrictions": []
        },
        "scope": null,
        "isStackable": false,
        "isConsideredForRanking": false,
        "loyaltyEarningType": null,
        "expiryReminder": null,
        "isExclusive": false,
        "isAlwaysApply": false,
        "targetGroupIds": null,
        "targetRuleIds": null,
        "linkedTargetGroupVsTargetRuleIdMap": null
      }
    },
    {
      "id": 2460,
      "name": "Custom 2: Attest you went to the Dentist_v36",
      "description": "Optum Engage|Self Attestation|Dental Visits",
      "promotionStatus": "LIVE",
      "lastUpdateDate": "2024-12-14T11:11:18-05:00",
      "startRuleIdentifier": "ruleset_f44e861d-430a-4da0-9470-b6e78492d7a1",
      "lastUpdatedBy": 4,
      "programName": "Port Authority of NY & NJ_UATDefaultProgram",
      "promotionType": "CUSTOMER",
      "programId": 184,
      "startDate": "2024-11-01T00:00-05:00",
      "endDate": "2025-10-31T00:00-05:00",
      "identifier": "f4e8c52f-a70c-44bf-881e-bab01767d688",
      "isActive": true,
      "eventName": "TARGETCOMPLETED",
      "pointsOfferType": "GENERIC",
      "promotionRestrictions": {
        "restrictions": {
          "redemptionRestrictions": [
            {
              "name": "MAX_ALLOWED_TIMES_PER_CUSTOMER",
              "value": 1,
              "type": "NON_PERIOD_BASED",
              "periodType": "MOVING_WINDOW",
              "periodUnit": "DAILY"
            },
            {
              "name": "MAX_REDEMPTIONS_PER_EARN_PER_CUSTOMER",
              "value": 100,
              "type": "NON_PERIOD_BASED",
              "periodType": null,
              "periodUnit": null
            }
          ],
          "issualRestrictions": [],
          "earnRestrictions": [],
          "expiryRestrictions": []
        },
        "scope": null,
        "isStackable": false,
        "isConsideredForRanking": false,
        "loyaltyEarningType": null,
        "expiryReminder": null,
        "isExclusive": false,
        "isAlwaysApply": false,
        "targetGroupIds": null,
        "targetRuleIds": null,
        "linkedTargetGroupVsTargetRuleIdMap": null
      }
    },
    {
      "id": 2459,
      "name": "S4: Complete a Biometric Screening_v36",
      "description": "Optum Engage|Rewardable Activity|Get a biometric screening",
      "promotionStatus": "INACTIVE",
      "lastUpdateDate": "2024-12-23T11:48:07-05:00",
      "startRuleIdentifier": "ruleset_efde7ce1-32c3-4d96-aae8-9132b2701f10",
      "lastUpdatedBy": 400170573,
      "programName": "Port Authority of NY & NJ_UATDefaultProgram",
      "promotionType": "CUSTOMER",
      "programId": 184,
      "startDate": "2024-11-01T00:00-05:00",
      "endDate": "2025-10-31T23:59:59-05:00",
      "identifier": "9470f16b-ca46-4589-93b2-4b156120a8e7",
      "isActive": false,
      "eventName": "TARGETCOMPLETED",
      "pointsOfferType": "GENERIC",
      "promotionRestrictions": {
        "restrictions": {
          "redemptionRestrictions": [
            {
              "name": "MAX_ALLOWED_TIMES_PER_CUSTOMER",
              "value": 1,
              "type": "NON_PERIOD_BASED",
              "periodType": "MOVING_WINDOW",
              "periodUnit": "DAILY"
            },
            {
              "name": "MAX_REDEMPTIONS_PER_EARN_PER_CUSTOMER",
              "value": 100,
              "type": "NON_PERIOD_BASED",
              "periodType": null,
              "periodUnit": null
            }
          ],
          "issualRestrictions": [],
          "earnRestrictions": [],
          "expiryRestrictions": []
        },
        "scope": null,
        "isStackable": false,
        "isConsideredForRanking": false,
        "loyaltyEarningType": null,
        "expiryReminder": null,
        "isExclusive": false,
        "isAlwaysApply": false,
        "targetGroupIds": null,
        "targetRuleIds": null,
        "linkedTargetGroupVsTargetRuleIdMap": null
      }
    },
    {
      "id": 2458,
      "name": "F18: Complete an Annual Visit or Screening_v36",
      "description": "Optum Engage|Rewardable Activity|Get an Annual Physical or Preventive Screening",
      "promotionStatus": "LIVE",
      "lastUpdateDate": "2024-12-14T11:11:11-05:00",
      "startRuleIdentifier": "ruleset_3972b102-494b-42ba-819b-fc7266497ce1",
      "lastUpdatedBy": 4,
      "programName": "Port Authority of NY & NJ_UATDefaultProgram",
      "promotionType": "CUSTOMER",
      "programId": 184,
      "startDate": "2024-11-01T00:00-05:00",
      "endDate": "2025-10-31T00:00-05:00",
      "identifier": "a5229a49-a9af-4af8-9fd2-8b3fc733e84b",
      "isActive": true,
      "eventName": "TARGETCOMPLETED",
      "pointsOfferType": "GENERIC",
      "promotionRestrictions": {
        "restrictions": {
          "redemptionRestrictions": [
            {
              "name": "MAX_ALLOWED_TIMES_PER_CUSTOMER",
              "value": 1,
              "type": "NON_PERIOD_BASED",
              "periodType": "MOVING_WINDOW",
              "periodUnit": "DAILY"
            },
            {
              "name": "MAX_REDEMPTIONS_PER_EARN_PER_CUSTOMER",
              "value": 100,
              "type": "NON_PERIOD_BASED",
              "periodType": null,
              "periodUnit": null
            }
          ],
          "issualRestrictions": [],
          "earnRestrictions": [],
          "expiryRestrictions": []
        },
        "scope": null,
        "isStackable": false,
        "isConsideredForRanking": false,
        "loyaltyEarningType": null,
        "expiryReminder": null,
        "isExclusive": false,
        "isAlwaysApply": false,
        "targetGroupIds": null,
        "targetRuleIds": null,
        "linkedTargetGroupVsTargetRuleIdMap": null
      }
    },
    {
      "id": 2457,
      "name": "R10: Complete Health Survey_v36",
      "description": "Optum Engage|Rewardable Activity|Complete Rally Health Survey",
      "promotionStatus": "LIVE",
      "lastUpdateDate": "2024-12-14T11:11:04-05:00",
      "startRuleIdentifier": "ruleset_484802cd-eef8-47c0-83ed-4708d3f410bc",
      "lastUpdatedBy": 4,
      "programName": "Port Authority of NY & NJ_UATDefaultProgram",
      "promotionType": "CUSTOMER",
      "programId": 184,
      "startDate": "2024-11-01T00:00-05:00",
      "endDate": "2025-10-31T00:00-05:00",
      "identifier": "d30b530a-9e12-4a37-b061-765aa0c05fad",
      "isActive": true,
      "eventName": "TARGETCOMPLETED",
      "pointsOfferType": "GENERIC",
      "promotionRestrictions": {
        "restrictions": {
          "redemptionRestrictions": [
            {
              "name": "MAX_ALLOWED_TIMES_PER_CUSTOMER",
              "value": 1,
              "type": "NON_PERIOD_BASED",
              "periodType": "MOVING_WINDOW",
              "periodUnit": "DAILY"
            },
            {
              "name": "MAX_REDEMPTIONS_PER_EARN_PER_CUSTOMER",
              "value": 100,
              "type": "NON_PERIOD_BASED",
              "periodType": null,
              "periodUnit": null
            }
          ],
          "issualRestrictions": [],
          "earnRestrictions": [],
          "expiryRestrictions": []
        },
        "scope": null,
        "isStackable": false,
        "isConsideredForRanking": false,
        "loyaltyEarningType": null,
        "expiryReminder": null,
        "isExclusive": false,
        "isAlwaysApply": false,
        "targetGroupIds": null,
        "targetRuleIds": null,
        "linkedTargetGroupVsTargetRuleIdMap": null
      }
    },
    {
      "id": 1461,
      "name": "R8: Complete 3 Rally Missions_v13",
      "description": "Optum Engage|Rewardable Activity|Complete 3 Missions",
      "promotionStatus": "INACTIVE",
      "lastUpdateDate": "2024-12-14T11:00:39-05:00",
      "startRuleIdentifier": "ruleset_1732303138_16167e48-0e2b-4602-ae1f-20a952311187",
      "lastUpdatedBy": 400170573,
      "programName": "Port Authority of NY & NJ_UATDefaultProgram",
      "promotionType": "CUSTOMER",
      "programId": 184,
      "startDate": "2024-11-01T00:00-05:00",
      "endDate": "2025-10-31T23:59:59-05:00",
      "identifier": "ed3b9c24-6975-4f86-a928-53b9fb509ee1",
      "isActive": false,
      "eventName": "TARGETCOMPLETED",
      "pointsOfferType": "GENERIC",
      "promotionRestrictions": {
        "restrictions": {
          "redemptionRestrictions": [
            {
              "name": "MAX_ALLOWED_TIMES_PER_CUSTOMER",
              "value": 1,
              "type": "NON_PERIOD_BASED",
              "periodType": "MOVING_WINDOW",
              "periodUnit": "DAILY"
            },
            {
              "name": "MAX_REDEMPTIONS_PER_EARN_PER_CUSTOMER",
              "value": 100,
              "type": "NON_PERIOD_BASED",
              "periodType": null,
              "periodUnit": null
            }
          ],
          "issualRestrictions": [],
          "earnRestrictions": [],
          "expiryRestrictions": []
        },
        "scope": null,
        "isStackable": false,
        "isConsideredForRanking": false,
        "loyaltyEarningType": null,
        "expiryReminder": null,
        "isExclusive": false,
        "isAlwaysApply": false,
        "targetGroupIds": null,
        "targetRuleIds": null,
        "linkedTargetGroupVsTargetRuleIdMap": null
      }
    },
    {
      "id": 1460,
      "name": "Custom 2: Attest you went to the Dentist_v13",
      "description": "Optum Engage|Rewardable Activity|Complete Dental Visit",
      "promotionStatus": "INACTIVE",
      "lastUpdateDate": "2024-12-14T11:01:15-05:00",
      "startRuleIdentifier": "ruleset_1732303138_568a473c-ac65-4e5f-9282-9197ed5d0c20",
      "lastUpdatedBy": 400170573,
      "programName": "Port Authority of NY & NJ_UATDefaultProgram",
      "promotionType": "CUSTOMER",
      "programId": 184,
      "startDate": "2024-11-01T00:00-05:00",
      "endDate": "2025-10-31T23:59:59-05:00",
      "identifier": "b9e949f0-48b1-46b1-9313-0519b01da088",
      "isActive": false,
      "eventName": "TARGETCOMPLETED",
      "pointsOfferType": "GENERIC",
      "promotionRestrictions": {
        "restrictions": {
          "redemptionRestrictions": [
            {
              "name": "MAX_ALLOWED_TIMES_PER_CUSTOMER",
              "value": 1,
              "type": "NON_PERIOD_BASED",
              "periodType": "MOVING_WINDOW",
              "periodUnit": "DAILY"
            },
            {
              "name": "MAX_REDEMPTIONS_PER_EARN_PER_CUSTOMER",
              "value": 100,
              "type": "NON_PERIOD_BASED",
              "periodType": null,
              "periodUnit": null
            }
          ],
          "issualRestrictions": [],
          "earnRestrictions": [],
          "expiryRestrictions": []
        },
        "scope": null,
        "isStackable": false,
        "isConsideredForRanking": false,
        "loyaltyEarningType": null,
        "expiryReminder": null,
        "isExclusive": false,
        "isAlwaysApply": false,
        "targetGroupIds": null,
        "targetRuleIds": null,
        "linkedTargetGroupVsTargetRuleIdMap": null
      }
    },
    {
      "id": 1459,
      "name": "S4: Complete a Biometric Screening_v13",
      "description": "Optum Engage|Rewardable Activity|Get a biometric screening",
      "promotionStatus": "INACTIVE",
      "lastUpdateDate": "2024-12-14T11:00:19-05:00",
      "startRuleIdentifier": "ruleset_1732303138_a0db4dbd-8f11-44d0-848d-30753a261993",
      "lastUpdatedBy": 400170573,
      "programName": "Port Authority of NY & NJ_UATDefaultProgram",
      "promotionType": "CUSTOMER",
      "programId": 184,
      "startDate": "2024-11-01T00:00-05:00",
      "endDate": "2025-10-31T23:59:59-05:00",
      "identifier": "685400fb-42f0-453c-9d3c-6bb7ceeed16d",
      "isActive": false,
      "eventName": "TARGETCOMPLETED",
      "pointsOfferType": "GENERIC",
      "promotionRestrictions": {
        "restrictions": {
          "redemptionRestrictions": [
            {
              "name": "MAX_ALLOWED_TIMES_PER_CUSTOMER",
              "value": 1,
              "type": "NON_PERIOD_BASED",
              "periodType": "MOVING_WINDOW",
              "periodUnit": "DAILY"
            },
            {
              "name": "MAX_REDEMPTIONS_PER_EARN_PER_CUSTOMER",
              "value": 100,
              "type": "NON_PERIOD_BASED",
              "periodType": null,
              "periodUnit": null
            }
          ],
          "issualRestrictions": [],
          "earnRestrictions": [],
          "expiryRestrictions": []
        },
        "scope": null,
        "isStackable": false,
        "isConsideredForRanking": false,
        "loyaltyEarningType": null,
        "expiryReminder": null,
        "isExclusive": false,
        "isAlwaysApply": false,
        "targetGroupIds": null,
        "targetRuleIds": null,
        "linkedTargetGroupVsTargetRuleIdMap": null
      }
    },
    {
      "id": 1458,
      "name": "F18: Complete an Annual Visit or Screening_v13",
      "description": "Optum Engage|Rewardable Activity|Get an Annual Physical or Preventive Screening",
      "promotionStatus": "INACTIVE",
      "lastUpdateDate": "2024-12-14T11:01:29-05:00",
      "startRuleIdentifier": "ruleset_1732303138_20fe360f-997d-46f2-8430-5de7557f09cb",
      "lastUpdatedBy": 400170573,
      "programName": "Port Authority of NY & NJ_UATDefaultProgram",
      "promotionType": "CUSTOMER",
      "programId": 184,
      "startDate": "2024-11-01T00:00-05:00",
      "endDate": "2025-10-31T23:59:59-05:00",
      "identifier": "11daf7e2-770d-4e29-a90a-c048c9a8fda5",
      "isActive": false,
      "eventName": "TARGETCOMPLETED",
      "pointsOfferType": "GENERIC",
      "promotionRestrictions": {
        "restrictions": {
          "redemptionRestrictions": [
            {
              "name": "MAX_ALLOWED_TIMES_PER_CUSTOMER",
              "value": 1,
              "type": "NON_PERIOD_BASED",
              "periodType": "MOVING_WINDOW",
              "periodUnit": "DAILY"
            },
            {
              "name": "MAX_REDEMPTIONS_PER_EARN_PER_CUSTOMER",
              "value": 100,
              "type": "NON_PERIOD_BASED",
              "periodType": null,
              "periodUnit": null
            }
          ],
          "issualRestrictions": [],
          "earnRestrictions": [],
          "expiryRestrictions": []
        },
        "scope": null,
        "isStackable": false,
        "isConsideredForRanking": false,
        "loyaltyEarningType": null,
        "expiryReminder": null,
        "isExclusive": false,
        "isAlwaysApply": false,
        "targetGroupIds": null,
        "targetRuleIds": null,
        "linkedTargetGroupVsTargetRuleIdMap": null
      }
    },
    {
      "id": 1457,
      "name": "R10: Complete Health Survey_v13",
      "description": "Optum Engage|Rewardable Activity|Complete Rally Health Survey",
      "promotionStatus": "INACTIVE",
      "lastUpdateDate": "2024-12-14T11:00:03-05:00",
      "startRuleIdentifier": "ruleset_1732303138_35b85868-6589-41a8-a487-546f889bb581",
      "lastUpdatedBy": 400170573,
      "programName": "Port Authority of NY & NJ_UATDefaultProgram",
      "promotionType": "CUSTOMER",
      "programId": 184,
      "startDate": "2024-11-01T00:00-05:00",
      "endDate": "2025-10-31T23:59:59-05:00",
      "identifier": "b22272cb-5f4a-4819-a00c-a3d1b50ad51a",
      "isActive": false,
      "eventName": "TARGETCOMPLETED",
      "pointsOfferType": "GENERIC",
      "promotionRestrictions": {
        "restrictions": {
          "redemptionRestrictions": [
            {
              "name": "MAX_ALLOWED_TIMES_PER_CUSTOMER",
              "value": 1,
              "type": "NON_PERIOD_BASED",
              "periodType": "MOVING_WINDOW",
              "periodUnit": "DAILY"
            },
            {
              "name": "MAX_REDEMPTIONS_PER_EARN_PER_CUSTOMER",
              "value": 100,
              "type": "NON_PERIOD_BASED",
              "periodType": null,
              "periodUnit": null
            }
          ],
          "issualRestrictions": [],
          "earnRestrictions": [],
          "expiryRestrictions": []
        },
        "scope": null,
        "isStackable": false,
        "isConsideredForRanking": false,
        "loyaltyEarningType": null,
        "expiryReminder": null,
        "isExclusive": false,
        "isAlwaysApply": false,
        "targetGroupIds": null,
        "targetRuleIds": null,
        "linkedTargetGroupVsTargetRuleIdMap": null
      }
    },
    {
      "id": 1456,
      "name": "R8: Complete 3 Rally Missions_v12",
      "description": "Optum Engage|Rewardable Activity|Complete 3 Missions",
      "promotionStatus": "INACTIVE",
      "lastUpdateDate": "2024-11-22T15:30:55-05:00",
      "startRuleIdentifier": "ruleset_16167e48-0e2b-4602-ae1f-20a952311187",
      "lastUpdatedBy": 400170573,
      "programName": "Port Authority of NY & NJ_UATDefaultProgram",
      "promotionType": "CUSTOMER",
      "programId": 184,
      "startDate": "2024-11-01T00:00-05:00",
      "endDate": "2025-10-31T23:59:59-05:00",
      "identifier": "7e4fea39-c6e4-4e79-b485-1e38d3ff1d87",
      "isActive": false,
      "eventName": "TARGETCOMPLETED",
      "pointsOfferType": "GENERIC",
      "promotionRestrictions": {
        "restrictions": {
          "redemptionRestrictions": [
            {
              "name": "MAX_ALLOWED_TIMES_PER_CUSTOMER",
              "value": 1,
              "type": "NON_PERIOD_BASED",
              "periodType": "MOVING_WINDOW",
              "periodUnit": "DAILY"
            },
            {
              "name": "MAX_REDEMPTIONS_PER_EARN_PER_CUSTOMER",
              "value": 100,
              "type": "NON_PERIOD_BASED",
              "periodType": null,
              "periodUnit": null
            }
          ],
          "issualRestrictions": [],
          "earnRestrictions": [],
          "expiryRestrictions": []
        },
        "scope": null,
        "isStackable": false,
        "isConsideredForRanking": false,
        "loyaltyEarningType": null,
        "expiryReminder": null,
        "isExclusive": false,
        "isAlwaysApply": false,
        "targetGroupIds": null,
        "targetRuleIds": null,
        "linkedTargetGroupVsTargetRuleIdMap": null
      }
    },
    {
      "id": 1455,
      "name": "Custom 2: Attest you went to the Dentist_v12",
      "description": "Optum Engage|Rewardable Activity|Complete Dental Visit",
      "promotionStatus": "INACTIVE",
      "lastUpdateDate": "2024-11-22T15:29:58-05:00",
      "startRuleIdentifier": "ruleset_568a473c-ac65-4e5f-9282-9197ed5d0c20",
      "lastUpdatedBy": 400170573,
      "programName": "Port Authority of NY & NJ_UATDefaultProgram",
      "promotionType": "CUSTOMER",
      "programId": 184,
      "startDate": "2024-11-01T00:00-05:00",
      "endDate": "2025-10-31T23:59:59-05:00",
      "identifier": "3f72bd3f-d603-4c74-8b71-6581d5a231e0",
      "isActive": false,
      "eventName": "TARGETCOMPLETED",
      "pointsOfferType": "GENERIC",
      "promotionRestrictions": {
        "restrictions": {
          "redemptionRestrictions": [
            {
              "name": "MAX_ALLOWED_TIMES_PER_CUSTOMER",
              "value": 1,
              "type": "NON_PERIOD_BASED",
              "periodType": "MOVING_WINDOW",
              "periodUnit": "DAILY"
            },
            {
              "name": "MAX_REDEMPTIONS_PER_EARN_PER_CUSTOMER",
              "value": 100,
              "type": "NON_PERIOD_BASED",
              "periodType": null,
              "periodUnit": null
            }
          ],
          "issualRestrictions": [],
          "earnRestrictions": [],
          "expiryRestrictions": []
        },
        "scope": null,
        "isStackable": false,
        "isConsideredForRanking": false,
        "loyaltyEarningType": null,
        "expiryReminder": null,
        "isExclusive": false,
        "isAlwaysApply": false,
        "targetGroupIds": null,
        "targetRuleIds": null,
        "linkedTargetGroupVsTargetRuleIdMap": null
      }
    },
    {
      "id": 1454,
      "name": "S4: Complete a Biometric Screening_v12",
      "description": "Optum Engage|Rewardable Activity|Get a biometric screening",
      "promotionStatus": "INACTIVE",
      "lastUpdateDate": "2024-11-22T14:22:52-05:00",
      "startRuleIdentifier": "ruleset_a0db4dbd-8f11-44d0-848d-30753a261993",
      "lastUpdatedBy": 400170573,
      "programName": "Port Authority of NY & NJ_UATDefaultProgram",
      "promotionType": "CUSTOMER",
      "programId": 184,
      "startDate": "2024-11-01T00:00-05:00",
      "endDate": "2025-10-31T23:59:59-05:00",
      "identifier": "3e59cddf-31e6-4012-b167-c1b3fd308d58",
      "isActive": false,
      "eventName": "TARGETCOMPLETED",
      "pointsOfferType": "GENERIC",
      "promotionRestrictions": {
        "restrictions": {
          "redemptionRestrictions": [
            {
              "name": "MAX_ALLOWED_TIMES_PER_CUSTOMER",
              "value": 1,
              "type": "NON_PERIOD_BASED",
              "periodType": "MOVING_WINDOW",
              "periodUnit": "DAILY"
            },
            {
              "name": "MAX_REDEMPTIONS_PER_EARN_PER_CUSTOMER",
              "value": 100,
              "type": "NON_PERIOD_BASED",
              "periodType": null,
              "periodUnit": null
            }
          ],
          "issualRestrictions": [],
          "earnRestrictions": [],
          "expiryRestrictions": []
        },
        "scope": null,
        "isStackable": false,
        "isConsideredForRanking": false,
        "loyaltyEarningType": null,
        "expiryReminder": null,
        "isExclusive": false,
        "isAlwaysApply": false,
        "targetGroupIds": null,
        "targetRuleIds": null,
        "linkedTargetGroupVsTargetRuleIdMap": null
      }
    },
    {
      "id": 1453,
      "name": "R10: Complete Health Survey_v12",
      "description": "Optum Engage|Rewardable Activity|Complete Rally Health Survey",
      "promotionStatus": "INACTIVE",
      "lastUpdateDate": "2024-11-22T14:22:17-05:00",
      "startRuleIdentifier": "ruleset_35b85868-6589-41a8-a487-546f889bb581",
      "lastUpdatedBy": 400170573,
      "programName": "Port Authority of NY & NJ_UATDefaultProgram",
      "promotionType": "CUSTOMER",
      "programId": 184,
      "startDate": "2024-11-01T00:00-05:00",
      "endDate": "2025-10-31T23:59:59-05:00",
      "identifier": "4ba7276b-b22b-44c6-8f38-33cfcb49b982",
      "isActive": false,
      "eventName": "TARGETCOMPLETED",
      "pointsOfferType": "GENERIC",
      "promotionRestrictions": {
        "restrictions": {
          "redemptionRestrictions": [
            {
              "name": "MAX_ALLOWED_TIMES_PER_CUSTOMER",
              "value": 1,
              "type": "NON_PERIOD_BASED",
              "periodType": "MOVING_WINDOW",
              "periodUnit": "DAILY"
            },
            {
              "name": "MAX_REDEMPTIONS_PER_EARN_PER_CUSTOMER",
              "value": 100,
              "type": "NON_PERIOD_BASED",
              "periodType": null,
              "periodUnit": null
            }
          ],
          "issualRestrictions": [],
          "earnRestrictions": [],
          "expiryRestrictions": []
        },
        "scope": null,
        "isStackable": false,
        "isConsideredForRanking": false,
        "loyaltyEarningType": null,
        "expiryReminder": null,
        "isExclusive": false,
        "isAlwaysApply": false,
        "targetGroupIds": null,
        "targetRuleIds": null,
        "linkedTargetGroupVsTargetRuleIdMap": null
      }
    }
  ],
  "pageDetails": {
    "pageNumber": 0,
    "pageSize": 100,
    "totalEntries": 15,
    "pageCount": 1
  }
}