{
  "status": {
    "code": 200,
    "message": "success"
  },
  "validationErrors": null,
  "data": [
    {
      "id": 2488,
      "name": "Gym Checkin with Visit Count",
      "description": "",
      "promotionStatus": "LIVE",
      "lastUpdateDate": "2024-12-15T19:30:49-05:00",
      "startRuleIdentifier": "ruleset_20241215110751",
      "lastUpdatedBy": 400169456,
      "programName": "Kaiser Hawaii Commercial_UATDefaultProgram",
      "promotionType": "CUSTOMER",
      "programId": 221,
      "startDate": "2024-12-01T00:00-05:00",
      "endDate": "2025-12-31T23:59:59-05:00",
      "identifier": "00c655a6-fc65-4741-a698-29b113e8ab96",
      "isActive": true,
      "eventName": "TARGETCOMPLETED",
      "pointsOfferType": "GENERIC",
      "promotionRestrictions": {
        "restrictions": null,
        "scope": null,
        "isStackable": false,
        "isConsideredForRanking": false,
        "loyaltyEarningType": null,
        "expiryReminder": null,
        "isExclusive": false,
        "isAlwaysApply": false,
        "targetGroupIds": null,
        "targetRuleIds": null,
        "linkedTargetGroupVsTargetRuleIdMap": null
      }
    },
    {
      "id": 2344,
      "name": "Gym Check-in",
      "description": "Kaiser",
      "promotionStatus": "INACTIVE",
      "lastUpdateDate": "2024-12-15T11:15:26-05:00",
      "startRuleIdentifier": "ruleset_20241205185426",
      "lastUpdatedBy": 400169197,
      "programName": "Kaiser Hawaii Commercial_UATDefaultProgram",
      "promotionType": "CUSTOMER",
      "programId": 221,
      "startDate": "2024-11-01T00:00-05:00",
      "endDate": "2025-12-31T23:59:59-05:00",
      "identifier": "c1aa6878-1bbf-43ba-86fe-4e558837784b",
      "isActive": false,
      "eventName": "TARGETCOMPLETED",
      "pointsOfferType": "GENERIC",
      "promotionRestrictions": {
        "restrictions": null,
        "scope": null,
        "isStackable": false,
        "isConsideredForRanking": false,
        "loyaltyEarningType": null,
        "expiryReminder": null,
        "isExclusive": false,
        "isAlwaysApply": false,
        "targetGroupIds": null,
        "targetRuleIds": null,
        "linkedTargetGroupVsTargetRuleIdMap": null
      }
    }
  ],
  "pageDetails": {
    "pageNumber": 0,
    "pageSize": 100,
    "totalEntries": 2,
    "pageCount": 1
  }
}