{
  "status": {
    "code": 200,
    "message": "success"
  },
  "validationErrors": null,
  "data": [
    {
      "id": 2412,
      "name": "Custom 1: Flu, Tetanus, Pneumonia, Shingles - Attestation_v35",
      "description": "Optum Engage|Rewardable Activity|Confirm your Vaccination Status",
      "promotionStatus": "LIVE",
      "lastUpdateDate": "2024-12-10T17:17:14-05:00",
      "startRuleIdentifier": "ruleset_977f451f-9153-43ff-ba8b-44613c3d31ca",
      "lastUpdatedBy": 4,
      "programName": "Williams Companies_UATDefaultProgram",
      "promotionType": "CUSTOMER",
      "programId": 151,
      "startDate": "2024-11-01T00:00-05:00",
      "endDate": "2025-09-30T00:00-05:00",
      "identifier": "16fa604f-157a-4a8c-8fd5-e8eabf9e10bb",
      "isActive": true,
      "eventName": "TARGETCOMPLETED",
      "pointsOfferType": "GENERIC",
      "promotionRestrictions": {
        "restrictions": {
          "redemptionRestrictions": [
            {
              "name": "MAX_ALLOWED_TIMES_PER_CUSTOMER",
              "value": 1,
              "type": "NON_PERIOD_BASED",
              "periodType": "MOVING_WINDOW",
              "periodUnit": "DAILY"
            },
            {
              "name": "MAX_REDEMPTIONS_PER_EARN_PER_CUSTOMER",
              "value": 100,
              "type": "NON_PERIOD_BASED",
              "periodType": null,
              "periodUnit": null
            }
          ],
          "issualRestrictions": [],
          "earnRestrictions": [],
          "expiryRestrictions": []
        },
        "scope": null,
        "isStackable": false,
        "isConsideredForRanking": false,
        "loyaltyEarningType": null,
        "expiryReminder": null,
        "isExclusive": false,
        "isAlwaysApply": false,
        "targetGroupIds": null,
        "targetRuleIds": null,
        "linkedTargetGroupVsTargetRuleIdMap": null
      }
    },
    {
      "id": 2308,
      "name": "F18: Complete any of the following (repeatable 7 times)_v27",
      "description": "Optum Engage|Rewardable Activity|Get an Annual Physical or Preventive Screening",
      "promotionStatus": "LIVE",
      "lastUpdateDate": "2024-12-15T14:25-05:00",
      "startRuleIdentifier": "ruleset_26696321-1c9f-4321-a9dd-9787fc681cd6",
      "lastUpdatedBy": 4,
      "programName": "Williams Companies_UATDefaultProgram",
      "promotionType": "CUSTOMER",
      "programId": 151,
      "startDate": "2024-11-01T00:00-05:00",
      "endDate": "2025-09-30T00:00-05:00",
      "identifier": "154c7ba7-957c-4c47-9a2e-95bb9db635be",
      "isActive": true,
      "eventName": "TARGETCOMPLETED",
      "pointsOfferType": "GENERIC",
      "promotionRestrictions": {
        "restrictions": {
          "redemptionRestrictions": [
            {
              "name": "MAX_ALLOWED_TIMES_PER_CUSTOMER",
              "value": 7,
              "type": "NON_PERIOD_BASED",
              "periodType": "MOVING_WINDOW",
              "periodUnit": "DAILY"
            },
            {
              "name": "MAX_REDEMPTIONS_PER_EARN_PER_CUSTOMER",
              "value": 100,
              "type": "NON_PERIOD_BASED",
              "periodType": "MOVING_WINDOW",
              "periodUnit": "DAILY"
            }
          ],
          "issualRestrictions": [],
          "earnRestrictions": [],
          "expiryRestrictions": []
        },
        "scope": null,
        "isStackable": false,
        "isConsideredForRanking": false,
        "loyaltyEarningType": null,
        "expiryReminder": null,
        "isExclusive": false,
        "isAlwaysApply": false,
        "targetGroupIds": null,
        "targetRuleIds": null,
        "linkedTargetGroupVsTargetRuleIdMap": null
      }
    },
    {
      "id": 1659,
      "name": "Custom 3: EAP Video - Attestation_v15",
      "description": "Optum Engage|Self Attestation|EAP Video",
      "promotionStatus": "LIVE",
      "lastUpdateDate": "2024-12-15T14:25:01-05:00",
      "startRuleIdentifier": "ruleset_3ccef9bb-4c01-4378-bb78-0c6699918f5a",
      "lastUpdatedBy": 4,
      "programName": "Williams Companies_UATDefaultProgram",
      "promotionType": "CUSTOMER",
      "programId": 151,
      "startDate": "2024-11-01T00:00-05:00",
      "endDate": "2025-09-30T00:00-05:00",
      "identifier": "5198a721-0178-4fb2-88b5-6523fc3ac604",
      "isActive": true,
      "eventName": "TARGETCOMPLETED",
      "pointsOfferType": "GENERIC",
      "promotionRestrictions": {
        "restrictions": {
          "redemptionRestrictions": [
            {
              "name": "MAX_ALLOWED_TIMES_PER_CUSTOMER",
              "value": 1,
              "type": "NON_PERIOD_BASED",
              "periodType": "MOVING_WINDOW",
              "periodUnit": "DAILY"
            },
            {
              "name": "MAX_REDEMPTIONS_PER_EARN_PER_CUSTOMER",
              "value": 100,
              "type": "NON_PERIOD_BASED",
              "periodType": "MOVING_WINDOW",
              "periodUnit": "DAILY"
            }
          ],
          "issualRestrictions": [],
          "earnRestrictions": [],
          "expiryRestrictions": []
        },
        "scope": null,
        "isStackable": false,
        "isConsideredForRanking": false,
        "loyaltyEarningType": null,
        "expiryReminder": null,
        "isExclusive": false,
        "isAlwaysApply": false,
        "targetGroupIds": null,
        "targetRuleIds": null,
        "linkedTargetGroupVsTargetRuleIdMap": null
      }
    },
    {
      "id": 1658,
      "name": "R12: Complete HealthCare Cost Estimate_v15",
      "description": "Optum Engage|Rewardable Activity|Check Personalized Cost Estimate",
      "promotionStatus": "LIVE",
      "lastUpdateDate": "2024-12-15T14:25:02-05:00",
      "startRuleIdentifier": "ruleset_eac49ee9-136b-4ef2-890c-287521c5822f",
      "lastUpdatedBy": 4,
      "programName": "Williams Companies_UATDefaultProgram",
      "promotionType": "CUSTOMER",
      "programId": 151,
      "startDate": "2024-11-01T00:00-05:00",
      "endDate": "2025-09-30T00:00-05:00",
      "identifier": "e1220415-4766-493b-8497-67391c1fd9aa",
      "isActive": true,
      "eventName": "TARGETCOMPLETED",
      "pointsOfferType": "GENERIC",
      "promotionRestrictions": {
        "restrictions": {
          "redemptionRestrictions": [
            {
              "name": "MAX_ALLOWED_TIMES_PER_CUSTOMER",
              "value": 1,
              "type": "NON_PERIOD_BASED",
              "periodType": "MOVING_WINDOW",
              "periodUnit": "DAILY"
            },
            {
              "name": "MAX_REDEMPTIONS_PER_EARN_PER_CUSTOMER",
              "value": 100,
              "type": "NON_PERIOD_BASED",
              "periodType": "MOVING_WINDOW",
              "periodUnit": "DAILY"
            }
          ],
          "issualRestrictions": [],
          "earnRestrictions": [],
          "expiryRestrictions": []
        },
        "scope": null,
        "isStackable": false,
        "isConsideredForRanking": false,
        "loyaltyEarningType": null,
        "expiryReminder": null,
        "isExclusive": false,
        "isAlwaysApply": false,
        "targetGroupIds": null,
        "targetRuleIds": null,
        "linkedTargetGroupVsTargetRuleIdMap": null
      }
    },
    {
      "id": 1657,
      "name": "R127: Complete the General Diabetes Quiz_v15",
      "description": "Optum Engage|Rewardable Activity|Diabetes Quiz",
      "promotionStatus": "LIVE",
      "lastUpdateDate": "2024-12-15T14:25:03-05:00",
      "startRuleIdentifier": "ruleset_f71c108c-9e6b-4763-b2bb-6e35b54bfec6",
      "lastUpdatedBy": 4,
      "programName": "Williams Companies_UATDefaultProgram",
      "promotionType": "CUSTOMER",
      "programId": 151,
      "startDate": "2024-11-01T00:00-05:00",
      "endDate": "2025-09-30T00:00-05:00",
      "identifier": "30279bb6-2414-43f7-8f23-4be76b346d8f",
      "isActive": true,
      "eventName": "TARGETCOMPLETED",
      "pointsOfferType": "GENERIC",
      "promotionRestrictions": {
        "restrictions": {
          "redemptionRestrictions": [
            {
              "name": "MAX_ALLOWED_TIMES_PER_CUSTOMER",
              "value": 1,
              "type": "NON_PERIOD_BASED",
              "periodType": "MOVING_WINDOW",
              "periodUnit": "DAILY"
            },
            {
              "name": "MAX_REDEMPTIONS_PER_EARN_PER_CUSTOMER",
              "value": 100,
              "type": "NON_PERIOD_BASED",
              "periodType": "MOVING_WINDOW",
              "periodUnit": "DAILY"
            }
          ],
          "issualRestrictions": [],
          "earnRestrictions": [],
          "expiryRestrictions": []
        },
        "scope": null,
        "isStackable": false,
        "isConsideredForRanking": false,
        "loyaltyEarningType": null,
        "expiryReminder": null,
        "isExclusive": false,
        "isAlwaysApply": false,
        "targetGroupIds": null,
        "targetRuleIds": null,
        "linkedTargetGroupVsTargetRuleIdMap": null
      }
    },
    {
      "id": 1656,
      "name": "R132: Complete the HSA 101 Quiz_v15",
      "description": "Optum Engage|Rewardable Activity|HSA 101 Quiz",
      "promotionStatus": "LIVE",
      "lastUpdateDate": "2024-12-15T14:25:04-05:00",
      "startRuleIdentifier": "ruleset_d3125a88-fca7-4406-9bf2-06d257da1acb",
      "lastUpdatedBy": 4,
      "programName": "Williams Companies_UATDefaultProgram",
      "promotionType": "CUSTOMER",
      "programId": 151,
      "startDate": "2024-11-01T00:00-05:00",
      "endDate": "2025-09-30T00:00-05:00",
      "identifier": "392dd97f-5039-4c8c-8090-b3075a73ac03",
      "isActive": true,
      "eventName": "TARGETCOMPLETED",
      "pointsOfferType": "GENERIC",
      "promotionRestrictions": {
        "restrictions": {
          "redemptionRestrictions": [
            {
              "name": "MAX_ALLOWED_TIMES_PER_CUSTOMER",
              "value": 1,
              "type": "NON_PERIOD_BASED",
              "periodType": "MOVING_WINDOW",
              "periodUnit": "DAILY"
            },
            {
              "name": "MAX_REDEMPTIONS_PER_EARN_PER_CUSTOMER",
              "value": 100,
              "type": "NON_PERIOD_BASED",
              "periodType": "MOVING_WINDOW",
              "periodUnit": "DAILY"
            }
          ],
          "issualRestrictions": [],
          "earnRestrictions": [],
          "expiryRestrictions": []
        },
        "scope": null,
        "isStackable": false,
        "isConsideredForRanking": false,
        "loyaltyEarningType": null,
        "expiryReminder": null,
        "isExclusive": false,
        "isAlwaysApply": false,
        "targetGroupIds": null,
        "targetRuleIds": null,
        "linkedTargetGroupVsTargetRuleIdMap": null
      }
    },
    {
      "id": 1655,
      "name": "R134: Complete the Mental Health Quiz_v15",
      "description": "Optum Engage|Rewardable Activity|Mental Health Quiz",
      "promotionStatus": "LIVE",
      "lastUpdateDate": "2024-12-15T14:25:05-05:00",
      "startRuleIdentifier": "ruleset_a9538d5b-7b8e-4688-b4db-33a0c5f4a99a",
      "lastUpdatedBy": 4,
      "programName": "Williams Companies_UATDefaultProgram",
      "promotionType": "CUSTOMER",
      "programId": 151,
      "startDate": "2024-11-01T00:00-05:00",
      "endDate": "2025-09-30T00:00-05:00",
      "identifier": "a8ae9d60-810c-4f1b-8b22-b5e0fbf425c7",
      "isActive": true,
      "eventName": "TARGETCOMPLETED",
      "pointsOfferType": "GENERIC",
      "promotionRestrictions": {
        "restrictions": {
          "redemptionRestrictions": [
            {
              "name": "MAX_ALLOWED_TIMES_PER_CUSTOMER",
              "value": 1,
              "type": "NON_PERIOD_BASED",
              "periodType": "MOVING_WINDOW",
              "periodUnit": "DAILY"
            },
            {
              "name": "MAX_REDEMPTIONS_PER_EARN_PER_CUSTOMER",
              "value": 100,
              "type": "NON_PERIOD_BASED",
              "periodType": "MOVING_WINDOW",
              "periodUnit": "DAILY"
            }
          ],
          "issualRestrictions": [],
          "earnRestrictions": [],
          "expiryRestrictions": []
        },
        "scope": null,
        "isStackable": false,
        "isConsideredForRanking": false,
        "loyaltyEarningType": null,
        "expiryReminder": null,
        "isExclusive": false,
        "isAlwaysApply": false,
        "targetGroupIds": null,
        "targetRuleIds": null,
        "linkedTargetGroupVsTargetRuleIdMap": null
      }
    },
    {
      "id": 1654,
      "name": "Custom 4: Complete any 3 Rally Missions_v15_2",
      "description": "Optum Engage|Rewardable Activity|Complete 3 Missions",
      "promotionStatus": "LIVE",
      "lastUpdateDate": "2024-12-15T14:25:06-05:00",
      "startRuleIdentifier": "ruleset_9acfd4dd-5221-4f83-934d-f04a3605b4b2",
      "lastUpdatedBy": 4,
      "programName": "Williams Companies_UATDefaultProgram",
      "promotionType": "CUSTOMER",
      "programId": 151,
      "startDate": "2024-11-01T00:00-05:00",
      "endDate": "2025-09-30T00:00-05:00",
      "identifier": "75aaf86b-9d26-4817-8509-6bf908a2af61",
      "isActive": true,
      "eventName": "TARGETCOMPLETED",
      "pointsOfferType": "GENERIC",
      "promotionRestrictions": {
        "restrictions": {
          "redemptionRestrictions": [
            {
              "name": "MAX_ALLOWED_TIMES_PER_CUSTOMER",
              "value": 1,
              "type": "NON_PERIOD_BASED",
              "periodType": "MOVING_WINDOW",
              "periodUnit": "DAILY"
            },
            {
              "name": "MAX_REDEMPTIONS_PER_EARN_PER_CUSTOMER",
              "value": 100,
              "type": "NON_PERIOD_BASED",
              "periodType": "MOVING_WINDOW",
              "periodUnit": "DAILY"
            }
          ],
          "issualRestrictions": [],
          "earnRestrictions": [],
          "expiryRestrictions": []
        },
        "scope": null,
        "isStackable": false,
        "isConsideredForRanking": false,
        "loyaltyEarningType": null,
        "expiryReminder": null,
        "isExclusive": false,
        "isAlwaysApply": false,
        "targetGroupIds": null,
        "targetRuleIds": null,
        "linkedTargetGroupVsTargetRuleIdMap": null
      }
    },
    {
      "id": 1653,
      "name": "Custom 4: Complete any 3 Rally Missions_v15_1",
      "description": "Optum Engage|Rewardable Activity|Complete 3 Missions",
      "promotionStatus": "LIVE",
      "lastUpdateDate": "2024-12-15T14:25:07-05:00",
      "startRuleIdentifier": "ruleset_6b7c938a-b8a0-47bd-bdc7-a6245827759b",
      "lastUpdatedBy": 4,
      "programName": "Williams Companies_UATDefaultProgram",
      "promotionType": "CUSTOMER",
      "programId": 151,
      "startDate": "2024-11-01T00:00-05:00",
      "endDate": "2025-06-30T00:00-05:00",
      "identifier": "01e8b800-0695-4bfc-bef0-67386a727cfd",
      "isActive": true,
      "eventName": "TARGETCOMPLETED",
      "pointsOfferType": "GENERIC",
      "promotionRestrictions": {
        "restrictions": {
          "redemptionRestrictions": [
            {
              "name": "MAX_ALLOWED_TIMES_PER_CUSTOMER",
              "value": 1,
              "type": "NON_PERIOD_BASED",
              "periodType": "MOVING_WINDOW",
              "periodUnit": "DAILY"
            },
            {
              "name": "MAX_REDEMPTIONS_PER_EARN_PER_CUSTOMER",
              "value": 100,
              "type": "NON_PERIOD_BASED",
              "periodType": "MOVING_WINDOW",
              "periodUnit": "DAILY"
            }
          ],
          "issualRestrictions": [],
          "earnRestrictions": [],
          "expiryRestrictions": []
        },
        "scope": null,
        "isStackable": false,
        "isConsideredForRanking": false,
        "loyaltyEarningType": null,
        "expiryReminder": null,
        "isExclusive": false,
        "isAlwaysApply": false,
        "targetGroupIds": null,
        "targetRuleIds": null,
        "linkedTargetGroupVsTargetRuleIdMap": null
      }
    },
    {
      "id": 1652,
      "name": "Custom 4: Complete any 3 Rally Missions_v15",
      "description": "Optum Engage|Rewardable Activity|Complete 3 Missions",
      "promotionStatus": "LIVE",
      "lastUpdateDate": "2024-12-15T14:25:08-05:00",
      "startRuleIdentifier": "ruleset_67c98412-de03-40ab-bb55-db89302d9309",
      "lastUpdatedBy": 4,
      "programName": "Williams Companies_UATDefaultProgram",
      "promotionType": "CUSTOMER",
      "programId": 151,
      "startDate": "2024-11-01T00:00-05:00",
      "endDate": "2025-03-31T00:00-05:00",
      "identifier": "2ba1cb34-2170-4105-aaa7-7fdddbd5a2e7",
      "isActive": true,
      "eventName": "TARGETCOMPLETED",
      "pointsOfferType": "GENERIC",
      "promotionRestrictions": {
        "restrictions": {
          "redemptionRestrictions": [
            {
              "name": "MAX_ALLOWED_TIMES_PER_CUSTOMER",
              "value": 1,
              "type": "NON_PERIOD_BASED",
              "periodType": "MOVING_WINDOW",
              "periodUnit": "DAILY"
            },
            {
              "name": "MAX_REDEMPTIONS_PER_EARN_PER_CUSTOMER",
              "value": 100,
              "type": "NON_PERIOD_BASED",
              "periodType": "MOVING_WINDOW",
              "periodUnit": "DAILY"
            }
          ],
          "issualRestrictions": [],
          "earnRestrictions": [],
          "expiryRestrictions": []
        },
        "scope": null,
        "isStackable": false,
        "isConsideredForRanking": false,
        "loyaltyEarningType": null,
        "expiryReminder": null,
        "isExclusive": false,
        "isAlwaysApply": false,
        "targetGroupIds": null,
        "targetRuleIds": null,
        "linkedTargetGroupVsTargetRuleIdMap": null
      }
    },
    {
      "id": 1651,
      "name": "Custom 5: Challenge Activity_v15_2",
      "description": "Optum Engage|Rewardable Activity|Challenge Activity",
      "promotionStatus": "LIVE",
      "lastUpdateDate": "2024-12-15T14:25:09-05:00",
      "startRuleIdentifier": "ruleset_49410453-dbde-477b-a075-a8ffe97c0f12",
      "lastUpdatedBy": 4,
      "programName": "Williams Companies_UATDefaultProgram",
      "promotionType": "CUSTOMER",
      "programId": 151,
      "startDate": "2024-11-01T00:00-05:00",
      "endDate": "2025-09-30T00:00-05:00",
      "identifier": "7a6ace94-bc47-4688-8520-422bb91fddf2",
      "isActive": true,
      "eventName": "TARGETCOMPLETED",
      "pointsOfferType": "GENERIC",
      "promotionRestrictions": {
        "restrictions": {
          "redemptionRestrictions": [
            {
              "name": "MAX_ALLOWED_TIMES_PER_CUSTOMER",
              "value": 1,
              "type": "NON_PERIOD_BASED",
              "periodType": "MOVING_WINDOW",
              "periodUnit": "DAILY"
            },
            {
              "name": "MAX_REDEMPTIONS_PER_EARN_PER_CUSTOMER",
              "value": 100,
              "type": "NON_PERIOD_BASED",
              "periodType": "MOVING_WINDOW",
              "periodUnit": "DAILY"
            }
          ],
          "issualRestrictions": [],
          "earnRestrictions": [],
          "expiryRestrictions": []
        },
        "scope": null,
        "isStackable": false,
        "isConsideredForRanking": false,
        "loyaltyEarningType": null,
        "expiryReminder": null,
        "isExclusive": false,
        "isAlwaysApply": false,
        "targetGroupIds": null,
        "targetRuleIds": null,
        "linkedTargetGroupVsTargetRuleIdMap": null
      }
    },
    {
      "id": 1650,
      "name": "Custom 5: Challenge Activity_v15_1",
      "description": "Optum Engage|Rewardable Activity|Challenge Activity",
      "promotionStatus": "LIVE",
      "lastUpdateDate": "2024-12-15T14:25:10-05:00",
      "startRuleIdentifier": "ruleset_f19e7270-aff4-4edd-925c-1f6e16d38e3c",
      "lastUpdatedBy": 4,
      "programName": "Williams Companies_UATDefaultProgram",
      "promotionType": "CUSTOMER",
      "programId": 151,
      "startDate": "2024-11-01T00:00-05:00",
      "endDate": "2025-06-30T00:00-05:00",
      "identifier": "aeacf928-7a52-409a-b255-6be0b69625dc",
      "isActive": true,
      "eventName": "TARGETCOMPLETED",
      "pointsOfferType": "GENERIC",
      "promotionRestrictions": {
        "restrictions": {
          "redemptionRestrictions": [
            {
              "name": "MAX_ALLOWED_TIMES_PER_CUSTOMER",
              "value": 1,
              "type": "NON_PERIOD_BASED",
              "periodType": "MOVING_WINDOW",
              "periodUnit": "DAILY"
            },
            {
              "name": "MAX_REDEMPTIONS_PER_EARN_PER_CUSTOMER",
              "value": 100,
              "type": "NON_PERIOD_BASED",
              "periodType": "MOVING_WINDOW",
              "periodUnit": "DAILY"
            }
          ],
          "issualRestrictions": [],
          "earnRestrictions": [],
          "expiryRestrictions": []
        },
        "scope": null,
        "isStackable": false,
        "isConsideredForRanking": false,
        "loyaltyEarningType": null,
        "expiryReminder": null,
        "isExclusive": false,
        "isAlwaysApply": false,
        "targetGroupIds": null,
        "targetRuleIds": null,
        "linkedTargetGroupVsTargetRuleIdMap": null
      }
    },
    {
      "id": 1649,
      "name": "Custom 5: Challenge Activity_v15",
      "description": "Optum Engage|Rewardable Activity|Challenge Activity",
      "promotionStatus": "LIVE",
      "lastUpdateDate": "2024-12-15T14:25:11-05:00",
      "startRuleIdentifier": "ruleset_c39b691b-b769-4856-b676-e897d6cb1bce",
      "lastUpdatedBy": 4,
      "programName": "Williams Companies_UATDefaultProgram",
      "promotionType": "CUSTOMER",
      "programId": 151,
      "startDate": "2024-11-01T00:00-05:00",
      "endDate": "2025-03-31T00:00-05:00",
      "identifier": "11db74f6-c7df-4d16-a791-00c9ab8cedd6",
      "isActive": true,
      "eventName": "TARGETCOMPLETED",
      "pointsOfferType": "GENERIC",
      "promotionRestrictions": {
        "restrictions": {
          "redemptionRestrictions": [
            {
              "name": "MAX_ALLOWED_TIMES_PER_CUSTOMER",
              "value": 1,
              "type": "NON_PERIOD_BASED",
              "periodType": "MOVING_WINDOW",
              "periodUnit": "DAILY"
            },
            {
              "name": "MAX_REDEMPTIONS_PER_EARN_PER_CUSTOMER",
              "value": 100,
              "type": "NON_PERIOD_BASED",
              "periodType": "MOVING_WINDOW",
              "periodUnit": "DAILY"
            }
          ],
          "issualRestrictions": [],
          "earnRestrictions": [],
          "expiryRestrictions": []
        },
        "scope": null,
        "isStackable": false,
        "isConsideredForRanking": false,
        "loyaltyEarningType": null,
        "expiryReminder": null,
        "isExclusive": false,
        "isAlwaysApply": false,
        "targetGroupIds": null,
        "targetRuleIds": null,
        "linkedTargetGroupVsTargetRuleIdMap": null
      }
    },
    {
      "id": 1648,
      "name": "Custom 7: Enroll in Disease Management_v15",
      "description": "Optum Engage|Rewardable Activity|Enroll in a Condition Management Program",
      "promotionStatus": "LIVE",
      "lastUpdateDate": "2024-12-15T14:25:11-05:00",
      "startRuleIdentifier": "ruleset_c92b6e6a-e51c-4826-a8c2-534711f12eae",
      "lastUpdatedBy": 4,
      "programName": "Williams Companies_UATDefaultProgram",
      "promotionType": "CUSTOMER",
      "programId": 151,
      "startDate": "2024-11-01T00:00-05:00",
      "endDate": "2025-09-30T00:00-05:00",
      "identifier": "7bd53fec-4b01-4d24-9db3-8f5304b8815d",
      "isActive": true,
      "eventName": "TARGETCOMPLETED",
      "pointsOfferType": "GENERIC",
      "promotionRestrictions": {
        "restrictions": {
          "redemptionRestrictions": [
            {
              "name": "MAX_ALLOWED_TIMES_PER_CUSTOMER",
              "value": 1,
              "type": "NON_PERIOD_BASED",
              "periodType": "MOVING_WINDOW",
              "periodUnit": "DAILY"
            },
            {
              "name": "MAX_REDEMPTIONS_PER_EARN_PER_CUSTOMER",
              "value": 100,
              "type": "NON_PERIOD_BASED",
              "periodType": "MOVING_WINDOW",
              "periodUnit": "DAILY"
            }
          ],
          "issualRestrictions": [],
          "earnRestrictions": [],
          "expiryRestrictions": []
        },
        "scope": null,
        "isStackable": false,
        "isConsideredForRanking": false,
        "loyaltyEarningType": null,
        "expiryReminder": null,
        "isExclusive": false,
        "isAlwaysApply": false,
        "targetGroupIds": null,
        "targetRuleIds": null,
        "linkedTargetGroupVsTargetRuleIdMap": null
      }
    },
    {
      "id": 1647,
      "name": "Custom 2: Complete Teladoc Weight Management_v15",
      "description": "Optum Engage|Rewardable Activity|{PROGRAM_NAME}",
      "promotionStatus": "LIVE",
      "lastUpdateDate": "2024-12-15T14:25:12-05:00",
      "startRuleIdentifier": "ruleset_d0902dee-90e2-4afc-8867-90bf1d7cf76c",
      "lastUpdatedBy": 4,
      "programName": "Williams Companies_UATDefaultProgram",
      "promotionType": "CUSTOMER",
      "programId": 151,
      "startDate": "2024-11-01T00:00-05:00",
      "endDate": "2025-09-30T00:00-05:00",
      "identifier": "09a6da2c-f642-4449-80e4-358562e7b4ab",
      "isActive": true,
      "eventName": "TARGETCOMPLETED",
      "pointsOfferType": "GENERIC",
      "promotionRestrictions": {
        "restrictions": {
          "redemptionRestrictions": [
            {
              "name": "MAX_ALLOWED_TIMES_PER_CUSTOMER",
              "value": 1,
              "type": "NON_PERIOD_BASED",
              "periodType": "MOVING_WINDOW",
              "periodUnit": "DAILY"
            },
            {
              "name": "MAX_REDEMPTIONS_PER_EARN_PER_CUSTOMER",
              "value": 100,
              "type": "NON_PERIOD_BASED",
              "periodType": "MOVING_WINDOW",
              "periodUnit": "DAILY"
            }
          ],
          "issualRestrictions": [],
          "earnRestrictions": [],
          "expiryRestrictions": []
        },
        "scope": null,
        "isStackable": false,
        "isConsideredForRanking": false,
        "loyaltyEarningType": null,
        "expiryReminder": null,
        "isExclusive": false,
        "isAlwaysApply": false,
        "targetGroupIds": null,
        "targetRuleIds": null,
        "linkedTargetGroupVsTargetRuleIdMap": null
      }
    },
    {
      "id": 1646,
      "name": "S15: Complete Virtual Visit_v15",
      "description": "Optum Engage|Rewardable Activity|Get a 24/7 Virtual Visit",
      "promotionStatus": "LIVE",
      "lastUpdateDate": "2024-12-15T14:25:13-05:00",
      "startRuleIdentifier": "ruleset_8144f051-74eb-4080-b0e8-5d3be10f44ae",
      "lastUpdatedBy": 4,
      "programName": "Williams Companies_UATDefaultProgram",
      "promotionType": "CUSTOMER",
      "programId": 151,
      "startDate": "2024-11-01T00:00-05:00",
      "endDate": "2025-09-30T00:00-05:00",
      "identifier": "1042817d-cbfc-4f9a-95cb-fc127e936142",
      "isActive": true,
      "eventName": "TARGETCOMPLETED",
      "pointsOfferType": "GENERIC",
      "promotionRestrictions": {
        "restrictions": {
          "redemptionRestrictions": [
            {
              "name": "MAX_ALLOWED_TIMES_PER_CUSTOMER",
              "value": 1,
              "type": "NON_PERIOD_BASED",
              "periodType": "MOVING_WINDOW",
              "periodUnit": "DAILY"
            },
            {
              "name": "MAX_REDEMPTIONS_PER_EARN_PER_CUSTOMER",
              "value": 100,
              "type": "NON_PERIOD_BASED",
              "periodType": "MOVING_WINDOW",
              "periodUnit": "DAILY"
            }
          ],
          "issualRestrictions": [],
          "earnRestrictions": [],
          "expiryRestrictions": []
        },
        "scope": null,
        "isStackable": false,
        "isConsideredForRanking": false,
        "loyaltyEarningType": null,
        "expiryReminder": null,
        "isExclusive": false,
        "isAlwaysApply": false,
        "targetGroupIds": null,
        "targetRuleIds": null,
        "linkedTargetGroupVsTargetRuleIdMap": null
      }
    },
    {
      "id": 1645,
      "name": "Custom 1: Flu, Tetanus, Pneumonia, Shingles - Attestation_v15",
      "description": "Optum Engage|Rewardable Activity|{PROGRAM_NAME}",
      "promotionStatus": "INACTIVE",
      "lastUpdateDate": "2024-12-15T14:25:14-05:00",
      "startRuleIdentifier": "ruleset_6e565152-d78e-43be-ad13-67a3db688beb",
      "lastUpdatedBy": 4,
      "programName": "Williams Companies_UATDefaultProgram",
      "promotionType": "CUSTOMER",
      "programId": 151,
      "startDate": "2024-11-01T00:00-05:00",
      "endDate": "2025-09-30T23:59:59-05:00",
      "identifier": "ac7df645-efa0-42fc-8d61-1e4a3c781903",
      "isActive": false,
      "eventName": "TARGETCOMPLETED",
      "pointsOfferType": "GENERIC",
      "promotionRestrictions": {
        "restrictions": {
          "redemptionRestrictions": [
            {
              "name": "MAX_ALLOWED_TIMES_PER_CUSTOMER",
              "value": 1,
              "type": "NON_PERIOD_BASED",
              "periodType": "MOVING_WINDOW",
              "periodUnit": "DAILY"
            },
            {
              "name": "MAX_REDEMPTIONS_PER_EARN_PER_CUSTOMER",
              "value": 100,
              "type": "NON_PERIOD_BASED",
              "periodType": "MOVING_WINDOW",
              "periodUnit": "DAILY"
            }
          ],
          "issualRestrictions": [],
          "earnRestrictions": [],
          "expiryRestrictions": []
        },
        "scope": null,
        "isStackable": false,
        "isConsideredForRanking": false,
        "loyaltyEarningType": null,
        "expiryReminder": null,
        "isExclusive": false,
        "isAlwaysApply": false,
        "targetGroupIds": null,
        "targetRuleIds": null,
        "linkedTargetGroupVsTargetRuleIdMap": null
      }
    },
    {
      "id": 1644,
      "name": "Custom 6: Complete two of the following_v15",
      "description": "Optum Engage|Rewardable Activity|Complete 2 of the Following",
      "promotionStatus": "LIVE",
      "lastUpdateDate": "2024-12-15T14:25:15-05:00",
      "startRuleIdentifier": "ruleset_eb493bd5-9fed-4b65-8e47-ff17d5c2a507",
      "lastUpdatedBy": 4,
      "programName": "Williams Companies_UATDefaultProgram",
      "promotionType": "CUSTOMER",
      "programId": 151,
      "startDate": "2024-11-01T00:00-05:00",
      "endDate": "2025-09-30T00:00-05:00",
      "identifier": "2547c5ea-23af-4247-a341-3c909d13b365",
      "isActive": true,
      "eventName": "TARGETCOMPLETED",
      "pointsOfferType": "GENERIC",
      "promotionRestrictions": {
        "restrictions": {
          "redemptionRestrictions": [
            {
              "name": "MAX_ALLOWED_TIMES_PER_CUSTOMER",
              "value": 1,
              "type": "NON_PERIOD_BASED",
              "periodType": "MOVING_WINDOW",
              "periodUnit": "DAILY"
            },
            {
              "name": "MAX_REDEMPTIONS_PER_EARN_PER_CUSTOMER",
              "value": 100,
              "type": "NON_PERIOD_BASED",
              "periodType": "MOVING_WINDOW",
              "periodUnit": "DAILY"
            }
          ],
          "issualRestrictions": [],
          "earnRestrictions": [],
          "expiryRestrictions": []
        },
        "scope": null,
        "isStackable": false,
        "isConsideredForRanking": false,
        "loyaltyEarningType": null,
        "expiryReminder": null,
        "isExclusive": false,
        "isAlwaysApply": false,
        "targetGroupIds": null,
        "targetRuleIds": null,
        "linkedTargetGroupVsTargetRuleIdMap": null
      }
    },
    {
      "id": 1643,
      "name": "R165: Eye Exam - Attestation_v15",
      "description": "Optum Engage|Self Attestation|Eye Exam",
      "promotionStatus": "LIVE",
      "lastUpdateDate": "2024-12-15T14:25:15-05:00",
      "startRuleIdentifier": "ruleset_701335fb-9b43-4783-b6f3-ac7f99d894d3",
      "lastUpdatedBy": 4,
      "programName": "Williams Companies_UATDefaultProgram",
      "promotionType": "CUSTOMER",
      "programId": 151,
      "startDate": "2024-11-01T00:00-05:00",
      "endDate": "2025-09-30T00:00-05:00",
      "identifier": "74db62c1-3575-4bd0-adba-7d335907c064",
      "isActive": true,
      "eventName": "TARGETCOMPLETED",
      "pointsOfferType": "GENERIC",
      "promotionRestrictions": {
        "restrictions": {
          "redemptionRestrictions": [
            {
              "name": "MAX_ALLOWED_TIMES_PER_CUSTOMER",
              "value": 1,
              "type": "NON_PERIOD_BASED",
              "periodType": "MOVING_WINDOW",
              "periodUnit": "DAILY"
            },
            {
              "name": "MAX_REDEMPTIONS_PER_EARN_PER_CUSTOMER",
              "value": 100,
              "type": "NON_PERIOD_BASED",
              "periodType": "MOVING_WINDOW",
              "periodUnit": "DAILY"
            }
          ],
          "issualRestrictions": [],
          "earnRestrictions": [],
          "expiryRestrictions": []
        },
        "scope": null,
        "isStackable": false,
        "isConsideredForRanking": false,
        "loyaltyEarningType": null,
        "expiryReminder": null,
        "isExclusive": false,
        "isAlwaysApply": false,
        "targetGroupIds": null,
        "targetRuleIds": null,
        "linkedTargetGroupVsTargetRuleIdMap": null
      }
    },
    {
      "id": 1642,
      "name": "R150: Dental Exam - Attestation_v15",
      "description": "Optum Engage|Self Attestation|Dental Visits",
      "promotionStatus": "LIVE",
      "lastUpdateDate": "2024-12-15T14:25:17-05:00",
      "startRuleIdentifier": "ruleset_98d2e992-f6fe-4135-abf5-c147f0d4d142",
      "lastUpdatedBy": 4,
      "programName": "Williams Companies_UATDefaultProgram",
      "promotionType": "CUSTOMER",
      "programId": 151,
      "startDate": "2024-11-01T00:00-05:00",
      "endDate": "2025-09-30T00:00-05:00",
      "identifier": "128b6f41-3d14-4068-9b9e-d0482580918e",
      "isActive": true,
      "eventName": "TARGETCOMPLETED",
      "pointsOfferType": "GENERIC",
      "promotionRestrictions": {
        "restrictions": {
          "redemptionRestrictions": [
            {
              "name": "MAX_ALLOWED_TIMES_PER_CUSTOMER",
              "value": 1,
              "type": "NON_PERIOD_BASED",
              "periodType": "MOVING_WINDOW",
              "periodUnit": "DAILY"
            },
            {
              "name": "MAX_REDEMPTIONS_PER_EARN_PER_CUSTOMER",
              "value": 100,
              "type": "NON_PERIOD_BASED",
              "periodType": "MOVING_WINDOW",
              "periodUnit": "DAILY"
            }
          ],
          "issualRestrictions": [],
          "earnRestrictions": [],
          "expiryRestrictions": []
        },
        "scope": null,
        "isStackable": false,
        "isConsideredForRanking": false,
        "loyaltyEarningType": null,
        "expiryReminder": null,
        "isExclusive": false,
        "isAlwaysApply": false,
        "targetGroupIds": null,
        "targetRuleIds": null,
        "linkedTargetGroupVsTargetRuleIdMap": null
      }
    },
    {
      "id": 1641,
      "name": "F18: Complete any of the following (repeatable)_v15",
      "description": "Optum Engage|Rewardable Activity|Get an Annual Physical or Preventive Screening",
      "promotionStatus": "INACTIVE",
      "lastUpdateDate": "2024-12-15T14:25:17-05:00",
      "startRuleIdentifier": "ruleset_faea30cc-9b85-4359-8595-0210e867476b",
      "lastUpdatedBy": 4,
      "programName": "Williams Companies_UATDefaultProgram",
      "promotionType": "CUSTOMER",
      "programId": 151,
      "startDate": "2024-11-01T00:00-05:00",
      "endDate": "2025-09-30T23:59:59-05:00",
      "identifier": "222dfb41-484b-4251-b336-252ee88cb260",
      "isActive": false,
      "eventName": "TARGETCOMPLETED",
      "pointsOfferType": "GENERIC",
      "promotionRestrictions": {
        "restrictions": {
          "redemptionRestrictions": [
            {
              "name": "MAX_ALLOWED_TIMES_PER_CUSTOMER",
              "value": 1,
              "type": "NON_PERIOD_BASED",
              "periodType": "MOVING_WINDOW",
              "periodUnit": "DAILY"
            },
            {
              "name": "MAX_REDEMPTIONS_PER_EARN_PER_CUSTOMER",
              "value": 100,
              "type": "NON_PERIOD_BASED",
              "periodType": "MOVING_WINDOW",
              "periodUnit": "DAILY"
            }
          ],
          "issualRestrictions": [],
          "earnRestrictions": [],
          "expiryRestrictions": []
        },
        "scope": null,
        "isStackable": false,
        "isConsideredForRanking": false,
        "loyaltyEarningType": null,
        "expiryReminder": null,
        "isExclusive": false,
        "isAlwaysApply": false,
        "targetGroupIds": null,
        "targetRuleIds": null,
        "linkedTargetGroupVsTargetRuleIdMap": null
      }
    },
    {
      "id": 1640,
      "name": "F10: Complete two of the following: Health Assessment and Biometric Screening_v15",
      "description": "Optum Engage|Rewardable Activity|Complete 2 of the Following Required Activities",
      "promotionStatus": "LIVE",
      "lastUpdateDate": "2024-12-15T14:25:18-05:00",
      "startRuleIdentifier": "ruleset_7ef05b13-b782-4cdc-9844-e901b638cb8c",
      "lastUpdatedBy": 4,
      "programName": "Williams Companies_UATDefaultProgram",
      "promotionType": "CUSTOMER",
      "programId": 151,
      "startDate": "2024-11-01T00:00-05:00",
      "endDate": "2025-09-30T00:00-05:00",
      "identifier": "098a777d-310e-45c1-a471-8cea777bf3a8",
      "isActive": true,
      "eventName": "TARGETCOMPLETED",
      "pointsOfferType": "GENERIC",
      "promotionRestrictions": {
        "restrictions": {
          "redemptionRestrictions": [
            {
              "name": "MAX_ALLOWED_TIMES_PER_CUSTOMER",
              "value": 1,
              "type": "NON_PERIOD_BASED",
              "periodType": "MOVING_WINDOW",
              "periodUnit": "DAILY"
            },
            {
              "name": "MAX_REDEMPTIONS_PER_EARN_PER_CUSTOMER",
              "value": 100,
              "type": "NON_PERIOD_BASED",
              "periodType": "MOVING_WINDOW",
              "periodUnit": "DAILY"
            }
          ],
          "issualRestrictions": [],
          "earnRestrictions": [],
          "expiryRestrictions": []
        },
        "scope": null,
        "isStackable": false,
        "isConsideredForRanking": false,
        "loyaltyEarningType": null,
        "expiryReminder": null,
        "isExclusive": false,
        "isAlwaysApply": false,
        "targetGroupIds": null,
        "targetRuleIds": null,
        "linkedTargetGroupVsTargetRuleIdMap": null
      }
    }
  ],
  "pageDetails": {
    "pageNumber": 0,
    "pageSize": 100,
    "totalEntries": 22,
    "pageCount": 1
  }
}