{
  "status": {
    "code": 200,
    "message": "success"
  },
  "validationErrors": null,
  "data": [
    {
      "id": 2594,
      "name": "S4: Complete Your Biometric Screening (Lab Panel)_v45",
      "description": "Optum Engage|Rewardable Activity|Get a biometric screening",
      "promotionStatus": "LIVE",
      "lastUpdateDate": "2024-12-20T13:00:58-05:00",
      "startRuleIdentifier": "ruleset_80b02238-3c9e-49f4-b1bd-aabb3a0eb6c1",
      "lastUpdatedBy": 4,
      "programName": "International Flavors and Fragrances Inc_UATDefaultProgram",
      "promotionType": "CUSTOMER",
      "programId": 140,
      "startDate": "2024-11-01T00:00-05:00",
      "endDate": "2025-10-31T00:00-05:00",
      "identifier": "f2048a61-678c-4b5f-9f21-4b295547f9e1",
      "isActive": true,
      "eventName": "TARGETCOMPLETED",
      "pointsOfferType": "GENERIC",
      "promotionRestrictions": {
        "restrictions": {
          "redemptionRestrictions": [
            {
              "name": "MAX_ALLOWED_TIMES_PER_CUSTOMER",
              "value": 1,
              "type": "NON_PERIOD_BASED",
              "periodType": "MOVING_WINDOW",
              "periodUnit": "DAILY"
            },
            {
              "name": "MAX_REDEMPTIONS_PER_EARN_PER_CUSTOMER",
              "value": 100,
              "type": "NON_PERIOD_BASED",
              "periodType": null,
              "periodUnit": null
            }
          ],
          "issualRestrictions": [],
          "earnRestrictions": [],
          "expiryRestrictions": []
        },
        "scope": null,
        "isStackable": false,
        "isConsideredForRanking": false,
        "loyaltyEarningType": null,
        "expiryReminder": null,
        "isExclusive": false,
        "isAlwaysApply": false,
        "targetGroupIds": null,
        "targetRuleIds": null,
        "linkedTargetGroupVsTargetRuleIdMap": null
      }
    },
    {
      "id": 1823,
      "name": "Custom 2: Preventive Screening Attestation_v25",
      "description": "Optum Engage|Rewardable Activity|{LOOKUP IN IDT EVENTS MASTER}",
      "promotionStatus": "LIVE",
      "lastUpdateDate": "2024-11-27T06:00:55-05:00",
      "startRuleIdentifier": "ruleset_3cc8e0d4-4b69-4944-9806-18b3ec981efd",
      "lastUpdatedBy": 4,
      "programName": "International Flavors and Fragrances Inc_UATDefaultProgram",
      "promotionType": "CUSTOMER",
      "programId": 140,
      "startDate": "2024-11-01T00:00-05:00",
      "endDate": "2025-10-31T00:00-05:00",
      "identifier": "9c7a19b3-e8ad-454e-a38b-d7640f85adea",
      "isActive": true,
      "eventName": "TARGETCOMPLETED",
      "pointsOfferType": "GENERIC",
      "promotionRestrictions": {
        "restrictions": {
          "redemptionRestrictions": [
            {
              "name": "MAX_ALLOWED_TIMES_PER_CUSTOMER",
              "value": 1,
              "type": "NON_PERIOD_BASED",
              "periodType": "MOVING_WINDOW",
              "periodUnit": "DAILY"
            },
            {
              "name": "MAX_REDEMPTIONS_PER_EARN_PER_CUSTOMER",
              "value": 100,
              "type": "NON_PERIOD_BASED",
              "periodType": null,
              "periodUnit": null
            }
          ],
          "issualRestrictions": [],
          "earnRestrictions": [],
          "expiryRestrictions": []
        },
        "scope": null,
        "isStackable": false,
        "isConsideredForRanking": false,
        "loyaltyEarningType": null,
        "expiryReminder": null,
        "isExclusive": false,
        "isAlwaysApply": false,
        "targetGroupIds": null,
        "targetRuleIds": null,
        "linkedTargetGroupVsTargetRuleIdMap": null
      }
    },
    {
      "id": 1822,
      "name": "Custom 1: Biometric Screening_v25",
      "description": "Optum Engage|Self Attestation|Biometrics",
      "promotionStatus": "LIVE",
      "lastUpdateDate": "2024-11-27T06:00:51-05:00",
      "startRuleIdentifier": "ruleset_af07ceac-8462-4aef-8447-cf017a6e23d7",
      "lastUpdatedBy": 4,
      "programName": "International Flavors and Fragrances Inc_UATDefaultProgram",
      "promotionType": "CUSTOMER",
      "programId": 140,
      "startDate": "2024-11-01T00:00-05:00",
      "endDate": "2025-10-31T00:00-05:00",
      "identifier": "98e1c358-ecab-4085-ac51-d3e1a56d2869",
      "isActive": true,
      "eventName": "TARGETCOMPLETED",
      "pointsOfferType": "GENERIC",
      "promotionRestrictions": {
        "restrictions": {
          "redemptionRestrictions": [
            {
              "name": "MAX_ALLOWED_TIMES_PER_CUSTOMER",
              "value": 1,
              "type": "NON_PERIOD_BASED",
              "periodType": "MOVING_WINDOW",
              "periodUnit": "DAILY"
            },
            {
              "name": "MAX_REDEMPTIONS_PER_EARN_PER_CUSTOMER",
              "value": 100,
              "type": "NON_PERIOD_BASED",
              "periodType": null,
              "periodUnit": null
            }
          ],
          "issualRestrictions": [],
          "earnRestrictions": [],
          "expiryRestrictions": []
        },
        "scope": null,
        "isStackable": false,
        "isConsideredForRanking": false,
        "loyaltyEarningType": null,
        "expiryReminder": null,
        "isExclusive": false,
        "isAlwaysApply": false,
        "targetGroupIds": null,
        "targetRuleIds": null,
        "linkedTargetGroupVsTargetRuleIdMap": null
      }
    },
    {
      "id": 1821,
      "name": "R5: Non-Step Challenges (Game Changers & Trophy Tourneys)_v25",
      "description": "Optum Engage|Rewardable Activity|Non-Step Challenge",
      "promotionStatus": "LIVE",
      "lastUpdateDate": "2024-11-27T06:00:48-05:00",
      "startRuleIdentifier": "ruleset_650543e7-de60-4773-ad69-609cecf53d93",
      "lastUpdatedBy": 4,
      "programName": "International Flavors and Fragrances Inc_UATDefaultProgram",
      "promotionType": "CUSTOMER",
      "programId": 140,
      "startDate": "2024-11-01T00:00-05:00",
      "endDate": "2025-10-31T00:00-05:00",
      "identifier": "eba0338a-fe2b-4873-a084-c6dac826bf3f",
      "isActive": true,
      "eventName": "TARGETCOMPLETED",
      "pointsOfferType": "GENERIC",
      "promotionRestrictions": {
        "restrictions": {
          "redemptionRestrictions": [
            {
              "name": "MAX_ALLOWED_TIMES_PER_CUSTOMER",
              "value": 10,
              "type": "NON_PERIOD_BASED",
              "periodType": "MOVING_WINDOW",
              "periodUnit": "DAILY"
            },
            {
              "name": "MAX_REDEMPTIONS_PER_EARN_PER_CUSTOMER",
              "value": 100,
              "type": "NON_PERIOD_BASED",
              "periodType": null,
              "periodUnit": null
            }
          ],
          "issualRestrictions": [],
          "earnRestrictions": [],
          "expiryRestrictions": []
        },
        "scope": null,
        "isStackable": false,
        "isConsideredForRanking": false,
        "loyaltyEarningType": null,
        "expiryReminder": null,
        "isExclusive": false,
        "isAlwaysApply": false,
        "targetGroupIds": null,
        "targetRuleIds": null,
        "linkedTargetGroupVsTargetRuleIdMap": null
      }
    },
    {
      "id": 1820,
      "name": "R3: Complete a public or private challenge_v25",
      "description": "Optum Engage|Rewardable Activity|Public or Private City Walk Challenge",
      "promotionStatus": "LIVE",
      "lastUpdateDate": "2024-11-27T06:00:36-05:00",
      "startRuleIdentifier": "ruleset_7521507d-a83a-4c72-a714-417c293374b4",
      "lastUpdatedBy": 4,
      "programName": "International Flavors and Fragrances Inc_UATDefaultProgram",
      "promotionType": "CUSTOMER",
      "programId": 140,
      "startDate": "2024-11-01T00:00-05:00",
      "endDate": "2025-10-31T00:00-05:00",
      "identifier": "32a87a72-c9e4-4c11-9611-10d6cc3d688a",
      "isActive": true,
      "eventName": "TARGETCOMPLETED",
      "pointsOfferType": "GENERIC",
      "promotionRestrictions": {
        "restrictions": {
          "redemptionRestrictions": [
            {
              "name": "MAX_ALLOWED_TIMES_PER_CUSTOMER",
              "value": 10,
              "type": "NON_PERIOD_BASED",
              "periodType": "MOVING_WINDOW",
              "periodUnit": "DAILY"
            },
            {
              "name": "MAX_REDEMPTIONS_PER_EARN_PER_CUSTOMER",
              "value": 100,
              "type": "NON_PERIOD_BASED",
              "periodType": null,
              "periodUnit": null
            }
          ],
          "issualRestrictions": [],
          "earnRestrictions": [],
          "expiryRestrictions": []
        },
        "scope": null,
        "isStackable": false,
        "isConsideredForRanking": false,
        "loyaltyEarningType": null,
        "expiryReminder": null,
        "isExclusive": false,
        "isAlwaysApply": false,
        "targetGroupIds": null,
        "targetRuleIds": null,
        "linkedTargetGroupVsTargetRuleIdMap": null
      }
    },
    {
      "id": 1819,
      "name": "R8: Complete any 3 Rally Missions_v25",
      "description": "Optum Engage|Rewardable Activity|Complete 3 Missions",
      "promotionStatus": "LIVE",
      "lastUpdateDate": "2024-11-27T06:00:23-05:00",
      "startRuleIdentifier": "ruleset_82812102-bfcc-4b7e-bdf2-f82bad39954d",
      "lastUpdatedBy": 4,
      "programName": "International Flavors and Fragrances Inc_UATDefaultProgram",
      "promotionType": "CUSTOMER",
      "programId": 140,
      "startDate": "2024-11-01T00:00-05:00",
      "endDate": "2025-10-31T00:00-05:00",
      "identifier": "f582e9c7-1733-479c-b850-bef6ed3e1007",
      "isActive": true,
      "eventName": "TARGETCOMPLETED",
      "pointsOfferType": "GENERIC",
      "promotionRestrictions": {
        "restrictions": {
          "redemptionRestrictions": [
            {
              "name": "MAX_ALLOWED_TIMES_PER_CUSTOMER",
              "value": 1,
              "type": "NON_PERIOD_BASED",
              "periodType": "MOVING_WINDOW",
              "periodUnit": "DAILY"
            },
            {
              "name": "MAX_REDEMPTIONS_PER_EARN_PER_CUSTOMER",
              "value": 100,
              "type": "NON_PERIOD_BASED",
              "periodType": null,
              "periodUnit": null
            }
          ],
          "issualRestrictions": [],
          "earnRestrictions": [],
          "expiryRestrictions": []
        },
        "scope": null,
        "isStackable": false,
        "isConsideredForRanking": false,
        "loyaltyEarningType": null,
        "expiryReminder": null,
        "isExclusive": false,
        "isAlwaysApply": false,
        "targetGroupIds": null,
        "targetRuleIds": null,
        "linkedTargetGroupVsTargetRuleIdMap": null
      }
    },
    {
      "id": 1818,
      "name": "C12: Complete Real Appeal_v25",
      "description": "Optum Engage|Rewardable Activity|Real Appeal",
      "promotionStatus": "LIVE",
      "lastUpdateDate": "2024-11-27T06:00:20-05:00",
      "startRuleIdentifier": "ruleset_d3574dac-6f30-4f3a-bbd2-32e99dd9a73b",
      "lastUpdatedBy": 4,
      "programName": "International Flavors and Fragrances Inc_UATDefaultProgram",
      "promotionType": "CUSTOMER",
      "programId": 140,
      "startDate": "2024-11-01T00:00-05:00",
      "endDate": "2025-10-31T00:00-05:00",
      "identifier": "634587fe-a0b8-471c-a24d-e9fef343f9a5",
      "isActive": true,
      "eventName": "TARGETCOMPLETED",
      "pointsOfferType": "GENERIC",
      "promotionRestrictions": {
        "restrictions": {
          "redemptionRestrictions": [
            {
              "name": "MAX_ALLOWED_TIMES_PER_CUSTOMER",
              "value": 1,
              "type": "NON_PERIOD_BASED",
              "periodType": "MOVING_WINDOW",
              "periodUnit": "DAILY"
            },
            {
              "name": "MAX_REDEMPTIONS_PER_EARN_PER_CUSTOMER",
              "value": 100,
              "type": "NON_PERIOD_BASED",
              "periodType": null,
              "periodUnit": null
            }
          ],
          "issualRestrictions": [],
          "earnRestrictions": [],
          "expiryRestrictions": []
        },
        "scope": null,
        "isStackable": false,
        "isConsideredForRanking": false,
        "loyaltyEarningType": null,
        "expiryReminder": null,
        "isExclusive": false,
        "isAlwaysApply": false,
        "targetGroupIds": null,
        "targetRuleIds": null,
        "linkedTargetGroupVsTargetRuleIdMap": null
      }
    },
    {
      "id": 1817,
      "name": "F18: Complete Any Preventive Screening_v25",
      "description": "Optum Engage|Rewardable Activity|Get an Annual Physical or Preventive Screening",
      "promotionStatus": "LIVE",
      "lastUpdateDate": "2024-11-27T06:00:17-05:00",
      "startRuleIdentifier": "ruleset_fe67c71f-e99f-4bb7-bf04-3e8d73f71c09",
      "lastUpdatedBy": 4,
      "programName": "International Flavors and Fragrances Inc_UATDefaultProgram",
      "promotionType": "CUSTOMER",
      "programId": 140,
      "startDate": "2024-11-01T00:00-05:00",
      "endDate": "2025-10-31T00:00-05:00",
      "identifier": "d2dca71e-b5eb-480c-a402-7811fbbc9707",
      "isActive": true,
      "eventName": "TARGETCOMPLETED",
      "pointsOfferType": "GENERIC",
      "promotionRestrictions": {
        "restrictions": {
          "redemptionRestrictions": [
            {
              "name": "MAX_ALLOWED_TIMES_PER_CUSTOMER",
              "value": 1,
              "type": "NON_PERIOD_BASED",
              "periodType": "MOVING_WINDOW",
              "periodUnit": "DAILY"
            },
            {
              "name": "MAX_REDEMPTIONS_PER_EARN_PER_CUSTOMER",
              "value": 100,
              "type": "NON_PERIOD_BASED",
              "periodType": null,
              "periodUnit": null
            }
          ],
          "issualRestrictions": [],
          "earnRestrictions": [],
          "expiryRestrictions": []
        },
        "scope": null,
        "isStackable": false,
        "isConsideredForRanking": false,
        "loyaltyEarningType": null,
        "expiryReminder": null,
        "isExclusive": false,
        "isAlwaysApply": false,
        "targetGroupIds": null,
        "targetRuleIds": null,
        "linkedTargetGroupVsTargetRuleIdMap": null
      }
    },
    {
      "id": 1816,
      "name": "S4: Complete Your Biometric Screening (Lab Panel)_v25",
      "description": "Optum Engage|Rewardable Activity|Get a biometric screening",
      "promotionStatus": "INACTIVE",
      "lastUpdateDate": "2024-12-23T11:42:18-05:00",
      "startRuleIdentifier": "ruleset_f531b0f2-14f9-4e7e-9104-ed0d5cae773a",
      "lastUpdatedBy": 400170573,
      "programName": "International Flavors and Fragrances Inc_UATDefaultProgram",
      "promotionType": "CUSTOMER",
      "programId": 140,
      "startDate": "2024-11-01T00:00-05:00",
      "endDate": "2025-10-31T23:59:59-05:00",
      "identifier": "57143690-fcd3-4186-b485-6bbbf7cd5c66",
      "isActive": false,
      "eventName": "TARGETCOMPLETED",
      "pointsOfferType": "GENERIC",
      "promotionRestrictions": {
        "restrictions": {
          "redemptionRestrictions": [
            {
              "name": "MAX_ALLOWED_TIMES_PER_CUSTOMER",
              "value": 1,
              "type": "NON_PERIOD_BASED",
              "periodType": "MOVING_WINDOW",
              "periodUnit": "DAILY"
            },
            {
              "name": "MAX_REDEMPTIONS_PER_EARN_PER_CUSTOMER",
              "value": 100,
              "type": "NON_PERIOD_BASED",
              "periodType": null,
              "periodUnit": null
            }
          ],
          "issualRestrictions": [],
          "earnRestrictions": [],
          "expiryRestrictions": []
        },
        "scope": null,
        "isStackable": false,
        "isConsideredForRanking": false,
        "loyaltyEarningType": null,
        "expiryReminder": null,
        "isExclusive": false,
        "isAlwaysApply": false,
        "targetGroupIds": null,
        "targetRuleIds": null,
        "linkedTargetGroupVsTargetRuleIdMap": null
      }
    },
    {
      "id": 1815,
      "name": "R9: Complete Health Survey_v25",
      "description": "Optum Engage|Rewardable Activity|Complete Rally Health Survey",
      "promotionStatus": "LIVE",
      "lastUpdateDate": "2024-11-27T06:00:08-05:00",
      "startRuleIdentifier": "ruleset_ffd93792-1488-4720-96a9-4a3d2259c73a",
      "lastUpdatedBy": 4,
      "programName": "International Flavors and Fragrances Inc_UATDefaultProgram",
      "promotionType": "CUSTOMER",
      "programId": 140,
      "startDate": "2024-11-01T00:00-05:00",
      "endDate": "2025-10-31T00:00-05:00",
      "identifier": "68eec825-1ea6-4905-96fc-8ab526caacfb",
      "isActive": true,
      "eventName": "TARGETCOMPLETED",
      "pointsOfferType": "GENERIC",
      "promotionRestrictions": {
        "restrictions": {
          "redemptionRestrictions": [
            {
              "name": "MAX_ALLOWED_TIMES_PER_CUSTOMER",
              "value": 1,
              "type": "NON_PERIOD_BASED",
              "periodType": "MOVING_WINDOW",
              "periodUnit": "DAILY"
            },
            {
              "name": "MAX_REDEMPTIONS_PER_EARN_PER_CUSTOMER",
              "value": 100,
              "type": "NON_PERIOD_BASED",
              "periodType": null,
              "periodUnit": null
            }
          ],
          "issualRestrictions": [],
          "earnRestrictions": [],
          "expiryRestrictions": []
        },
        "scope": null,
        "isStackable": false,
        "isConsideredForRanking": false,
        "loyaltyEarningType": null,
        "expiryReminder": null,
        "isExclusive": false,
        "isAlwaysApply": false,
        "targetGroupIds": null,
        "targetRuleIds": null,
        "linkedTargetGroupVsTargetRuleIdMap": null
      }
    }
  ],
  "pageDetails": {
    "pageNumber": 0,
    "pageSize": 100,
    "totalEntries": 10,
    "pageCount": 1
  }
}