{
  "status": {
    "code": 200,
    "message": "success"
  },
  "validationErrors": null,
  "data": [
    {
      "id": 2279,
      "name": "R4: Challenge Activity_v31_3",
      "description": "Optum Engage|Rewardable Activity|Challenge Activity",
      "promotionStatus": "LIVE",
      "lastUpdateDate": "2024-12-04T05:43:30-05:00",
      "startRuleIdentifier": "ruleset_2d79c3c1-e87b-476e-a288-02ddf9a7fa86",
      "lastUpdatedBy": 4,
      "programName": "Lumen Technologies Inc._UATDefaultProgram",
      "promotionType": "CUSTOMER",
      "programId": 142,
      "startDate": "2024-11-01T00:00-05:00",
      "endDate": "2025-12-31T00:00-05:00",
      "identifier": "6a4502b1-19a5-4ebd-ae8d-9df82a6e3217",
      "isActive": true,
      "eventName": "TARGETCOMPLETED",
      "pointsOfferType": "GENERIC",
      "promotionRestrictions": {
        "restrictions": {
          "redemptionRestrictions": [
            {
              "name": "MAX_ALLOWED_TIMES_PER_CUSTOMER",
              "value": 1,
              "type": "NON_PERIOD_BASED",
              "periodType": "MOVING_WINDOW",
              "periodUnit": "DAILY"
            },
            {
              "name": "MAX_REDEMPTIONS_PER_EARN_PER_CUSTOMER",
              "value": 100,
              "type": "NON_PERIOD_BASED",
              "periodType": null,
              "periodUnit": null
            }
          ],
          "issualRestrictions": [],
          "earnRestrictions": [],
          "expiryRestrictions": []
        },
        "scope": null,
        "isStackable": false,
        "isConsideredForRanking": false,
        "loyaltyEarningType": null,
        "expiryReminder": null,
        "isExclusive": false,
        "isAlwaysApply": false,
        "targetGroupIds": null,
        "targetRuleIds": null,
        "linkedTargetGroupVsTargetRuleIdMap": null
      }
    },
    {
      "id": 2278,
      "name": "R4: Challenge Activity_v31_2",
      "description": "Optum Engage|Rewardable Activity|Challenge Activity",
      "promotionStatus": "LIVE",
      "lastUpdateDate": "2024-12-04T05:43:25-05:00",
      "startRuleIdentifier": "ruleset_9f21af44-cb66-42eb-9e2b-a7db4995ff6d",
      "lastUpdatedBy": 4,
      "programName": "Lumen Technologies Inc._UATDefaultProgram",
      "promotionType": "CUSTOMER",
      "programId": 142,
      "startDate": "2024-11-01T00:00-05:00",
      "endDate": "2025-09-30T00:00-05:00",
      "identifier": "b6540f20-fb74-4455-bc83-ce8a4042f230",
      "isActive": true,
      "eventName": "TARGETCOMPLETED",
      "pointsOfferType": "GENERIC",
      "promotionRestrictions": {
        "restrictions": {
          "redemptionRestrictions": [
            {
              "name": "MAX_ALLOWED_TIMES_PER_CUSTOMER",
              "value": 1,
              "type": "NON_PERIOD_BASED",
              "periodType": "MOVING_WINDOW",
              "periodUnit": "DAILY"
            },
            {
              "name": "MAX_REDEMPTIONS_PER_EARN_PER_CUSTOMER",
              "value": 100,
              "type": "NON_PERIOD_BASED",
              "periodType": null,
              "periodUnit": null
            }
          ],
          "issualRestrictions": [],
          "earnRestrictions": [],
          "expiryRestrictions": []
        },
        "scope": null,
        "isStackable": false,
        "isConsideredForRanking": false,
        "loyaltyEarningType": null,
        "expiryReminder": null,
        "isExclusive": false,
        "isAlwaysApply": false,
        "targetGroupIds": null,
        "targetRuleIds": null,
        "linkedTargetGroupVsTargetRuleIdMap": null
      }
    },
    {
      "id": 2277,
      "name": "R4: Challenge Activity_v31_1",
      "description": "Optum Engage|Rewardable Activity|Challenge Activity",
      "promotionStatus": "LIVE",
      "lastUpdateDate": "2024-12-04T05:43:20-05:00",
      "startRuleIdentifier": "ruleset_08bd7ad4-7dbd-40b7-9a4d-18fbf5c5119e",
      "lastUpdatedBy": 4,
      "programName": "Lumen Technologies Inc._UATDefaultProgram",
      "promotionType": "CUSTOMER",
      "programId": 142,
      "startDate": "2024-11-01T00:00-05:00",
      "endDate": "2025-06-30T00:00-05:00",
      "identifier": "d8b73d25-632a-446c-a2ee-b47c04ea9941",
      "isActive": true,
      "eventName": "TARGETCOMPLETED",
      "pointsOfferType": "GENERIC",
      "promotionRestrictions": {
        "restrictions": {
          "redemptionRestrictions": [
            {
              "name": "MAX_ALLOWED_TIMES_PER_CUSTOMER",
              "value": 1,
              "type": "NON_PERIOD_BASED",
              "periodType": "MOVING_WINDOW",
              "periodUnit": "DAILY"
            },
            {
              "name": "MAX_REDEMPTIONS_PER_EARN_PER_CUSTOMER",
              "value": 100,
              "type": "NON_PERIOD_BASED",
              "periodType": null,
              "periodUnit": null
            }
          ],
          "issualRestrictions": [],
          "earnRestrictions": [],
          "expiryRestrictions": []
        },
        "scope": null,
        "isStackable": false,
        "isConsideredForRanking": false,
        "loyaltyEarningType": null,
        "expiryReminder": null,
        "isExclusive": false,
        "isAlwaysApply": false,
        "targetGroupIds": null,
        "targetRuleIds": null,
        "linkedTargetGroupVsTargetRuleIdMap": null
      }
    },
    {
      "id": 2276,
      "name": "R4: Challenge Activity_v31",
      "description": "Optum Engage|Rewardable Activity|Challenge Activity",
      "promotionStatus": "LIVE",
      "lastUpdateDate": "2024-12-04T05:43:16-05:00",
      "startRuleIdentifier": "ruleset_6c704666-c414-4a14-a335-5c180a913a58",
      "lastUpdatedBy": 4,
      "programName": "Lumen Technologies Inc._UATDefaultProgram",
      "promotionType": "CUSTOMER",
      "programId": 142,
      "startDate": "2024-11-01T00:00-05:00",
      "endDate": "2025-03-31T00:00-05:00",
      "identifier": "2c990cd9-c375-45da-9878-3fd1a4835544",
      "isActive": true,
      "eventName": "TARGETCOMPLETED",
      "pointsOfferType": "GENERIC",
      "promotionRestrictions": {
        "restrictions": {
          "redemptionRestrictions": [
            {
              "name": "MAX_ALLOWED_TIMES_PER_CUSTOMER",
              "value": 1,
              "type": "NON_PERIOD_BASED",
              "periodType": "MOVING_WINDOW",
              "periodUnit": "DAILY"
            },
            {
              "name": "MAX_REDEMPTIONS_PER_EARN_PER_CUSTOMER",
              "value": 100,
              "type": "NON_PERIOD_BASED",
              "periodType": null,
              "periodUnit": null
            }
          ],
          "issualRestrictions": [],
          "earnRestrictions": [],
          "expiryRestrictions": []
        },
        "scope": null,
        "isStackable": false,
        "isConsideredForRanking": false,
        "loyaltyEarningType": null,
        "expiryReminder": null,
        "isExclusive": false,
        "isAlwaysApply": false,
        "targetGroupIds": null,
        "targetRuleIds": null,
        "linkedTargetGroupVsTargetRuleIdMap": null
      }
    },
    {
      "id": 2275,
      "name": "R8: Complete any 3 Rally Missions_v31_3",
      "description": "Optum Engage|Rewardable Activity|Complete 3 Missions",
      "promotionStatus": "LIVE",
      "lastUpdateDate": "2024-12-04T05:43:11-05:00",
      "startRuleIdentifier": "ruleset_f19a2429-bb69-4f14-8f93-a67dfe4281eb",
      "lastUpdatedBy": 4,
      "programName": "Lumen Technologies Inc._UATDefaultProgram",
      "promotionType": "CUSTOMER",
      "programId": 142,
      "startDate": "2024-11-01T00:00-05:00",
      "endDate": "2025-12-31T00:00-05:00",
      "identifier": "e6fa2984-bf25-4a40-8eb8-b0abd6e84e7a",
      "isActive": true,
      "eventName": "TARGETCOMPLETED",
      "pointsOfferType": "GENERIC",
      "promotionRestrictions": {
        "restrictions": {
          "redemptionRestrictions": [
            {
              "name": "MAX_ALLOWED_TIMES_PER_CUSTOMER",
              "value": 1,
              "type": "NON_PERIOD_BASED",
              "periodType": "MOVING_WINDOW",
              "periodUnit": "DAILY"
            },
            {
              "name": "MAX_REDEMPTIONS_PER_EARN_PER_CUSTOMER",
              "value": 100,
              "type": "NON_PERIOD_BASED",
              "periodType": null,
              "periodUnit": null
            }
          ],
          "issualRestrictions": [],
          "earnRestrictions": [],
          "expiryRestrictions": []
        },
        "scope": null,
        "isStackable": false,
        "isConsideredForRanking": false,
        "loyaltyEarningType": null,
        "expiryReminder": null,
        "isExclusive": false,
        "isAlwaysApply": false,
        "targetGroupIds": null,
        "targetRuleIds": null,
        "linkedTargetGroupVsTargetRuleIdMap": null
      }
    },
    {
      "id": 2274,
      "name": "R8: Complete any 3 Rally Missions_v31_2",
      "description": "Optum Engage|Rewardable Activity|Complete 3 Missions",
      "promotionStatus": "LIVE",
      "lastUpdateDate": "2024-12-04T05:43:06-05:00",
      "startRuleIdentifier": "ruleset_1c06ca2c-e94c-4023-b25a-17a0ed03b80d",
      "lastUpdatedBy": 4,
      "programName": "Lumen Technologies Inc._UATDefaultProgram",
      "promotionType": "CUSTOMER",
      "programId": 142,
      "startDate": "2024-11-01T00:00-05:00",
      "endDate": "2025-09-30T00:00-05:00",
      "identifier": "5c9007b6-d9b0-4dff-90ce-d7dfe5e7917a",
      "isActive": true,
      "eventName": "TARGETCOMPLETED",
      "pointsOfferType": "GENERIC",
      "promotionRestrictions": {
        "restrictions": {
          "redemptionRestrictions": [
            {
              "name": "MAX_ALLOWED_TIMES_PER_CUSTOMER",
              "value": 1,
              "type": "NON_PERIOD_BASED",
              "periodType": "MOVING_WINDOW",
              "periodUnit": "DAILY"
            },
            {
              "name": "MAX_REDEMPTIONS_PER_EARN_PER_CUSTOMER",
              "value": 100,
              "type": "NON_PERIOD_BASED",
              "periodType": null,
              "periodUnit": null
            }
          ],
          "issualRestrictions": [],
          "earnRestrictions": [],
          "expiryRestrictions": []
        },
        "scope": null,
        "isStackable": false,
        "isConsideredForRanking": false,
        "loyaltyEarningType": null,
        "expiryReminder": null,
        "isExclusive": false,
        "isAlwaysApply": false,
        "targetGroupIds": null,
        "targetRuleIds": null,
        "linkedTargetGroupVsTargetRuleIdMap": null
      }
    },
    {
      "id": 2273,
      "name": "R8: Complete any 3 Rally Missions_v31_1",
      "description": "Optum Engage|Rewardable Activity|Complete 3 Missions",
      "promotionStatus": "LIVE",
      "lastUpdateDate": "2024-12-04T05:43:02-05:00",
      "startRuleIdentifier": "ruleset_b0239c1f-61c3-43ca-b987-d106e9f9a890",
      "lastUpdatedBy": 4,
      "programName": "Lumen Technologies Inc._UATDefaultProgram",
      "promotionType": "CUSTOMER",
      "programId": 142,
      "startDate": "2024-11-01T00:00-05:00",
      "endDate": "2025-06-30T00:00-05:00",
      "identifier": "2535ecf3-e283-465c-8d26-871f12b11553",
      "isActive": true,
      "eventName": "TARGETCOMPLETED",
      "pointsOfferType": "GENERIC",
      "promotionRestrictions": {
        "restrictions": {
          "redemptionRestrictions": [
            {
              "name": "MAX_ALLOWED_TIMES_PER_CUSTOMER",
              "value": 1,
              "type": "NON_PERIOD_BASED",
              "periodType": "MOVING_WINDOW",
              "periodUnit": "DAILY"
            },
            {
              "name": "MAX_REDEMPTIONS_PER_EARN_PER_CUSTOMER",
              "value": 100,
              "type": "NON_PERIOD_BASED",
              "periodType": null,
              "periodUnit": null
            }
          ],
          "issualRestrictions": [],
          "earnRestrictions": [],
          "expiryRestrictions": []
        },
        "scope": null,
        "isStackable": false,
        "isConsideredForRanking": false,
        "loyaltyEarningType": null,
        "expiryReminder": null,
        "isExclusive": false,
        "isAlwaysApply": false,
        "targetGroupIds": null,
        "targetRuleIds": null,
        "linkedTargetGroupVsTargetRuleIdMap": null
      }
    },
    {
      "id": 2272,
      "name": "R8: Complete any 3 Rally Missions_v31",
      "description": "Optum Engage|Rewardable Activity|Complete 3 Missions",
      "promotionStatus": "LIVE",
      "lastUpdateDate": "2024-12-04T05:42:57-05:00",
      "startRuleIdentifier": "ruleset_8e6b287f-6bca-4642-beb1-015d9ab5aa4b",
      "lastUpdatedBy": 4,
      "programName": "Lumen Technologies Inc._UATDefaultProgram",
      "promotionType": "CUSTOMER",
      "programId": 142,
      "startDate": "2024-11-01T00:00-05:00",
      "endDate": "2025-03-31T00:00-05:00",
      "identifier": "def2f82a-5d41-4db4-87ca-14224e61876a",
      "isActive": true,
      "eventName": "TARGETCOMPLETED",
      "pointsOfferType": "GENERIC",
      "promotionRestrictions": {
        "restrictions": {
          "redemptionRestrictions": [
            {
              "name": "MAX_ALLOWED_TIMES_PER_CUSTOMER",
              "value": 1,
              "type": "NON_PERIOD_BASED",
              "periodType": "MOVING_WINDOW",
              "periodUnit": "DAILY"
            },
            {
              "name": "MAX_REDEMPTIONS_PER_EARN_PER_CUSTOMER",
              "value": 100,
              "type": "NON_PERIOD_BASED",
              "periodType": null,
              "periodUnit": null
            }
          ],
          "issualRestrictions": [],
          "earnRestrictions": [],
          "expiryRestrictions": []
        },
        "scope": null,
        "isStackable": false,
        "isConsideredForRanking": false,
        "loyaltyEarningType": null,
        "expiryReminder": null,
        "isExclusive": false,
        "isAlwaysApply": false,
        "targetGroupIds": null,
        "targetRuleIds": null,
        "linkedTargetGroupVsTargetRuleIdMap": null
      }
    },
    {
      "id": 2271,
      "name": "R156: Rally Stride_v31",
      "description": "Optum Engage|Rewardable Activity|Stride",
      "promotionStatus": "LIVE",
      "lastUpdateDate": "2024-12-04T05:42:52-05:00",
      "startRuleIdentifier": "ruleset_effc695e-b10d-457a-9d5e-ea2f8040e4ed",
      "lastUpdatedBy": 4,
      "programName": "Lumen Technologies Inc._UATDefaultProgram",
      "promotionType": "CUSTOMER",
      "programId": 142,
      "startDate": "2024-11-01T00:00-05:00",
      "endDate": "2025-12-31T00:00-05:00",
      "identifier": "3d93f474-ab40-49c7-855c-bdf05aca5c38",
      "isActive": true,
      "eventName": "TARGETCOMPLETED",
      "pointsOfferType": "LOYALTY",
      "promotionRestrictions": {
        "restrictions": {
          "redemptionRestrictions": [
            {
              "name": "MAX_REDEMPTIONS_PER_EARN_PER_CUSTOMER",
              "value": 1,
              "type": "NON_PERIOD_BASED",
              "periodType": "MOVING_WINDOW",
              "periodUnit": "DAILY"
            }
          ],
          "issualRestrictions": [
            {
              "name": "MAX_NUMBER_OF_ISSUALS_PER_CUSTOMER",
              "value": 100
            }
          ],
          "earnRestrictions": [
            {
              "name": "MAX_NUMBER_OF_EARNS_PER_CUSTOMER",
              "value": 100
            },
            {
              "name": "MAX_POINTS_PER_EARN_PER_CUSTOMER",
              "value": -1
            }
          ],
          "expiryRestrictions": [
            {
              "name": "EARN_PROMOTION_EXPIRY_BASED_ON",
              "value": 0,
              "type": "PROMOTION"
            }
          ]
        },
        "scope": null,
        "isStackable": false,
        "isConsideredForRanking": false,
        "loyaltyEarningType": null,
        "expiryReminder": null,
        "isExclusive": false,
        "isAlwaysApply": true,
        "targetGroupIds": null,
        "targetRuleIds": null,
        "linkedTargetGroupVsTargetRuleIdMap": null
      }
    },
    {
      "id": 2270,
      "name": "C9: Wellness Coaching_v31",
      "description": "Optum Engage|Rewardable Activity|Complete a Wellness Coaching Program",
      "promotionStatus": "LIVE",
      "lastUpdateDate": "2024-12-04T05:42:47-05:00",
      "startRuleIdentifier": "ruleset_8dbce695-63b2-4750-96ac-c5594bf1eee2",
      "lastUpdatedBy": 4,
      "programName": "Lumen Technologies Inc._UATDefaultProgram",
      "promotionType": "CUSTOMER",
      "programId": 142,
      "startDate": "2024-11-01T00:00-05:00",
      "endDate": "2025-12-31T00:00-05:00",
      "identifier": "cbb5e650-6742-4c1f-84ab-455c868a50bb",
      "isActive": true,
      "eventName": "TARGETCOMPLETED",
      "pointsOfferType": "GENERIC",
      "promotionRestrictions": {
        "restrictions": {
          "redemptionRestrictions": [
            {
              "name": "MAX_ALLOWED_TIMES_PER_CUSTOMER",
              "value": 4,
              "type": "NON_PERIOD_BASED",
              "periodType": "MOVING_WINDOW",
              "periodUnit": "DAILY"
            },
            {
              "name": "MAX_REDEMPTIONS_PER_EARN_PER_CUSTOMER",
              "value": 100,
              "type": "NON_PERIOD_BASED",
              "periodType": null,
              "periodUnit": null
            }
          ],
          "issualRestrictions": [],
          "earnRestrictions": [],
          "expiryRestrictions": []
        },
        "scope": null,
        "isStackable": false,
        "isConsideredForRanking": false,
        "loyaltyEarningType": null,
        "expiryReminder": null,
        "isExclusive": false,
        "isAlwaysApply": false,
        "targetGroupIds": null,
        "targetRuleIds": null,
        "linkedTargetGroupVsTargetRuleIdMap": null
      }
    },
    {
      "id": 2269,
      "name": "C3: Wellness Coaching (online, self-led)_v31",
      "description": "Optum Engage|Rewardable Activity|Complete an Online Wellness Coaching Program",
      "promotionStatus": "LIVE",
      "lastUpdateDate": "2024-12-04T05:42:41-05:00",
      "startRuleIdentifier": "ruleset_d31d5cbe-3599-47ad-b872-6e126f8da2f4",
      "lastUpdatedBy": 4,
      "programName": "Lumen Technologies Inc._UATDefaultProgram",
      "promotionType": "CUSTOMER",
      "programId": 142,
      "startDate": "2024-11-01T00:00-05:00",
      "endDate": "2025-12-31T00:00-05:00",
      "identifier": "95651b4d-ab8f-4c2d-ad5b-d966c0a36831",
      "isActive": true,
      "eventName": "TARGETCOMPLETED",
      "pointsOfferType": "GENERIC",
      "promotionRestrictions": {
        "restrictions": {
          "redemptionRestrictions": [
            {
              "name": "MAX_ALLOWED_TIMES_PER_CUSTOMER",
              "value": 4,
              "type": "NON_PERIOD_BASED",
              "periodType": "MOVING_WINDOW",
              "periodUnit": "DAILY"
            },
            {
              "name": "MAX_REDEMPTIONS_PER_EARN_PER_CUSTOMER",
              "value": 100,
              "type": "NON_PERIOD_BASED",
              "periodType": null,
              "periodUnit": null
            }
          ],
          "issualRestrictions": [],
          "earnRestrictions": [],
          "expiryRestrictions": []
        },
        "scope": null,
        "isStackable": false,
        "isConsideredForRanking": false,
        "loyaltyEarningType": null,
        "expiryReminder": null,
        "isExclusive": false,
        "isAlwaysApply": false,
        "targetGroupIds": null,
        "targetRuleIds": null,
        "linkedTargetGroupVsTargetRuleIdMap": null
      }
    },
    {
      "id": 2268,
      "name": "Custom 18: Join the Well Connected Network and/or ERG_v31",
      "description": "Optum Engage|Rewardable Activity|{PROGRAM_NAME}",
      "promotionStatus": "LIVE",
      "lastUpdateDate": "2024-12-04T05:42:35-05:00",
      "startRuleIdentifier": "ruleset_3cd4f6e6-effd-4a4c-9c50-ef6cd0e2a714",
      "lastUpdatedBy": 4,
      "programName": "Lumen Technologies Inc._UATDefaultProgram",
      "promotionType": "CUSTOMER",
      "programId": 142,
      "startDate": "2024-11-01T00:00-05:00",
      "endDate": "2025-12-31T00:00-05:00",
      "identifier": "b9290348-6a6a-4022-b66a-7a8c55af1232",
      "isActive": true,
      "eventName": "TARGETCOMPLETED",
      "pointsOfferType": "GENERIC",
      "promotionRestrictions": {
        "restrictions": {
          "redemptionRestrictions": [
            {
              "name": "MAX_ALLOWED_TIMES_PER_CUSTOMER",
              "value": 1,
              "type": "NON_PERIOD_BASED",
              "periodType": "MOVING_WINDOW",
              "periodUnit": "DAILY"
            },
            {
              "name": "MAX_REDEMPTIONS_PER_EARN_PER_CUSTOMER",
              "value": 100,
              "type": "NON_PERIOD_BASED",
              "periodType": null,
              "periodUnit": null
            }
          ],
          "issualRestrictions": [],
          "earnRestrictions": [],
          "expiryRestrictions": []
        },
        "scope": null,
        "isStackable": false,
        "isConsideredForRanking": false,
        "loyaltyEarningType": null,
        "expiryReminder": null,
        "isExclusive": false,
        "isAlwaysApply": false,
        "targetGroupIds": null,
        "targetRuleIds": null,
        "linkedTargetGroupVsTargetRuleIdMap": null
      }
    },
    {
      "id": 2267,
      "name": "Custom 6: SmartPath  Classes/Replay_v31",
      "description": "Optum Engage|Rewardable Activity|{PROGRAM_NAME}",
      "promotionStatus": "LIVE",
      "lastUpdateDate": "2024-12-04T05:42:31-05:00",
      "startRuleIdentifier": "ruleset_835bcf2a-3965-439d-bd1b-4a70bbcbb4eb",
      "lastUpdatedBy": 4,
      "programName": "Lumen Technologies Inc._UATDefaultProgram",
      "promotionType": "CUSTOMER",
      "programId": 142,
      "startDate": "2024-11-01T00:00-05:00",
      "endDate": "2025-12-31T00:00-05:00",
      "identifier": "30ef94d7-7648-4fbe-8ea0-4ec104b50ce6",
      "isActive": true,
      "eventName": "TARGETCOMPLETED",
      "pointsOfferType": "GENERIC",
      "promotionRestrictions": {
        "restrictions": {
          "redemptionRestrictions": [
            {
              "name": "MAX_ALLOWED_TIMES_PER_CUSTOMER",
              "value": 1,
              "type": "NON_PERIOD_BASED",
              "periodType": "MOVING_WINDOW",
              "periodUnit": "DAILY"
            },
            {
              "name": "MAX_REDEMPTIONS_PER_EARN_PER_CUSTOMER",
              "value": 100,
              "type": "NON_PERIOD_BASED",
              "periodType": null,
              "periodUnit": null
            }
          ],
          "issualRestrictions": [],
          "earnRestrictions": [],
          "expiryRestrictions": []
        },
        "scope": null,
        "isStackable": false,
        "isConsideredForRanking": false,
        "loyaltyEarningType": null,
        "expiryReminder": null,
        "isExclusive": false,
        "isAlwaysApply": false,
        "targetGroupIds": null,
        "targetRuleIds": null,
        "linkedTargetGroupVsTargetRuleIdMap": null
      }
    },
    {
      "id": 2266,
      "name": "Custom 10: Cor Medical Clinic  In Person or Virtual_v31",
      "description": "Optum Engage|Rewardable Activity|{PROGRAM_NAME}",
      "promotionStatus": "LIVE",
      "lastUpdateDate": "2024-12-04T05:42:26-05:00",
      "startRuleIdentifier": "ruleset_b1547d5a-28d5-4baf-a2cb-bd4957f7024e",
      "lastUpdatedBy": 4,
      "programName": "Lumen Technologies Inc._UATDefaultProgram",
      "promotionType": "CUSTOMER",
      "programId": 142,
      "startDate": "2024-11-01T00:00-05:00",
      "endDate": "2025-12-31T00:00-05:00",
      "identifier": "eecf6aa5-9e4c-4c75-a161-b4ae40d585a9",
      "isActive": true,
      "eventName": "TARGETCOMPLETED",
      "pointsOfferType": "GENERIC",
      "promotionRestrictions": {
        "restrictions": {
          "redemptionRestrictions": [
            {
              "name": "MAX_ALLOWED_TIMES_PER_CUSTOMER",
              "value": 1,
              "type": "NON_PERIOD_BASED",
              "periodType": "MOVING_WINDOW",
              "periodUnit": "DAILY"
            },
            {
              "name": "MAX_REDEMPTIONS_PER_EARN_PER_CUSTOMER",
              "value": 100,
              "type": "NON_PERIOD_BASED",
              "periodType": null,
              "periodUnit": null
            }
          ],
          "issualRestrictions": [],
          "earnRestrictions": [],
          "expiryRestrictions": []
        },
        "scope": null,
        "isStackable": false,
        "isConsideredForRanking": false,
        "loyaltyEarningType": null,
        "expiryReminder": null,
        "isExclusive": false,
        "isAlwaysApply": false,
        "targetGroupIds": null,
        "targetRuleIds": null,
        "linkedTargetGroupVsTargetRuleIdMap": null
      }
    },
    {
      "id": 2265,
      "name": "Custom 8: Virta Type 2 Diabetes or Pre-Diabetes Program_v31",
      "description": "Optum Engage|Rewardable Activity|Virta Program",
      "promotionStatus": "LIVE",
      "lastUpdateDate": "2024-12-04T05:42:22-05:00",
      "startRuleIdentifier": "ruleset_f3e83e9e-c686-4d6e-9630-ed8bd94c9950",
      "lastUpdatedBy": 4,
      "programName": "Lumen Technologies Inc._UATDefaultProgram",
      "promotionType": "CUSTOMER",
      "programId": 142,
      "startDate": "2024-11-01T00:00-05:00",
      "endDate": "2025-12-31T00:00-05:00",
      "identifier": "5de93ec5-48be-4319-bdbc-512e908992b5",
      "isActive": true,
      "eventName": "TARGETCOMPLETED",
      "pointsOfferType": "GENERIC",
      "promotionRestrictions": {
        "restrictions": {
          "redemptionRestrictions": [
            {
              "name": "MAX_ALLOWED_TIMES_PER_CUSTOMER",
              "value": 1,
              "type": "NON_PERIOD_BASED",
              "periodType": "MOVING_WINDOW",
              "periodUnit": "DAILY"
            },
            {
              "name": "MAX_REDEMPTIONS_PER_EARN_PER_CUSTOMER",
              "value": 100,
              "type": "NON_PERIOD_BASED",
              "periodType": null,
              "periodUnit": null
            }
          ],
          "issualRestrictions": [],
          "earnRestrictions": [],
          "expiryRestrictions": []
        },
        "scope": null,
        "isStackable": false,
        "isConsideredForRanking": false,
        "loyaltyEarningType": null,
        "expiryReminder": null,
        "isExclusive": false,
        "isAlwaysApply": false,
        "targetGroupIds": null,
        "targetRuleIds": null,
        "linkedTargetGroupVsTargetRuleIdMap": null
      }
    },
    {
      "id": 2264,
      "name": "F8: Complete Weight Loss Program_v31",
      "description": "Optum Engage|Rewardable Activity|Complete 1 of the following programs",
      "promotionStatus": "LIVE",
      "lastUpdateDate": "2024-12-04T05:42:18-05:00",
      "startRuleIdentifier": "ruleset_006d4f19-d462-4ce8-bb6a-810ca090ea29",
      "lastUpdatedBy": 4,
      "programName": "Lumen Technologies Inc._UATDefaultProgram",
      "promotionType": "CUSTOMER",
      "programId": 142,
      "startDate": "2024-11-01T00:00-05:00",
      "endDate": "2025-12-31T00:00-05:00",
      "identifier": "030d4d02-42d2-4016-a2a0-a0f1e30f9837",
      "isActive": true,
      "eventName": "TARGETCOMPLETED",
      "pointsOfferType": "GENERIC",
      "promotionRestrictions": {
        "restrictions": {
          "redemptionRestrictions": [
            {
              "name": "MAX_ALLOWED_TIMES_PER_CUSTOMER",
              "value": 1,
              "type": "NON_PERIOD_BASED",
              "periodType": "MOVING_WINDOW",
              "periodUnit": "DAILY"
            },
            {
              "name": "MAX_REDEMPTIONS_PER_EARN_PER_CUSTOMER",
              "value": 100,
              "type": "NON_PERIOD_BASED",
              "periodType": null,
              "periodUnit": null
            }
          ],
          "issualRestrictions": [],
          "earnRestrictions": [],
          "expiryRestrictions": []
        },
        "scope": null,
        "isStackable": false,
        "isConsideredForRanking": false,
        "loyaltyEarningType": null,
        "expiryReminder": null,
        "isExclusive": false,
        "isAlwaysApply": false,
        "targetGroupIds": null,
        "targetRuleIds": null,
        "linkedTargetGroupVsTargetRuleIdMap": null
      }
    },
    {
      "id": 2263,
      "name": "F8: Principal Financial Reward Activities_v31",
      "description": "Optum Engage|Rewardable Activity|Complete 1 of the following programs",
      "promotionStatus": "LIVE",
      "lastUpdateDate": "2024-12-04T05:42:13-05:00",
      "startRuleIdentifier": "ruleset_24e476c4-9daf-4c6c-9210-f3bfcc627e17",
      "lastUpdatedBy": 4,
      "programName": "Lumen Technologies Inc._UATDefaultProgram",
      "promotionType": "CUSTOMER",
      "programId": 142,
      "startDate": "2024-11-01T00:00-05:00",
      "endDate": "2025-12-31T00:00-05:00",
      "identifier": "2d0f35d9-f8a2-4fbf-9c15-15666bd27b54",
      "isActive": true,
      "eventName": "TARGETCOMPLETED",
      "pointsOfferType": "GENERIC",
      "promotionRestrictions": {
        "restrictions": {
          "redemptionRestrictions": [
            {
              "name": "MAX_ALLOWED_TIMES_PER_CUSTOMER",
              "value": 1,
              "type": "NON_PERIOD_BASED",
              "periodType": "MOVING_WINDOW",
              "periodUnit": "DAILY"
            },
            {
              "name": "MAX_REDEMPTIONS_PER_EARN_PER_CUSTOMER",
              "value": 100,
              "type": "NON_PERIOD_BASED",
              "periodType": null,
              "periodUnit": null
            }
          ],
          "issualRestrictions": [],
          "earnRestrictions": [],
          "expiryRestrictions": []
        },
        "scope": null,
        "isStackable": false,
        "isConsideredForRanking": false,
        "loyaltyEarningType": null,
        "expiryReminder": null,
        "isExclusive": false,
        "isAlwaysApply": false,
        "targetGroupIds": null,
        "targetRuleIds": null,
        "linkedTargetGroupVsTargetRuleIdMap": null
      }
    },
    {
      "id": 2262,
      "name": "Custom 12: Pelago Alcohol Quiz - Attestation_v31",
      "description": "Optum Engage|Rewardable Activity|{Promotion name without version}",
      "promotionStatus": "LIVE",
      "lastUpdateDate": "2024-12-04T05:42:09-05:00",
      "startRuleIdentifier": "ruleset_138532a1-b15c-494d-889e-a407d737a173",
      "lastUpdatedBy": 4,
      "programName": "Lumen Technologies Inc._UATDefaultProgram",
      "promotionType": "CUSTOMER",
      "programId": 142,
      "startDate": "2024-11-01T00:00-05:00",
      "endDate": "2025-12-31T00:00-05:00",
      "identifier": "4f4c8dfa-bbfb-4901-a188-3441cf41794b",
      "isActive": true,
      "eventName": "TARGETCOMPLETED",
      "pointsOfferType": "GENERIC",
      "promotionRestrictions": {
        "restrictions": {
          "redemptionRestrictions": [
            {
              "name": "MAX_ALLOWED_TIMES_PER_CUSTOMER",
              "value": 1,
              "type": "NON_PERIOD_BASED",
              "periodType": "MOVING_WINDOW",
              "periodUnit": "DAILY"
            },
            {
              "name": "MAX_REDEMPTIONS_PER_EARN_PER_CUSTOMER",
              "value": 100,
              "type": "NON_PERIOD_BASED",
              "periodType": null,
              "periodUnit": null
            }
          ],
          "issualRestrictions": [],
          "earnRestrictions": [],
          "expiryRestrictions": []
        },
        "scope": null,
        "isStackable": false,
        "isConsideredForRanking": false,
        "loyaltyEarningType": null,
        "expiryReminder": null,
        "isExclusive": false,
        "isAlwaysApply": false,
        "targetGroupIds": null,
        "targetRuleIds": null,
        "linkedTargetGroupVsTargetRuleIdMap": null
      }
    },
    {
      "id": 2261,
      "name": "Custom 11: Open an Emergency Fund_v31",
      "description": "Optum Engage|Rewardable Activity|Emergency Fund Opened",
      "promotionStatus": "LIVE",
      "lastUpdateDate": "2024-12-04T05:42:05-05:00",
      "startRuleIdentifier": "ruleset_5ca71a23-cc79-4db8-9e5f-09bebe4c996c",
      "lastUpdatedBy": 4,
      "programName": "Lumen Technologies Inc._UATDefaultProgram",
      "promotionType": "CUSTOMER",
      "programId": 142,
      "startDate": "2024-11-01T00:00-05:00",
      "endDate": "2025-12-31T00:00-05:00",
      "identifier": "b975d335-604a-45fd-b238-e79d439b834d",
      "isActive": true,
      "eventName": "TARGETCOMPLETED",
      "pointsOfferType": "GENERIC",
      "promotionRestrictions": {
        "restrictions": {
          "redemptionRestrictions": [
            {
              "name": "MAX_ALLOWED_TIMES_PER_CUSTOMER",
              "value": 1,
              "type": "NON_PERIOD_BASED",
              "periodType": "MOVING_WINDOW",
              "periodUnit": "DAILY"
            },
            {
              "name": "MAX_REDEMPTIONS_PER_EARN_PER_CUSTOMER",
              "value": 100,
              "type": "NON_PERIOD_BASED",
              "periodType": null,
              "periodUnit": null
            }
          ],
          "issualRestrictions": [],
          "earnRestrictions": [],
          "expiryRestrictions": []
        },
        "scope": null,
        "isStackable": false,
        "isConsideredForRanking": false,
        "loyaltyEarningType": null,
        "expiryReminder": null,
        "isExclusive": false,
        "isAlwaysApply": false,
        "targetGroupIds": null,
        "targetRuleIds": null,
        "linkedTargetGroupVsTargetRuleIdMap": null
      }
    },
    {
      "id": 2260,
      "name": "F8: Complete Virtual Visit or MDLIVE_v31",
      "description": "Optum Engage|Rewardable Activity|Complete 1 of the following programs",
      "promotionStatus": "LIVE",
      "lastUpdateDate": "2024-12-04T05:42-05:00",
      "startRuleIdentifier": "ruleset_ea464dd0-afe2-44cb-a43f-f377d42023b5",
      "lastUpdatedBy": 4,
      "programName": "Lumen Technologies Inc._UATDefaultProgram",
      "promotionType": "CUSTOMER",
      "programId": 142,
      "startDate": "2024-11-01T00:00-05:00",
      "endDate": "2025-12-31T00:00-05:00",
      "identifier": "fd364c72-d6c6-42c0-ae91-94bc87e846eb",
      "isActive": true,
      "eventName": "TARGETCOMPLETED",
      "pointsOfferType": "GENERIC",
      "promotionRestrictions": {
        "restrictions": {
          "redemptionRestrictions": [
            {
              "name": "MAX_ALLOWED_TIMES_PER_CUSTOMER",
              "value": 1,
              "type": "NON_PERIOD_BASED",
              "periodType": "MOVING_WINDOW",
              "periodUnit": "DAILY"
            },
            {
              "name": "MAX_REDEMPTIONS_PER_EARN_PER_CUSTOMER",
              "value": 100,
              "type": "NON_PERIOD_BASED",
              "periodType": null,
              "periodUnit": null
            }
          ],
          "issualRestrictions": [],
          "earnRestrictions": [],
          "expiryRestrictions": []
        },
        "scope": null,
        "isStackable": false,
        "isConsideredForRanking": false,
        "loyaltyEarningType": null,
        "expiryReminder": null,
        "isExclusive": false,
        "isAlwaysApply": false,
        "targetGroupIds": null,
        "targetRuleIds": null,
        "linkedTargetGroupVsTargetRuleIdMap": null
      }
    },
    {
      "id": 2259,
      "name": "Custom 23: Vision Exam - Attestation_v31",
      "description": "Optum Engage|Self Attestation|Eye Exam",
      "promotionStatus": "LIVE",
      "lastUpdateDate": "2024-12-04T05:41:56-05:00",
      "startRuleIdentifier": "ruleset_3b187d9e-4c0a-49f5-b7fb-43d68303216c",
      "lastUpdatedBy": 4,
      "programName": "Lumen Technologies Inc._UATDefaultProgram",
      "promotionType": "CUSTOMER",
      "programId": 142,
      "startDate": "2024-11-01T00:00-05:00",
      "endDate": "2025-12-31T00:00-05:00",
      "identifier": "717030e1-8010-413c-9abc-56726b8e7d51",
      "isActive": true,
      "eventName": "TARGETCOMPLETED",
      "pointsOfferType": "GENERIC",
      "promotionRestrictions": {
        "restrictions": {
          "redemptionRestrictions": [
            {
              "name": "MAX_ALLOWED_TIMES_PER_CUSTOMER",
              "value": 1,
              "type": "NON_PERIOD_BASED",
              "periodType": "MOVING_WINDOW",
              "periodUnit": "DAILY"
            },
            {
              "name": "MAX_REDEMPTIONS_PER_EARN_PER_CUSTOMER",
              "value": 100,
              "type": "NON_PERIOD_BASED",
              "periodType": null,
              "periodUnit": null
            }
          ],
          "issualRestrictions": [],
          "earnRestrictions": [],
          "expiryRestrictions": []
        },
        "scope": null,
        "isStackable": false,
        "isConsideredForRanking": false,
        "loyaltyEarningType": null,
        "expiryReminder": null,
        "isExclusive": false,
        "isAlwaysApply": false,
        "targetGroupIds": null,
        "targetRuleIds": null,
        "linkedTargetGroupVsTargetRuleIdMap": null
      }
    },
    {
      "id": 2258,
      "name": "Custom 24: Dental Exam - Attestation_v31",
      "description": "Optum Engage|Self Attestation|Dental Visits",
      "promotionStatus": "LIVE",
      "lastUpdateDate": "2024-12-04T05:41:51-05:00",
      "startRuleIdentifier": "ruleset_ddef01e6-0ef0-4f0e-b9b6-d4f8855af41e",
      "lastUpdatedBy": 4,
      "programName": "Lumen Technologies Inc._UATDefaultProgram",
      "promotionType": "CUSTOMER",
      "programId": 142,
      "startDate": "2024-11-01T00:00-05:00",
      "endDate": "2025-12-31T00:00-05:00",
      "identifier": "8119ae65-f6b5-4493-a74f-7b43187a7737",
      "isActive": true,
      "eventName": "TARGETCOMPLETED",
      "pointsOfferType": "GENERIC",
      "promotionRestrictions": {
        "restrictions": {
          "redemptionRestrictions": [
            {
              "name": "MAX_ALLOWED_TIMES_PER_CUSTOMER",
              "value": 1,
              "type": "NON_PERIOD_BASED",
              "periodType": "MOVING_WINDOW",
              "periodUnit": "DAILY"
            },
            {
              "name": "MAX_REDEMPTIONS_PER_EARN_PER_CUSTOMER",
              "value": 100,
              "type": "NON_PERIOD_BASED",
              "periodType": null,
              "periodUnit": null
            }
          ],
          "issualRestrictions": [],
          "earnRestrictions": [],
          "expiryRestrictions": []
        },
        "scope": null,
        "isStackable": false,
        "isConsideredForRanking": false,
        "loyaltyEarningType": null,
        "expiryReminder": null,
        "isExclusive": false,
        "isAlwaysApply": false,
        "targetGroupIds": null,
        "targetRuleIds": null,
        "linkedTargetGroupVsTargetRuleIdMap": null
      }
    },
    {
      "id": 2257,
      "name": "Custom 21: Cancer Screening Activities_v31",
      "description": "Optum Engage|Rewardable Activity|Get an Annual Physical or Preventive Screening",
      "promotionStatus": "LIVE",
      "lastUpdateDate": "2024-12-04T05:41:46-05:00",
      "startRuleIdentifier": "ruleset_5475cdb9-3d48-4368-96b6-88c6653e5948",
      "lastUpdatedBy": 4,
      "programName": "Lumen Technologies Inc._UATDefaultProgram",
      "promotionType": "CUSTOMER",
      "programId": 142,
      "startDate": "2024-11-01T00:00-05:00",
      "endDate": "2025-12-31T00:00-05:00",
      "identifier": "5b86c153-1351-425b-a3d4-cf9e928e54b1",
      "isActive": true,
      "eventName": "TARGETCOMPLETED",
      "pointsOfferType": "GENERIC",
      "promotionRestrictions": {
        "restrictions": {
          "redemptionRestrictions": [
            {
              "name": "MAX_ALLOWED_TIMES_PER_CUSTOMER",
              "value": 2,
              "type": "NON_PERIOD_BASED",
              "periodType": "MOVING_WINDOW",
              "periodUnit": "DAILY"
            },
            {
              "name": "MAX_REDEMPTIONS_PER_EARN_PER_CUSTOMER",
              "value": 100,
              "type": "NON_PERIOD_BASED",
              "periodType": null,
              "periodUnit": null
            }
          ],
          "issualRestrictions": [],
          "earnRestrictions": [],
          "expiryRestrictions": []
        },
        "scope": null,
        "isStackable": false,
        "isConsideredForRanking": false,
        "loyaltyEarningType": null,
        "expiryReminder": null,
        "isExclusive": false,
        "isAlwaysApply": false,
        "targetGroupIds": null,
        "targetRuleIds": null,
        "linkedTargetGroupVsTargetRuleIdMap": null
      }
    },
    {
      "id": 2256,
      "name": "S1: Complete an Annual Physical_v31",
      "description": "Optum Engage|Rewardable Activity|Annual Physical Exam",
      "promotionStatus": "LIVE",
      "lastUpdateDate": "2024-12-04T05:41:41-05:00",
      "startRuleIdentifier": "ruleset_fd90f618-11a6-4f47-8792-6a8f6da6c75d",
      "lastUpdatedBy": 4,
      "programName": "Lumen Technologies Inc._UATDefaultProgram",
      "promotionType": "CUSTOMER",
      "programId": 142,
      "startDate": "2024-11-01T00:00-05:00",
      "endDate": "2025-12-31T00:00-05:00",
      "identifier": "bf9fd2c0-82e3-44fa-8a75-1e66e2cbd85a",
      "isActive": true,
      "eventName": "TARGETCOMPLETED",
      "pointsOfferType": "GENERIC",
      "promotionRestrictions": {
        "restrictions": {
          "redemptionRestrictions": [
            {
              "name": "MAX_ALLOWED_TIMES_PER_CUSTOMER",
              "value": 1,
              "type": "NON_PERIOD_BASED",
              "periodType": "MOVING_WINDOW",
              "periodUnit": "DAILY"
            },
            {
              "name": "MAX_REDEMPTIONS_PER_EARN_PER_CUSTOMER",
              "value": 100,
              "type": "NON_PERIOD_BASED",
              "periodType": null,
              "periodUnit": null
            }
          ],
          "issualRestrictions": [],
          "earnRestrictions": [],
          "expiryRestrictions": []
        },
        "scope": null,
        "isStackable": false,
        "isConsideredForRanking": false,
        "loyaltyEarningType": null,
        "expiryReminder": null,
        "isExclusive": false,
        "isAlwaysApply": false,
        "targetGroupIds": null,
        "targetRuleIds": null,
        "linkedTargetGroupVsTargetRuleIdMap": null
      }
    },
    {
      "id": 2255,
      "name": "Custom 22: Complete a Biometric Screening_v31",
      "description": "Optum Engage|Rewardable Activity|Complete a Biometric Health Screening (routine lab work)",
      "promotionStatus": "LIVE",
      "lastUpdateDate": "2024-12-04T05:41:36-05:00",
      "startRuleIdentifier": "ruleset_5cc83cb9-e4b5-47d7-9096-80a5bdd476ba",
      "lastUpdatedBy": 4,
      "programName": "Lumen Technologies Inc._UATDefaultProgram",
      "promotionType": "CUSTOMER",
      "programId": 142,
      "startDate": "2024-11-01T00:00-05:00",
      "endDate": "2025-12-31T00:00-05:00",
      "identifier": "18699f34-5784-472f-aad9-0908113e3271",
      "isActive": true,
      "eventName": "TARGETCOMPLETED",
      "pointsOfferType": "GENERIC",
      "promotionRestrictions": {
        "restrictions": {
          "redemptionRestrictions": [
            {
              "name": "MAX_ALLOWED_TIMES_PER_CUSTOMER",
              "value": 1,
              "type": "NON_PERIOD_BASED",
              "periodType": "MOVING_WINDOW",
              "periodUnit": "DAILY"
            },
            {
              "name": "MAX_REDEMPTIONS_PER_EARN_PER_CUSTOMER",
              "value": 100,
              "type": "NON_PERIOD_BASED",
              "periodType": null,
              "periodUnit": null
            }
          ],
          "issualRestrictions": [],
          "earnRestrictions": [],
          "expiryRestrictions": []
        },
        "scope": null,
        "isStackable": false,
        "isConsideredForRanking": false,
        "loyaltyEarningType": null,
        "expiryReminder": null,
        "isExclusive": false,
        "isAlwaysApply": false,
        "targetGroupIds": null,
        "targetRuleIds": null,
        "linkedTargetGroupVsTargetRuleIdMap": null
      }
    },
    {
      "id": 2254,
      "name": "R9: Complete Health Survey_v31",
      "description": "Optum Engage|Rewardable Activity|Complete Rally Health Survey",
      "promotionStatus": "LIVE",
      "lastUpdateDate": "2024-12-04T05:41:31-05:00",
      "startRuleIdentifier": "ruleset_c1e757bc-3ab2-458b-a1ff-49c4504c6c93",
      "lastUpdatedBy": 4,
      "programName": "Lumen Technologies Inc._UATDefaultProgram",
      "promotionType": "CUSTOMER",
      "programId": 142,
      "startDate": "2024-11-01T00:00-05:00",
      "endDate": "2025-12-31T00:00-05:00",
      "identifier": "4b5a7023-40ac-4dbb-9c1a-c81e88df4141",
      "isActive": true,
      "eventName": "TARGETCOMPLETED",
      "pointsOfferType": "GENERIC",
      "promotionRestrictions": {
        "restrictions": {
          "redemptionRestrictions": [
            {
              "name": "MAX_ALLOWED_TIMES_PER_CUSTOMER",
              "value": 1,
              "type": "NON_PERIOD_BASED",
              "periodType": "MOVING_WINDOW",
              "periodUnit": "DAILY"
            },
            {
              "name": "MAX_REDEMPTIONS_PER_EARN_PER_CUSTOMER",
              "value": 100,
              "type": "NON_PERIOD_BASED",
              "periodType": null,
              "periodUnit": null
            }
          ],
          "issualRestrictions": [],
          "earnRestrictions": [],
          "expiryRestrictions": []
        },
        "scope": null,
        "isStackable": false,
        "isConsideredForRanking": false,
        "loyaltyEarningType": null,
        "expiryReminder": null,
        "isExclusive": false,
        "isAlwaysApply": false,
        "targetGroupIds": null,
        "targetRuleIds": null,
        "linkedTargetGroupVsTargetRuleIdMap": null
      }
    },
    {
      "id": 2253,
      "name": "F8: Virtual Visit Activities_v31",
      "description": "Optum Engage|Rewardable Activity|Complete 1 of the following programs",
      "promotionStatus": "LIVE",
      "lastUpdateDate": "2024-12-04T05:28:20-05:00",
      "startRuleIdentifier": "ruleset_e583578b-7e20-4e8f-826d-2481313992fd",
      "lastUpdatedBy": 4,
      "programName": "Lumen Technologies Inc._UATDefaultProgram",
      "promotionType": "CUSTOMER",
      "programId": 142,
      "startDate": "2024-11-01T00:00-05:00",
      "endDate": "2025-12-31T00:00-05:00",
      "identifier": "766c400a-cdfb-471c-b9a0-accf5864dd75",
      "isActive": true,
      "eventName": "TARGETCOMPLETED",
      "pointsOfferType": "GENERIC",
      "promotionRestrictions": {
        "restrictions": {
          "redemptionRestrictions": [
            {
              "name": "MAX_ALLOWED_TIMES_PER_CUSTOMER",
              "value": 1,
              "type": "NON_PERIOD_BASED",
              "periodType": "MOVING_WINDOW",
              "periodUnit": "DAILY"
            },
            {
              "name": "MAX_REDEMPTIONS_PER_EARN_PER_CUSTOMER",
              "value": 100,
              "type": "NON_PERIOD_BASED",
              "periodType": null,
              "periodUnit": null
            }
          ],
          "issualRestrictions": [],
          "earnRestrictions": [],
          "expiryRestrictions": []
        },
        "scope": null,
        "isStackable": false,
        "isConsideredForRanking": false,
        "loyaltyEarningType": null,
        "expiryReminder": null,
        "isExclusive": false,
        "isAlwaysApply": false,
        "targetGroupIds": null,
        "targetRuleIds": null,
        "linkedTargetGroupVsTargetRuleIdMap": null
      }
    },
    {
      "id": 2252,
      "name": "C12: Real Appeal_v31",
      "description": "Optum Engage|Rewardable Activity|Real Appeal",
      "promotionStatus": "LIVE",
      "lastUpdateDate": "2024-12-04T05:28:09-05:00",
      "startRuleIdentifier": "ruleset_2c47a3e0-7baf-47f9-b1b2-07c7ff0444ac",
      "lastUpdatedBy": 4,
      "programName": "Lumen Technologies Inc._UATDefaultProgram",
      "promotionType": "CUSTOMER",
      "programId": 142,
      "startDate": "2024-11-01T00:00-05:00",
      "endDate": "2025-12-31T00:00-05:00",
      "identifier": "3d2375f9-d144-4d5b-aa89-4a00bbf05af3",
      "isActive": true,
      "eventName": "TARGETCOMPLETED",
      "pointsOfferType": "GENERIC",
      "promotionRestrictions": {
        "restrictions": {
          "redemptionRestrictions": [
            {
              "name": "MAX_ALLOWED_TIMES_PER_CUSTOMER",
              "value": 1,
              "type": "NON_PERIOD_BASED",
              "periodType": "MOVING_WINDOW",
              "periodUnit": "DAILY"
            },
            {
              "name": "MAX_REDEMPTIONS_PER_EARN_PER_CUSTOMER",
              "value": 100,
              "type": "NON_PERIOD_BASED",
              "periodType": null,
              "periodUnit": null
            }
          ],
          "issualRestrictions": [],
          "earnRestrictions": [],
          "expiryRestrictions": []
        },
        "scope": null,
        "isStackable": false,
        "isConsideredForRanking": false,
        "loyaltyEarningType": null,
        "expiryReminder": null,
        "isExclusive": false,
        "isAlwaysApply": false,
        "targetGroupIds": null,
        "targetRuleIds": null,
        "linkedTargetGroupVsTargetRuleIdMap": null
      }
    },
    {
      "id": 2251,
      "name": "R148: Complete an Annual Physical  Attestation_v31",
      "description": "Optum Engage|Self Attestation|Annual Exam",
      "promotionStatus": "LIVE",
      "lastUpdateDate": "2024-12-04T05:28:01-05:00",
      "startRuleIdentifier": "ruleset_866bab20-d387-484d-a074-622b97d3c17d",
      "lastUpdatedBy": 4,
      "programName": "Lumen Technologies Inc._UATDefaultProgram",
      "promotionType": "CUSTOMER",
      "programId": 142,
      "startDate": "2024-11-01T00:00-05:00",
      "endDate": "2025-12-31T00:00-05:00",
      "identifier": "6b174f9a-2564-494b-8241-64641e1cc561",
      "isActive": true,
      "eventName": "TARGETCOMPLETED",
      "pointsOfferType": "GENERIC",
      "promotionRestrictions": {
        "restrictions": {
          "redemptionRestrictions": [
            {
              "name": "MAX_ALLOWED_TIMES_PER_CUSTOMER",
              "value": 1,
              "type": "NON_PERIOD_BASED",
              "periodType": "MOVING_WINDOW",
              "periodUnit": "DAILY"
            },
            {
              "name": "MAX_REDEMPTIONS_PER_EARN_PER_CUSTOMER",
              "value": 100,
              "type": "NON_PERIOD_BASED",
              "periodType": null,
              "periodUnit": null
            }
          ],
          "issualRestrictions": [],
          "earnRestrictions": [],
          "expiryRestrictions": []
        },
        "scope": null,
        "isStackable": false,
        "isConsideredForRanking": false,
        "loyaltyEarningType": null,
        "expiryReminder": null,
        "isExclusive": false,
        "isAlwaysApply": false,
        "targetGroupIds": null,
        "targetRuleIds": null,
        "linkedTargetGroupVsTargetRuleIdMap": null
      }
    }
  ],
  "pageDetails": {
    "pageNumber": 0,
    "pageSize": 100,
    "totalEntries": 29,
    "pageCount": 1
  }
}