{
  "status": {
    "code": 200,
    "message": "success"
  },
  "validationErrors": null,
  "data": [
    {
      "id": 1627,
      "name": "F9: Complete 3 of the following Quizzes_v15",
      "description": "Optum Engage|Rewardable Activity|Complete 3 of the Following Quizzes",
      "promotionStatus": "LIVE",
      "lastUpdateDate": "2024-11-25T17:26:11-05:00",
      "startRuleIdentifier": "ruleset_f470d1aa-5092-492b-a446-035b3b3797cd",
      "lastUpdatedBy": 4,
      "programName": "DLR Group Inc_UATDefaultProgram",
      "promotionType": "CUSTOMER",
      "programId": 202,
      "startDate": "2024-11-01T00:00-05:00",
      "endDate": "2025-12-31T00:00-05:00",
      "identifier": "60ed0e37-6a97-4e69-a8aa-64c677fdc9c8",
      "isActive": true,
      "eventName": "TARGETCOMPLETED",
      "pointsOfferType": "GENERIC",
      "promotionRestrictions": {
        "restrictions": {
          "redemptionRestrictions": [
            {
              "name": "MAX_ALLOWED_TIMES_PER_CUSTOMER",
              "value": 1,
              "type": "NON_PERIOD_BASED",
              "periodType": "MOVING_WINDOW",
              "periodUnit": "DAILY"
            },
            {
              "name": "MAX_REDEMPTIONS_PER_EARN_PER_CUSTOMER",
              "value": 100,
              "type": "NON_PERIOD_BASED",
              "periodType": null,
              "periodUnit": null
            }
          ],
          "issualRestrictions": [],
          "earnRestrictions": [],
          "expiryRestrictions": []
        },
        "scope": null,
        "isStackable": false,
        "isConsideredForRanking": false,
        "loyaltyEarningType": null,
        "expiryReminder": null,
        "isExclusive": false,
        "isAlwaysApply": false,
        "targetGroupIds": null,
        "targetRuleIds": null,
        "linkedTargetGroupVsTargetRuleIdMap": null
      }
    },
    {
      "id": 1626,
      "name": "R159: Create a Health Care Cost Estimate_v15",
      "description": "R159: Create a Health Care Cost Estimate_v15",
      "promotionStatus": "LIVE",
      "lastUpdateDate": "2024-11-25T17:26:03-05:00",
      "startRuleIdentifier": "ruleset_79593877-4df4-433c-80e0-c14b62e29ecc",
      "lastUpdatedBy": 4,
      "programName": "DLR Group Inc_UATDefaultProgram",
      "promotionType": "CUSTOMER",
      "programId": 202,
      "startDate": "2024-11-01T00:00-05:00",
      "endDate": "2025-12-31T00:00-05:00",
      "identifier": "3d10c925-23fd-432c-b2b8-561bd862b2f0",
      "isActive": true,
      "eventName": "TARGETCOMPLETED",
      "pointsOfferType": "GENERIC",
      "promotionRestrictions": {
        "restrictions": {
          "redemptionRestrictions": [
            {
              "name": "MAX_ALLOWED_TIMES_PER_CUSTOMER",
              "value": 1,
              "type": "NON_PERIOD_BASED",
              "periodType": "MOVING_WINDOW",
              "periodUnit": "DAILY"
            },
            {
              "name": "MAX_REDEMPTIONS_PER_EARN_PER_CUSTOMER",
              "value": 100,
              "type": "NON_PERIOD_BASED",
              "periodType": null,
              "periodUnit": null
            }
          ],
          "issualRestrictions": [],
          "earnRestrictions": [],
          "expiryRestrictions": []
        },
        "scope": null,
        "isStackable": false,
        "isConsideredForRanking": false,
        "loyaltyEarningType": null,
        "expiryReminder": null,
        "isExclusive": false,
        "isAlwaysApply": false,
        "targetGroupIds": null,
        "targetRuleIds": null,
        "linkedTargetGroupVsTargetRuleIdMap": null
      }
    },
    {
      "id": 1625,
      "name": "S15: Virtual Visits_v15",
      "description": "Optum Engage|Rewardable Activity|Get a 24/7 Virtual Visit",
      "promotionStatus": "LIVE",
      "lastUpdateDate": "2024-11-25T17:25:59-05:00",
      "startRuleIdentifier": "ruleset_67731214-1613-492c-b315-178e2a6fcb87",
      "lastUpdatedBy": 4,
      "programName": "DLR Group Inc_UATDefaultProgram",
      "promotionType": "CUSTOMER",
      "programId": 202,
      "startDate": "2024-11-01T00:00-05:00",
      "endDate": "2025-12-31T00:00-05:00",
      "identifier": "e5a9b427-0980-4bb1-ba15-e4d185a0bce2",
      "isActive": true,
      "eventName": "TARGETCOMPLETED",
      "pointsOfferType": "GENERIC",
      "promotionRestrictions": {
        "restrictions": {
          "redemptionRestrictions": [
            {
              "name": "MAX_ALLOWED_TIMES_PER_CUSTOMER",
              "value": 1,
              "type": "NON_PERIOD_BASED",
              "periodType": "MOVING_WINDOW",
              "periodUnit": "DAILY"
            },
            {
              "name": "MAX_REDEMPTIONS_PER_EARN_PER_CUSTOMER",
              "value": 100,
              "type": "NON_PERIOD_BASED",
              "periodType": null,
              "periodUnit": null
            }
          ],
          "issualRestrictions": [],
          "earnRestrictions": [],
          "expiryRestrictions": []
        },
        "scope": null,
        "isStackable": false,
        "isConsideredForRanking": false,
        "loyaltyEarningType": null,
        "expiryReminder": null,
        "isExclusive": false,
        "isAlwaysApply": false,
        "targetGroupIds": null,
        "targetRuleIds": null,
        "linkedTargetGroupVsTargetRuleIdMap": null
      }
    },
    {
      "id": 1624,
      "name": "R3: Complete a City Walk or Private Step Challenge Milestone_v15",
      "description": "Optum Engage|Rewardable Activity|Public or Private City Walk Challenge",
      "promotionStatus": "LIVE",
      "lastUpdateDate": "2024-11-25T17:25:54-05:00",
      "startRuleIdentifier": "ruleset_0326faa4-09ce-4906-9396-7044a4e2ad6d",
      "lastUpdatedBy": 4,
      "programName": "DLR Group Inc_UATDefaultProgram",
      "promotionType": "CUSTOMER",
      "programId": 202,
      "startDate": "2024-11-01T00:00-05:00",
      "endDate": "2025-12-31T00:00-05:00",
      "identifier": "be0fa74e-6a83-4a55-9c13-bb1e400a394e",
      "isActive": true,
      "eventName": "TARGETCOMPLETED",
      "pointsOfferType": "GENERIC",
      "promotionRestrictions": {
        "restrictions": {
          "redemptionRestrictions": [
            {
              "name": "MAX_ALLOWED_TIMES_PER_CUSTOMER",
              "value": 1,
              "type": "NON_PERIOD_BASED",
              "periodType": "MOVING_WINDOW",
              "periodUnit": "DAILY"
            },
            {
              "name": "MAX_REDEMPTIONS_PER_EARN_PER_CUSTOMER",
              "value": 100,
              "type": "NON_PERIOD_BASED",
              "periodType": null,
              "periodUnit": null
            }
          ],
          "issualRestrictions": [],
          "earnRestrictions": [],
          "expiryRestrictions": []
        },
        "scope": null,
        "isStackable": false,
        "isConsideredForRanking": false,
        "loyaltyEarningType": null,
        "expiryReminder": null,
        "isExclusive": false,
        "isAlwaysApply": false,
        "targetGroupIds": null,
        "targetRuleIds": null,
        "linkedTargetGroupVsTargetRuleIdMap": null
      }
    },
    {
      "id": 1623,
      "name": "R8: Complete any 3 Rally Missions_v15",
      "description": "Optum Engage|Rewardable Activity|Complete 3 Missions",
      "promotionStatus": "LIVE",
      "lastUpdateDate": "2024-11-25T17:25:49-05:00",
      "startRuleIdentifier": "ruleset_866e632a-2e5b-4af2-b054-998e019bf2ac",
      "lastUpdatedBy": 4,
      "programName": "DLR Group Inc_UATDefaultProgram",
      "promotionType": "CUSTOMER",
      "programId": 202,
      "startDate": "2024-11-01T00:00-05:00",
      "endDate": "2025-12-31T00:00-05:00",
      "identifier": "5e189153-7091-4f2a-a513-aa1d5d2cb67d",
      "isActive": true,
      "eventName": "TARGETCOMPLETED",
      "pointsOfferType": "GENERIC",
      "promotionRestrictions": {
        "restrictions": {
          "redemptionRestrictions": [
            {
              "name": "MAX_ALLOWED_TIMES_PER_CUSTOMER",
              "value": 1,
              "type": "NON_PERIOD_BASED",
              "periodType": "MOVING_WINDOW",
              "periodUnit": "DAILY"
            },
            {
              "name": "MAX_REDEMPTIONS_PER_EARN_PER_CUSTOMER",
              "value": 100,
              "type": "NON_PERIOD_BASED",
              "periodType": null,
              "periodUnit": null
            }
          ],
          "issualRestrictions": [],
          "earnRestrictions": [],
          "expiryRestrictions": []
        },
        "scope": null,
        "isStackable": false,
        "isConsideredForRanking": false,
        "loyaltyEarningType": null,
        "expiryReminder": null,
        "isExclusive": false,
        "isAlwaysApply": false,
        "targetGroupIds": null,
        "targetRuleIds": null,
        "linkedTargetGroupVsTargetRuleIdMap": null
      }
    },
    {
      "id": 1622,
      "name": "F18: Get an Annual Physical or Preventive Screening_v15",
      "description": "Optum Engage|Rewardable Activity|Get an Annual Physical or Preventive Screening",
      "promotionStatus": "LIVE",
      "lastUpdateDate": "2024-11-25T17:25:43-05:00",
      "startRuleIdentifier": "ruleset_f8f7c5ef-ec1d-4dbd-8de1-f9167047ed71",
      "lastUpdatedBy": 4,
      "programName": "DLR Group Inc_UATDefaultProgram",
      "promotionType": "CUSTOMER",
      "programId": 202,
      "startDate": "2024-11-01T00:00-05:00",
      "endDate": "2025-12-31T00:00-05:00",
      "identifier": "4c742321-2460-4b6f-8485-ce6adadf341d",
      "isActive": true,
      "eventName": "TARGETCOMPLETED",
      "pointsOfferType": "GENERIC",
      "promotionRestrictions": {
        "restrictions": {
          "redemptionRestrictions": [
            {
              "name": "MAX_ALLOWED_TIMES_PER_CUSTOMER",
              "value": 1,
              "type": "NON_PERIOD_BASED",
              "periodType": "MOVING_WINDOW",
              "periodUnit": "DAILY"
            },
            {
              "name": "MAX_REDEMPTIONS_PER_EARN_PER_CUSTOMER",
              "value": 100,
              "type": "NON_PERIOD_BASED",
              "periodType": null,
              "periodUnit": null
            }
          ],
          "issualRestrictions": [],
          "earnRestrictions": [],
          "expiryRestrictions": []
        },
        "scope": null,
        "isStackable": false,
        "isConsideredForRanking": false,
        "loyaltyEarningType": null,
        "expiryReminder": null,
        "isExclusive": false,
        "isAlwaysApply": false,
        "targetGroupIds": null,
        "targetRuleIds": null,
        "linkedTargetGroupVsTargetRuleIdMap": null
      }
    },
    {
      "id": 1621,
      "name": "R9: Complete Your Health Survey_v15",
      "description": "Optum Engage|Rewardable Activity|Complete Rally Health Survey",
      "promotionStatus": "LIVE",
      "lastUpdateDate": "2024-11-25T17:25:35-05:00",
      "startRuleIdentifier": "ruleset_bc52acb3-39de-4a21-a27d-bff131d4ce8c",
      "lastUpdatedBy": 4,
      "programName": "DLR Group Inc_UATDefaultProgram",
      "promotionType": "CUSTOMER",
      "programId": 202,
      "startDate": "2024-11-01T00:00-05:00",
      "endDate": "2025-12-31T00:00-05:00",
      "identifier": "4f05f2d6-fc41-4101-9b88-2922ec4df641",
      "isActive": true,
      "eventName": "TARGETCOMPLETED",
      "pointsOfferType": "GENERIC",
      "promotionRestrictions": {
        "restrictions": {
          "redemptionRestrictions": [
            {
              "name": "MAX_ALLOWED_TIMES_PER_CUSTOMER",
              "value": 1,
              "type": "NON_PERIOD_BASED",
              "periodType": "MOVING_WINDOW",
              "periodUnit": "DAILY"
            },
            {
              "name": "MAX_REDEMPTIONS_PER_EARN_PER_CUSTOMER",
              "value": 100,
              "type": "NON_PERIOD_BASED",
              "periodType": null,
              "periodUnit": null
            }
          ],
          "issualRestrictions": [],
          "earnRestrictions": [],
          "expiryRestrictions": []
        },
        "scope": null,
        "isStackable": false,
        "isConsideredForRanking": false,
        "loyaltyEarningType": null,
        "expiryReminder": null,
        "isExclusive": false,
        "isAlwaysApply": false,
        "targetGroupIds": null,
        "targetRuleIds": null,
        "linkedTargetGroupVsTargetRuleIdMap": null
      }
    }
  ],
  "pageDetails": {
    "pageNumber": 0,
    "pageSize": 100,
    "totalEntries": 7,
    "pageCount": 1
  }
}