{
  "status": {
    "code": 200,
    "message": "success"
  },
  "validationErrors": null,
  "data": [
    {
      "id": 2538,
      "name": "R166: Gym, Check In v2",
      "description": "",
      "promotionStatus": "LIVE",
      "lastUpdateDate": "2024-12-17T18:30:04-05:00",
      "startRuleIdentifier": "ruleset_20241217182859",
      "lastUpdatedBy": 400169197,
      "programName": "Transatlantic Reinsurance Company_UATDefaultProgram",
      "promotionType": "CUSTOMER",
      "programId": 80,
      "startDate": "2024-11-01T00:00-05:00",
      "endDate": "2025-12-31T23:59:59-05:00",
      "identifier": "12ebe4c9-8d99-418d-939f-dc379f6ff481",
      "isActive": true,
      "eventName": "TARGETCOMPLETED",
      "pointsOfferType": "LOYALTY",
      "promotionRestrictions": {
        "restrictions": {
          "redemptionRestrictions": [
            {
              "name": "MAX_ALLOWED_TIMES_PER_CUSTOMER",
              "value": 12,
              "type": "NON_PERIOD_BASED",
              "periodType": "MOVING_WINDOW",
              "periodUnit": "DAILY"
            },
            {
              "name": "MAX_REDEMPTIONS_PER_EARN_PER_CUSTOMER",
              "value": 100,
              "type": "NON_PERIOD_BASED",
              "periodType": "MOVING_WINDOW",
              "periodUnit": "DAILY"
            }
          ],
          "issualRestrictions": [
            {
              "name": "MAX_NUMBER_OF_ISSUALS_PER_CUSTOMER",
              "value": 100
            }
          ],
          "earnRestrictions": [
            {
              "name": "MAX_NUMBER_OF_EARNS_PER_CUSTOMER",
              "value": 100
            },
            {
              "name": "MAX_POINTS_PER_EARN_PER_CUSTOMER",
              "value": -1
            }
          ],
          "expiryRestrictions": [
            {
              "name": "EARN_PROMOTION_EXPIRY_BASED_ON",
              "value": 0,
              "type": "PROMOTION"
            }
          ]
        },
        "scope": null,
        "isStackable": false,
        "isConsideredForRanking": false,
        "loyaltyEarningType": null,
        "expiryReminder": null,
        "isExclusive": false,
        "isAlwaysApply": false,
        "targetGroupIds": null,
        "targetRuleIds": null,
        "linkedTargetGroupVsTargetRuleIdMap": null
      }
    },
    {
      "id": 2333,
      "name": "R166: Gym Check In",
      "description": "",
      "promotionStatus": "INACTIVE",
      "lastUpdateDate": "2024-12-17T18:30:24-05:00",
      "startRuleIdentifier": "ruleset_20241204175933",
      "lastUpdatedBy": 400169197,
      "programName": "Transatlantic Reinsurance Company_UATDefaultProgram",
      "promotionType": "CUSTOMER",
      "programId": 80,
      "startDate": "2024-11-01T00:00-05:00",
      "endDate": "2025-11-01T23:59:59-05:00",
      "identifier": "13cbaf09-4797-49e0-a930-7e4d689b3ab4",
      "isActive": false,
      "eventName": "TARGETCOMPLETED",
      "pointsOfferType": "GENERIC",
      "promotionRestrictions": {
        "restrictions": {
          "redemptionRestrictions": [
            {
              "name": "MAX_ALLOWED_TIMES_PER_CUSTOMER",
              "value": 12,
              "type": "NON_PERIOD_BASED",
              "periodType": "MOVING_WINDOW",
              "periodUnit": "DAILY"
            },
            {
              "name": "MAX_REDEMPTIONS_PER_EARN_PER_CUSTOMER",
              "value": 100,
              "type": "NON_PERIOD_BASED",
              "periodType": null,
              "periodUnit": null
            }
          ],
          "issualRestrictions": [],
          "earnRestrictions": [],
          "expiryRestrictions": []
        },
        "scope": null,
        "isStackable": false,
        "isConsideredForRanking": false,
        "loyaltyEarningType": null,
        "expiryReminder": null,
        "isExclusive": false,
        "isAlwaysApply": false,
        "targetGroupIds": null,
        "targetRuleIds": null,
        "linkedTargetGroupVsTargetRuleIdMap": null
      }
    }
  ],
  "pageDetails": {
    "pageNumber": 0,
    "pageSize": 100,
    "totalEntries": 2,
    "pageCount": 1
  }
}