{
  "status": {
    "code": 200,
    "message": "success"
  },
  "validationErrors": null,
  "data": [
    {
      "id": 2526,
      "name": "Custom 6: Complete One Emotional Wellbeing Activity_v39",
      "description": "Optum Engage|Rewardable Activity|Attest to Completing a Mental Health First Aid Training (CUSTOM6)",
      "promotionStatus": "LIVE",
      "lastUpdateDate": "2024-12-23T16:30:40-05:00",
      "startRuleIdentifier": "ruleset_92d7b69f-6ba4-468e-ae20-cbb30f7ffd23",
      "lastUpdatedBy": 4,
      "programName": "Xylem Inc_UATDefaultProgram",
      "promotionType": "CUSTOMER",
      "programId": 152,
      "startDate": "2024-11-01T00:00-05:00",
      "endDate": "2025-12-15T23:59:59-05:00",
      "identifier": "47675472-24cd-4d5d-837c-29e944f541ff",
      "isActive": true,
      "eventName": "TARGETCOMPLETED",
      "pointsOfferType": "GENERIC",
      "promotionRestrictions": {
        "restrictions": {
          "redemptionRestrictions": [
            {
              "name": "MAX_ALLOWED_TIMES_PER_CUSTOMER",
              "value": 1,
              "type": "NON_PERIOD_BASED",
              "periodType": "MOVING_WINDOW",
              "periodUnit": "DAILY"
            },
            {
              "name": "MAX_REDEMPTIONS_PER_EARN_PER_CUSTOMER",
              "value": 100,
              "type": "NON_PERIOD_BASED",
              "periodType": null,
              "periodUnit": null
            }
          ],
          "issualRestrictions": [],
          "earnRestrictions": [],
          "expiryRestrictions": []
        },
        "scope": null,
        "isStackable": false,
        "isConsideredForRanking": false,
        "loyaltyEarningType": null,
        "expiryReminder": null,
        "isExclusive": false,
        "isAlwaysApply": false,
        "targetGroupIds": null,
        "targetRuleIds": null,
        "linkedTargetGroupVsTargetRuleIdMap": null
      }
    },
    {
      "id": 2371,
      "name": "Custom 14: Any Program Attestation_v32",
      "description": "Optum Engage|Rewardable Activity|Attest to completing one of the programs (CUSTOM14)",
      "promotionStatus": "LIVE",
      "lastUpdateDate": "2024-12-06T01:22:48-05:00",
      "startRuleIdentifier": "ruleset_11c8316f-2720-4fd3-93b5-63121e30c213",
      "lastUpdatedBy": 4,
      "programName": "Xylem Inc_UATDefaultProgram",
      "promotionType": "CUSTOMER",
      "programId": 152,
      "startDate": "2024-11-01T00:00-05:00",
      "endDate": "2025-12-15T00:00-05:00",
      "identifier": "d64d58db-a11e-4a91-8523-92aa1c4f98b9",
      "isActive": true,
      "eventName": "TARGETCOMPLETED",
      "pointsOfferType": "GENERIC",
      "promotionRestrictions": {
        "restrictions": {
          "redemptionRestrictions": [
            {
              "name": "MAX_ALLOWED_TIMES_PER_CUSTOMER",
              "value": 1,
              "type": "NON_PERIOD_BASED",
              "periodType": "MOVING_WINDOW",
              "periodUnit": "DAILY"
            },
            {
              "name": "MAX_REDEMPTIONS_PER_EARN_PER_CUSTOMER",
              "value": 100,
              "type": "NON_PERIOD_BASED",
              "periodType": null,
              "periodUnit": null
            }
          ],
          "issualRestrictions": [],
          "earnRestrictions": [],
          "expiryRestrictions": []
        },
        "scope": null,
        "isStackable": false,
        "isConsideredForRanking": false,
        "loyaltyEarningType": null,
        "expiryReminder": null,
        "isExclusive": false,
        "isAlwaysApply": false,
        "targetGroupIds": null,
        "targetRuleIds": null,
        "linkedTargetGroupVsTargetRuleIdMap": null
      }
    },
    {
      "id": 2370,
      "name": "R148: Complete Annual Physical or Prenatal Screening_v32",
      "description": "Optum Engage|Self Attestation|Annual Exam",
      "promotionStatus": "LIVE",
      "lastUpdateDate": "2024-12-06T01:22:42-05:00",
      "startRuleIdentifier": "ruleset_74d4ed20-ceb8-471e-be39-5db8f8c3330e",
      "lastUpdatedBy": 4,
      "programName": "Xylem Inc_UATDefaultProgram",
      "promotionType": "CUSTOMER",
      "programId": 152,
      "startDate": "2024-11-01T00:00-05:00",
      "endDate": "2025-12-15T00:00-05:00",
      "identifier": "c0235d93-24e9-40f4-9520-6098e34d1e16",
      "isActive": true,
      "eventName": "TARGETCOMPLETED",
      "pointsOfferType": "GENERIC",
      "promotionRestrictions": {
        "restrictions": {
          "redemptionRestrictions": [
            {
              "name": "MAX_ALLOWED_TIMES_PER_CUSTOMER",
              "value": 1,
              "type": "NON_PERIOD_BASED",
              "periodType": "MOVING_WINDOW",
              "periodUnit": "DAILY"
            },
            {
              "name": "MAX_REDEMPTIONS_PER_EARN_PER_CUSTOMER",
              "value": 100,
              "type": "NON_PERIOD_BASED",
              "periodType": null,
              "periodUnit": null
            }
          ],
          "issualRestrictions": [],
          "earnRestrictions": [],
          "expiryRestrictions": []
        },
        "scope": null,
        "isStackable": false,
        "isConsideredForRanking": false,
        "loyaltyEarningType": null,
        "expiryReminder": null,
        "isExclusive": false,
        "isAlwaysApply": false,
        "targetGroupIds": null,
        "targetRuleIds": null,
        "linkedTargetGroupVsTargetRuleIdMap": null
      }
    },
    {
      "id": 2369,
      "name": "Custom 13: Get a Preventive Screening_v32_1",
      "description": "Optum Engage|Rewardable Activity|Attest to Completing a Preventive Screening (CUSTOM13)",
      "promotionStatus": "LIVE",
      "lastUpdateDate": "2024-12-06T01:22:37-05:00",
      "startRuleIdentifier": "ruleset_ec9b9cb0-629b-435f-8407-68bf2ab257a1",
      "lastUpdatedBy": 4,
      "programName": "Xylem Inc_UATDefaultProgram",
      "promotionType": "CUSTOMER",
      "programId": 152,
      "startDate": "2024-11-01T00:00-05:00",
      "endDate": "2025-12-15T00:00-05:00",
      "identifier": "036734e1-7ea3-45b2-9fdf-069d2c540125",
      "isActive": true,
      "eventName": "TARGETCOMPLETED",
      "pointsOfferType": "GENERIC",
      "promotionRestrictions": {
        "restrictions": {
          "redemptionRestrictions": [
            {
              "name": "MAX_ALLOWED_TIMES_PER_CUSTOMER",
              "value": 1,
              "type": "NON_PERIOD_BASED",
              "periodType": "MOVING_WINDOW",
              "periodUnit": "DAILY"
            },
            {
              "name": "MAX_REDEMPTIONS_PER_EARN_PER_CUSTOMER",
              "value": 100,
              "type": "NON_PERIOD_BASED",
              "periodType": null,
              "periodUnit": null
            }
          ],
          "issualRestrictions": [],
          "earnRestrictions": [],
          "expiryRestrictions": []
        },
        "scope": null,
        "isStackable": false,
        "isConsideredForRanking": false,
        "loyaltyEarningType": null,
        "expiryReminder": null,
        "isExclusive": false,
        "isAlwaysApply": false,
        "targetGroupIds": null,
        "targetRuleIds": null,
        "linkedTargetGroupVsTargetRuleIdMap": null
      }
    },
    {
      "id": 2368,
      "name": "Custom 1: Attest to being vaccinated_v32",
      "description": "Optum Engage|Rewardable Activity|Attest to being vaccinated (CUSTOM1)",
      "promotionStatus": "LIVE",
      "lastUpdateDate": "2024-12-06T01:22:31-05:00",
      "startRuleIdentifier": "ruleset_9233206d-d84a-4a9e-8033-39d5c44ef96d",
      "lastUpdatedBy": 4,
      "programName": "Xylem Inc_UATDefaultProgram",
      "promotionType": "CUSTOMER",
      "programId": 152,
      "startDate": "2024-11-01T00:00-05:00",
      "endDate": "2025-12-15T00:00-05:00",
      "identifier": "4997c774-4510-4588-ad6b-aa14823c240c",
      "isActive": true,
      "eventName": "TARGETCOMPLETED",
      "pointsOfferType": "GENERIC",
      "promotionRestrictions": {
        "restrictions": {
          "redemptionRestrictions": [
            {
              "name": "MAX_ALLOWED_TIMES_PER_CUSTOMER",
              "value": 1,
              "type": "NON_PERIOD_BASED",
              "periodType": "MOVING_WINDOW",
              "periodUnit": "DAILY"
            },
            {
              "name": "MAX_REDEMPTIONS_PER_EARN_PER_CUSTOMER",
              "value": 100,
              "type": "NON_PERIOD_BASED",
              "periodType": null,
              "periodUnit": null
            }
          ],
          "issualRestrictions": [],
          "earnRestrictions": [],
          "expiryRestrictions": []
        },
        "scope": null,
        "isStackable": false,
        "isConsideredForRanking": false,
        "loyaltyEarningType": null,
        "expiryReminder": null,
        "isExclusive": false,
        "isAlwaysApply": false,
        "targetGroupIds": null,
        "targetRuleIds": null,
        "linkedTargetGroupVsTargetRuleIdMap": null
      }
    },
    {
      "id": 2367,
      "name": "Custom 2: Obtain an immunization shot - claims (Hidden)_v32",
      "description": "Optum Engage|Rewardable Activity|Protect Yourself \u2013 Get Vaccinated (CUSTOM2)",
      "promotionStatus": "LIVE",
      "lastUpdateDate": "2024-12-06T01:22:25-05:00",
      "startRuleIdentifier": "ruleset_8ad55f4c-6bbc-47d9-be33-27025faca00d",
      "lastUpdatedBy": 4,
      "programName": "Xylem Inc_UATDefaultProgram",
      "promotionType": "CUSTOMER",
      "programId": 152,
      "startDate": "2024-11-01T00:00-05:00",
      "endDate": "2025-12-15T00:00-05:00",
      "identifier": "23d4fbb8-33e0-4877-a43f-8293e4880a35",
      "isActive": true,
      "eventName": "TARGETCOMPLETED",
      "pointsOfferType": "GENERIC",
      "promotionRestrictions": {
        "restrictions": {
          "redemptionRestrictions": [
            {
              "name": "MAX_ALLOWED_TIMES_PER_CUSTOMER",
              "value": 1,
              "type": "NON_PERIOD_BASED",
              "periodType": "MOVING_WINDOW",
              "periodUnit": "DAILY"
            },
            {
              "name": "MAX_REDEMPTIONS_PER_EARN_PER_CUSTOMER",
              "value": 100,
              "type": "NON_PERIOD_BASED",
              "periodType": null,
              "periodUnit": null
            }
          ],
          "issualRestrictions": [],
          "earnRestrictions": [],
          "expiryRestrictions": []
        },
        "scope": null,
        "isStackable": false,
        "isConsideredForRanking": false,
        "loyaltyEarningType": null,
        "expiryReminder": null,
        "isExclusive": false,
        "isAlwaysApply": false,
        "targetGroupIds": null,
        "targetRuleIds": null,
        "linkedTargetGroupVsTargetRuleIdMap": null
      }
    },
    {
      "id": 2366,
      "name": "S2: Complete an Annual Physical OR Prenatal Screening_v32",
      "description": "Optum Engage|Rewardable Activity|Get your annual checkup",
      "promotionStatus": "LIVE",
      "lastUpdateDate": "2024-12-06T01:22:19-05:00",
      "startRuleIdentifier": "ruleset_48fd3127-a6bc-40ba-879e-5901829bc085",
      "lastUpdatedBy": 4,
      "programName": "Xylem Inc_UATDefaultProgram",
      "promotionType": "CUSTOMER",
      "programId": 152,
      "startDate": "2024-11-01T00:00-05:00",
      "endDate": "2025-12-15T00:00-05:00",
      "identifier": "169df2a7-9b8f-49e7-88c9-cf39bb04e07a",
      "isActive": true,
      "eventName": "TARGETCOMPLETED",
      "pointsOfferType": "GENERIC",
      "promotionRestrictions": {
        "restrictions": {
          "redemptionRestrictions": [
            {
              "name": "MAX_ALLOWED_TIMES_PER_CUSTOMER",
              "value": 1,
              "type": "NON_PERIOD_BASED",
              "periodType": "MOVING_WINDOW",
              "periodUnit": "DAILY"
            },
            {
              "name": "MAX_REDEMPTIONS_PER_EARN_PER_CUSTOMER",
              "value": 100,
              "type": "NON_PERIOD_BASED",
              "periodType": null,
              "periodUnit": null
            }
          ],
          "issualRestrictions": [],
          "earnRestrictions": [],
          "expiryRestrictions": []
        },
        "scope": null,
        "isStackable": false,
        "isConsideredForRanking": false,
        "loyaltyEarningType": null,
        "expiryReminder": null,
        "isExclusive": false,
        "isAlwaysApply": false,
        "targetGroupIds": null,
        "targetRuleIds": null,
        "linkedTargetGroupVsTargetRuleIdMap": null
      }
    },
    {
      "id": 2365,
      "name": "F8: Complete one of the following programs_v32",
      "description": "Optum Engage|Rewardable Activity|Complete 1 of the following programs",
      "promotionStatus": "LIVE",
      "lastUpdateDate": "2024-12-06T01:22:14-05:00",
      "startRuleIdentifier": "ruleset_134fdf09-171a-4335-9e8f-884ca563b72d",
      "lastUpdatedBy": 4,
      "programName": "Xylem Inc_UATDefaultProgram",
      "promotionType": "CUSTOMER",
      "programId": 152,
      "startDate": "2024-11-01T00:00-05:00",
      "endDate": "2025-12-15T00:00-05:00",
      "identifier": "0ce7725f-cda7-456c-aff2-5deacfbc2e44",
      "isActive": true,
      "eventName": "TARGETCOMPLETED",
      "pointsOfferType": "GENERIC",
      "promotionRestrictions": {
        "restrictions": {
          "redemptionRestrictions": [
            {
              "name": "MAX_ALLOWED_TIMES_PER_CUSTOMER",
              "value": 1,
              "type": "NON_PERIOD_BASED",
              "periodType": "MOVING_WINDOW",
              "periodUnit": "DAILY"
            },
            {
              "name": "MAX_REDEMPTIONS_PER_EARN_PER_CUSTOMER",
              "value": 100,
              "type": "NON_PERIOD_BASED",
              "periodType": null,
              "periodUnit": null
            }
          ],
          "issualRestrictions": [],
          "earnRestrictions": [],
          "expiryRestrictions": []
        },
        "scope": null,
        "isStackable": false,
        "isConsideredForRanking": false,
        "loyaltyEarningType": null,
        "expiryReminder": null,
        "isExclusive": false,
        "isAlwaysApply": false,
        "targetGroupIds": null,
        "targetRuleIds": null,
        "linkedTargetGroupVsTargetRuleIdMap": null
      }
    },
    {
      "id": 2364,
      "name": "F17: Get a Preventive Screening_v32",
      "description": "Optum Engage|Rewardable Activity|Complete a Preventive Cancer Screening",
      "promotionStatus": "LIVE",
      "lastUpdateDate": "2024-12-06T01:22:08-05:00",
      "startRuleIdentifier": "ruleset_32833b88-9aa1-4bc5-bfba-74880a739e92",
      "lastUpdatedBy": 4,
      "programName": "Xylem Inc_UATDefaultProgram",
      "promotionType": "CUSTOMER",
      "programId": 152,
      "startDate": "2024-11-01T00:00-05:00",
      "endDate": "2025-12-15T00:00-05:00",
      "identifier": "d09838ec-9105-4530-b334-56a72946fce4",
      "isActive": true,
      "eventName": "TARGETCOMPLETED",
      "pointsOfferType": "GENERIC",
      "promotionRestrictions": {
        "restrictions": {
          "redemptionRestrictions": [
            {
              "name": "MAX_ALLOWED_TIMES_PER_CUSTOMER",
              "value": 1,
              "type": "NON_PERIOD_BASED",
              "periodType": "MOVING_WINDOW",
              "periodUnit": "DAILY"
            },
            {
              "name": "MAX_REDEMPTIONS_PER_EARN_PER_CUSTOMER",
              "value": 100,
              "type": "NON_PERIOD_BASED",
              "periodType": null,
              "periodUnit": null
            }
          ],
          "issualRestrictions": [],
          "earnRestrictions": [],
          "expiryRestrictions": []
        },
        "scope": null,
        "isStackable": false,
        "isConsideredForRanking": false,
        "loyaltyEarningType": null,
        "expiryReminder": null,
        "isExclusive": false,
        "isAlwaysApply": false,
        "targetGroupIds": null,
        "targetRuleIds": null,
        "linkedTargetGroupVsTargetRuleIdMap": null
      }
    },
    {
      "id": 2363,
      "name": "S3: Complete a Biometric Screening_v32",
      "description": "Optum Engage|Rewardable Activity|Complete a Biometric Health Screening (routine lab work)",
      "promotionStatus": "LIVE",
      "lastUpdateDate": "2024-12-06T01:22:02-05:00",
      "startRuleIdentifier": "ruleset_4b56b270-f6b0-42ba-98d9-bf054d43cb9c",
      "lastUpdatedBy": 4,
      "programName": "Xylem Inc_UATDefaultProgram",
      "promotionType": "CUSTOMER",
      "programId": 152,
      "startDate": "2024-11-01T00:00-05:00",
      "endDate": "2025-12-15T00:00-05:00",
      "identifier": "ee5a1ac2-552e-4b1d-814a-67ce901eb155",
      "isActive": true,
      "eventName": "TARGETCOMPLETED",
      "pointsOfferType": "GENERIC",
      "promotionRestrictions": {
        "restrictions": {
          "redemptionRestrictions": [
            {
              "name": "MAX_ALLOWED_TIMES_PER_CUSTOMER",
              "value": 1,
              "type": "NON_PERIOD_BASED",
              "periodType": "MOVING_WINDOW",
              "periodUnit": "DAILY"
            },
            {
              "name": "MAX_REDEMPTIONS_PER_EARN_PER_CUSTOMER",
              "value": 100,
              "type": "NON_PERIOD_BASED",
              "periodType": null,
              "periodUnit": null
            }
          ],
          "issualRestrictions": [],
          "earnRestrictions": [],
          "expiryRestrictions": []
        },
        "scope": null,
        "isStackable": false,
        "isConsideredForRanking": false,
        "loyaltyEarningType": null,
        "expiryReminder": null,
        "isExclusive": false,
        "isAlwaysApply": false,
        "targetGroupIds": null,
        "targetRuleIds": null,
        "linkedTargetGroupVsTargetRuleIdMap": null
      }
    },
    {
      "id": 2362,
      "name": "R9: Complete the Rally Health Survey_v32",
      "description": "Optum Engage|Rewardable Activity|Complete Rally Health Survey",
      "promotionStatus": "LIVE",
      "lastUpdateDate": "2024-12-15T12:16:03-05:00",
      "startRuleIdentifier": "ruleset_4bfec86a-b61b-4fab-b314-6124e4b790c8",
      "lastUpdatedBy": 400255246,
      "programName": "Xylem Inc_UATDefaultProgram",
      "promotionType": "CUSTOMER",
      "programId": 152,
      "startDate": "2024-11-01T00:00-05:00",
      "endDate": "2025-12-15T23:59:59-05:00",
      "identifier": "912f8051-601f-4944-aa2f-bdd11a6f33fe",
      "isActive": true,
      "eventName": "TARGETCOMPLETED",
      "pointsOfferType": "GENERIC",
      "promotionRestrictions": {
        "restrictions": {
          "redemptionRestrictions": [
            {
              "name": "MAX_ALLOWED_TIMES_PER_CUSTOMER",
              "value": 1,
              "type": "NON_PERIOD_BASED",
              "periodType": "MOVING_WINDOW",
              "periodUnit": "DAILY"
            },
            {
              "name": "MAX_REDEMPTIONS_PER_EARN_PER_CUSTOMER",
              "value": 100,
              "type": "NON_PERIOD_BASED",
              "periodType": null,
              "periodUnit": null
            }
          ],
          "issualRestrictions": [],
          "earnRestrictions": [],
          "expiryRestrictions": []
        },
        "scope": null,
        "isStackable": false,
        "isConsideredForRanking": false,
        "loyaltyEarningType": null,
        "expiryReminder": null,
        "isExclusive": false,
        "isAlwaysApply": false,
        "targetGroupIds": null,
        "targetRuleIds": null,
        "linkedTargetGroupVsTargetRuleIdMap": null
      }
    },
    {
      "id": 2361,
      "name": "F20: Complete Two Physical Wellbeing Activities_v32_1",
      "description": "Optum Engage|Rewardable Activity|Complete 2 of the following",
      "promotionStatus": "LIVE",
      "lastUpdateDate": "2024-12-06T01:21:51-05:00",
      "startRuleIdentifier": "ruleset_f769c500-02e5-4b05-9e21-823b172c9b9c",
      "lastUpdatedBy": 4,
      "programName": "Xylem Inc_UATDefaultProgram",
      "promotionType": "CUSTOMER",
      "programId": 152,
      "startDate": "2024-11-01T00:00-05:00",
      "endDate": "2025-12-15T00:00-05:00",
      "identifier": "c69a1438-70ae-47ca-9c66-9617224345c7",
      "isActive": true,
      "eventName": "TARGETCOMPLETED",
      "pointsOfferType": "GENERIC",
      "promotionRestrictions": {
        "restrictions": {
          "redemptionRestrictions": [
            {
              "name": "MAX_ALLOWED_TIMES_PER_CUSTOMER",
              "value": 1,
              "type": "NON_PERIOD_BASED",
              "periodType": "MOVING_WINDOW",
              "periodUnit": "DAILY"
            },
            {
              "name": "MAX_REDEMPTIONS_PER_EARN_PER_CUSTOMER",
              "value": 100,
              "type": "NON_PERIOD_BASED",
              "periodType": null,
              "periodUnit": null
            }
          ],
          "issualRestrictions": [],
          "earnRestrictions": [],
          "expiryRestrictions": []
        },
        "scope": null,
        "isStackable": false,
        "isConsideredForRanking": false,
        "loyaltyEarningType": null,
        "expiryReminder": null,
        "isExclusive": false,
        "isAlwaysApply": false,
        "targetGroupIds": null,
        "targetRuleIds": null,
        "linkedTargetGroupVsTargetRuleIdMap": null
      }
    },
    {
      "id": 2360,
      "name": "R8: Complete 3 Rally Missions_v32",
      "description": "Optum Engage|Rewardable Activity|Complete 3 Missions",
      "promotionStatus": "LIVE",
      "lastUpdateDate": "2024-12-06T01:21:42-05:00",
      "startRuleIdentifier": "ruleset_743ddd6d-2bb8-47f0-8827-97bb7e41b1c3",
      "lastUpdatedBy": 4,
      "programName": "Xylem Inc_UATDefaultProgram",
      "promotionType": "CUSTOMER",
      "programId": 152,
      "startDate": "2024-11-01T00:00-05:00",
      "endDate": "2025-12-15T00:00-05:00",
      "identifier": "74252a0b-f3cf-4c07-8d37-f7e5e5dca216",
      "isActive": true,
      "eventName": "TARGETCOMPLETED",
      "pointsOfferType": "GENERIC",
      "promotionRestrictions": {
        "restrictions": {
          "redemptionRestrictions": [
            {
              "name": "MAX_ALLOWED_TIMES_PER_CUSTOMER",
              "value": 1,
              "type": "NON_PERIOD_BASED",
              "periodType": "MOVING_WINDOW",
              "periodUnit": "DAILY"
            },
            {
              "name": "MAX_REDEMPTIONS_PER_EARN_PER_CUSTOMER",
              "value": 100,
              "type": "NON_PERIOD_BASED",
              "periodType": null,
              "periodUnit": null
            }
          ],
          "issualRestrictions": [],
          "earnRestrictions": [],
          "expiryRestrictions": []
        },
        "scope": null,
        "isStackable": false,
        "isConsideredForRanking": false,
        "loyaltyEarningType": null,
        "expiryReminder": null,
        "isExclusive": false,
        "isAlwaysApply": false,
        "targetGroupIds": null,
        "targetRuleIds": null,
        "linkedTargetGroupVsTargetRuleIdMap": null
      }
    },
    {
      "id": 2359,
      "name": "Custom 12: Complete One Growth Wellbeing Activity_v32",
      "description": "Optum Engage|Rewardable Activity|{Promotion name without version}",
      "promotionStatus": "LIVE",
      "lastUpdateDate": "2024-12-06T01:21:36-05:00",
      "startRuleIdentifier": "ruleset_316e1870-3c16-4b5a-9ce8-ab28a38c5ce6",
      "lastUpdatedBy": 4,
      "programName": "Xylem Inc_UATDefaultProgram",
      "promotionType": "CUSTOMER",
      "programId": 152,
      "startDate": "2024-11-01T00:00-05:00",
      "endDate": "2025-12-15T00:00-05:00",
      "identifier": "f6af92dd-cebb-4605-a117-b3d8f50334a7",
      "isActive": true,
      "eventName": "TARGETCOMPLETED",
      "pointsOfferType": "GENERIC",
      "promotionRestrictions": {
        "restrictions": {
          "redemptionRestrictions": [
            {
              "name": "MAX_ALLOWED_TIMES_PER_CUSTOMER",
              "value": 1,
              "type": "NON_PERIOD_BASED",
              "periodType": "MOVING_WINDOW",
              "periodUnit": "DAILY"
            },
            {
              "name": "MAX_REDEMPTIONS_PER_EARN_PER_CUSTOMER",
              "value": 100,
              "type": "NON_PERIOD_BASED",
              "periodType": null,
              "periodUnit": null
            }
          ],
          "issualRestrictions": [],
          "earnRestrictions": [],
          "expiryRestrictions": []
        },
        "scope": null,
        "isStackable": false,
        "isConsideredForRanking": false,
        "loyaltyEarningType": null,
        "expiryReminder": null,
        "isExclusive": false,
        "isAlwaysApply": false,
        "targetGroupIds": null,
        "targetRuleIds": null,
        "linkedTargetGroupVsTargetRuleIdMap": null
      }
    },
    {
      "id": 2358,
      "name": "Custom 9: Complete One Social Wellbeing Activity_v32",
      "description": "Optum Engage|Rewardable Activity|{PROGRAM_NAME}",
      "promotionStatus": "LIVE",
      "lastUpdateDate": "2024-12-06T01:21:31-05:00",
      "startRuleIdentifier": "ruleset_904fce8a-2e92-4006-a1d8-40a77eba1bd0",
      "lastUpdatedBy": 4,
      "programName": "Xylem Inc_UATDefaultProgram",
      "promotionType": "CUSTOMER",
      "programId": 152,
      "startDate": "2024-11-01T00:00-05:00",
      "endDate": "2025-12-15T00:00-05:00",
      "identifier": "8f442f72-eb4d-4d89-aa22-eecd4e2da9c4",
      "isActive": true,
      "eventName": "TARGETCOMPLETED",
      "pointsOfferType": "GENERIC",
      "promotionRestrictions": {
        "restrictions": {
          "redemptionRestrictions": [
            {
              "name": "MAX_ALLOWED_TIMES_PER_CUSTOMER",
              "value": 1,
              "type": "NON_PERIOD_BASED",
              "periodType": "MOVING_WINDOW",
              "periodUnit": "DAILY"
            },
            {
              "name": "MAX_REDEMPTIONS_PER_EARN_PER_CUSTOMER",
              "value": 100,
              "type": "NON_PERIOD_BASED",
              "periodType": null,
              "periodUnit": null
            }
          ],
          "issualRestrictions": [],
          "earnRestrictions": [],
          "expiryRestrictions": []
        },
        "scope": null,
        "isStackable": false,
        "isConsideredForRanking": false,
        "loyaltyEarningType": null,
        "expiryReminder": null,
        "isExclusive": false,
        "isAlwaysApply": false,
        "targetGroupIds": null,
        "targetRuleIds": null,
        "linkedTargetGroupVsTargetRuleIdMap": null
      }
    },
    {
      "id": 2357,
      "name": "Custom 6: Complete One Emotional Wellbeing Activity_v32",
      "description": "Optum Engage|Rewardable Activity|Attest to Completing a Mental Health First Aid Training (CUSTOM6)",
      "promotionStatus": "INACTIVE",
      "lastUpdateDate": "2024-12-17T03:37:26-05:00",
      "startRuleIdentifier": "ruleset_fdace033-6113-4a43-875e-a2345138d8fe",
      "lastUpdatedBy": 400170573,
      "programName": "Xylem Inc_UATDefaultProgram",
      "promotionType": "CUSTOMER",
      "programId": 152,
      "startDate": "2024-11-01T00:00-05:00",
      "endDate": "2025-12-15T23:59:59-05:00",
      "identifier": "5266c5b8-a9a9-4b37-93ce-3e61c7b68c12",
      "isActive": false,
      "eventName": "TARGETCOMPLETED",
      "pointsOfferType": "GENERIC",
      "promotionRestrictions": {
        "restrictions": {
          "redemptionRestrictions": [
            {
              "name": "MAX_ALLOWED_TIMES_PER_CUSTOMER",
              "value": 1,
              "type": "NON_PERIOD_BASED",
              "periodType": "MOVING_WINDOW",
              "periodUnit": "DAILY"
            },
            {
              "name": "MAX_REDEMPTIONS_PER_EARN_PER_CUSTOMER",
              "value": 100,
              "type": "NON_PERIOD_BASED",
              "periodType": null,
              "periodUnit": null
            }
          ],
          "issualRestrictions": [],
          "earnRestrictions": [],
          "expiryRestrictions": []
        },
        "scope": null,
        "isStackable": false,
        "isConsideredForRanking": false,
        "loyaltyEarningType": null,
        "expiryReminder": null,
        "isExclusive": false,
        "isAlwaysApply": false,
        "targetGroupIds": null,
        "targetRuleIds": null,
        "linkedTargetGroupVsTargetRuleIdMap": null
      }
    },
    {
      "id": 2356,
      "name": "Custom 3: Complete One Financial Wellbeing Activity_v32",
      "description": "Optum Engage|Rewardable Activity|{PROGRAM_NAME}",
      "promotionStatus": "LIVE",
      "lastUpdateDate": "2024-12-06T01:21:14-05:00",
      "startRuleIdentifier": "ruleset_a354510c-7e50-4d66-ac35-873c34230b7c",
      "lastUpdatedBy": 4,
      "programName": "Xylem Inc_UATDefaultProgram",
      "promotionType": "CUSTOMER",
      "programId": 152,
      "startDate": "2024-11-01T00:00-05:00",
      "endDate": "2025-12-15T00:00-05:00",
      "identifier": "92eae120-89da-4c81-83e0-23dd888053b2",
      "isActive": true,
      "eventName": "TARGETCOMPLETED",
      "pointsOfferType": "GENERIC",
      "promotionRestrictions": {
        "restrictions": {
          "redemptionRestrictions": [
            {
              "name": "MAX_ALLOWED_TIMES_PER_CUSTOMER",
              "value": 1,
              "type": "NON_PERIOD_BASED",
              "periodType": "MOVING_WINDOW",
              "periodUnit": "DAILY"
            },
            {
              "name": "MAX_REDEMPTIONS_PER_EARN_PER_CUSTOMER",
              "value": 100,
              "type": "NON_PERIOD_BASED",
              "periodType": null,
              "periodUnit": null
            }
          ],
          "issualRestrictions": [],
          "earnRestrictions": [],
          "expiryRestrictions": []
        },
        "scope": null,
        "isStackable": false,
        "isConsideredForRanking": false,
        "loyaltyEarningType": null,
        "expiryReminder": null,
        "isExclusive": false,
        "isAlwaysApply": false,
        "targetGroupIds": null,
        "targetRuleIds": null,
        "linkedTargetGroupVsTargetRuleIdMap": null
      }
    },
    {
      "id": 2355,
      "name": "F20: Complete Two Physical Wellbeing Activities_v32",
      "description": "Optum Engage|Rewardable Activity|Complete 2 of the following",
      "promotionStatus": "LIVE",
      "lastUpdateDate": "2024-12-06T01:21:06-05:00",
      "startRuleIdentifier": "ruleset_dad022f5-dd55-4d11-98a9-7ad2e7382c58",
      "lastUpdatedBy": 4,
      "programName": "Xylem Inc_UATDefaultProgram",
      "promotionType": "CUSTOMER",
      "programId": 152,
      "startDate": "2024-11-01T00:00-05:00",
      "endDate": "2025-12-15T00:00-05:00",
      "identifier": "2afed7fd-a0c4-47f2-9de8-3a5008a12bc3",
      "isActive": true,
      "eventName": "TARGETCOMPLETED",
      "pointsOfferType": "GENERIC",
      "promotionRestrictions": {
        "restrictions": {
          "redemptionRestrictions": [
            {
              "name": "MAX_ALLOWED_TIMES_PER_CUSTOMER",
              "value": 1,
              "type": "NON_PERIOD_BASED",
              "periodType": "MOVING_WINDOW",
              "periodUnit": "DAILY"
            },
            {
              "name": "MAX_REDEMPTIONS_PER_EARN_PER_CUSTOMER",
              "value": 100,
              "type": "NON_PERIOD_BASED",
              "periodType": null,
              "periodUnit": null
            }
          ],
          "issualRestrictions": [],
          "earnRestrictions": [],
          "expiryRestrictions": []
        },
        "scope": null,
        "isStackable": false,
        "isConsideredForRanking": false,
        "loyaltyEarningType": null,
        "expiryReminder": null,
        "isExclusive": false,
        "isAlwaysApply": false,
        "targetGroupIds": null,
        "targetRuleIds": null,
        "linkedTargetGroupVsTargetRuleIdMap": null
      }
    }
  ],
  "pageDetails": {
    "pageNumber": 0,
    "pageSize": 100,
    "totalEntries": 18,
    "pageCount": 1
  }
}