{
  "status": {
    "code": 200,
    "message": "success"
  },
  "validationErrors": null,
  "data": [
    {
      "id": 1785,
      "name": "F20: Complete one of the following activities_v23",
      "description": "Optum Engage|Rewardable Activity|Complete 1 of the following",
      "promotionStatus": "LIVE",
      "lastUpdateDate": "2024-11-27T05:19:35-05:00",
      "startRuleIdentifier": "ruleset_b333292e-f4eb-475d-ab3a-0a26b2206ecf",
      "lastUpdatedBy": 4,
      "programName": "Amarr Company dba Entrematic_UATDefaultProgram",
      "promotionType": "CUSTOMER",
      "programId": 166,
      "startDate": "2024-11-01T00:00-05:00",
      "endDate": "2025-09-30T00:00-05:00",
      "identifier": "926136d6-efb8-4517-8496-61df4c3359e9",
      "isActive": true,
      "eventName": "TARGETCOMPLETED",
      "pointsOfferType": "GENERIC",
      "promotionRestrictions": {
        "restrictions": {
          "redemptionRestrictions": [
            {
              "name": "MAX_ALLOWED_TIMES_PER_CUSTOMER",
              "value": 1,
              "type": "NON_PERIOD_BASED",
              "periodType": "MOVING_WINDOW",
              "periodUnit": "DAILY"
            },
            {
              "name": "MAX_REDEMPTIONS_PER_EARN_PER_CUSTOMER",
              "value": 100,
              "type": "NON_PERIOD_BASED",
              "periodType": null,
              "periodUnit": null
            }
          ],
          "issualRestrictions": [],
          "earnRestrictions": [],
          "expiryRestrictions": []
        },
        "scope": null,
        "isStackable": false,
        "isConsideredForRanking": false,
        "loyaltyEarningType": null,
        "expiryReminder": null,
        "isExclusive": false,
        "isAlwaysApply": false,
        "targetGroupIds": null,
        "targetRuleIds": null,
        "linkedTargetGroupVsTargetRuleIdMap": null
      }
    },
    {
      "id": 1784,
      "name": "R8: Complete 3 Rally Missions_v23_1",
      "description": "Optum Engage|Rewardable Activity|Complete 3 Missions",
      "promotionStatus": "LIVE",
      "lastUpdateDate": "2024-11-27T05:19:31-05:00",
      "startRuleIdentifier": "ruleset_29c3adcb-749c-4530-87d7-8355e637194a",
      "lastUpdatedBy": 4,
      "programName": "Amarr Company dba Entrematic_UATDefaultProgram",
      "promotionType": "CUSTOMER",
      "programId": 166,
      "startDate": "2024-11-01T00:00-05:00",
      "endDate": "2025-09-30T00:00-05:00",
      "identifier": "e84044e2-7d58-4a45-871b-06e89d592693",
      "isActive": true,
      "eventName": "TARGETCOMPLETED",
      "pointsOfferType": "GENERIC",
      "promotionRestrictions": {
        "restrictions": {
          "redemptionRestrictions": [
            {
              "name": "MAX_ALLOWED_TIMES_PER_CUSTOMER",
              "value": 1,
              "type": "NON_PERIOD_BASED",
              "periodType": "MOVING_WINDOW",
              "periodUnit": "DAILY"
            },
            {
              "name": "MAX_REDEMPTIONS_PER_EARN_PER_CUSTOMER",
              "value": 100,
              "type": "NON_PERIOD_BASED",
              "periodType": null,
              "periodUnit": null
            }
          ],
          "issualRestrictions": [],
          "earnRestrictions": [],
          "expiryRestrictions": []
        },
        "scope": null,
        "isStackable": false,
        "isConsideredForRanking": false,
        "loyaltyEarningType": null,
        "expiryReminder": null,
        "isExclusive": false,
        "isAlwaysApply": false,
        "targetGroupIds": null,
        "targetRuleIds": null,
        "linkedTargetGroupVsTargetRuleIdMap": null
      }
    },
    {
      "id": 1783,
      "name": "R8: Complete 3 Rally Missions_v23",
      "description": "Optum Engage|Rewardable Activity|Complete 3 Missions",
      "promotionStatus": "LIVE",
      "lastUpdateDate": "2024-11-27T05:19:28-05:00",
      "startRuleIdentifier": "ruleset_156d3791-1027-4731-a074-dc2da1d57a85",
      "lastUpdatedBy": 4,
      "programName": "Amarr Company dba Entrematic_UATDefaultProgram",
      "promotionType": "CUSTOMER",
      "programId": 166,
      "startDate": "2024-11-01T00:00-05:00",
      "endDate": "2025-04-30T00:00-05:00",
      "identifier": "6364b457-2d21-493f-91ae-3c90d93d0f66",
      "isActive": true,
      "eventName": "TARGETCOMPLETED",
      "pointsOfferType": "GENERIC",
      "promotionRestrictions": {
        "restrictions": {
          "redemptionRestrictions": [
            {
              "name": "MAX_ALLOWED_TIMES_PER_CUSTOMER",
              "value": 1,
              "type": "NON_PERIOD_BASED",
              "periodType": "MOVING_WINDOW",
              "periodUnit": "DAILY"
            },
            {
              "name": "MAX_REDEMPTIONS_PER_EARN_PER_CUSTOMER",
              "value": 100,
              "type": "NON_PERIOD_BASED",
              "periodType": null,
              "periodUnit": null
            }
          ],
          "issualRestrictions": [],
          "earnRestrictions": [],
          "expiryRestrictions": []
        },
        "scope": null,
        "isStackable": false,
        "isConsideredForRanking": false,
        "loyaltyEarningType": null,
        "expiryReminder": null,
        "isExclusive": false,
        "isAlwaysApply": false,
        "targetGroupIds": null,
        "targetRuleIds": null,
        "linkedTargetGroupVsTargetRuleIdMap": null
      }
    },
    {
      "id": 1782,
      "name": "F9: Complete 3 Rally Quizzes_v23",
      "description": "Optum Engage|Rewardable Activity|Complete 3 of the Following Quizzes",
      "promotionStatus": "LIVE",
      "lastUpdateDate": "2024-11-27T05:19:25-05:00",
      "startRuleIdentifier": "ruleset_ae3c3418-aeee-41b4-b0e1-eacffc6138fd",
      "lastUpdatedBy": 4,
      "programName": "Amarr Company dba Entrematic_UATDefaultProgram",
      "promotionType": "CUSTOMER",
      "programId": 166,
      "startDate": "2024-11-01T00:00-05:00",
      "endDate": "2025-09-30T00:00-05:00",
      "identifier": "fa27ef0c-a3b9-4d65-96ee-36dcc5c6f9ab",
      "isActive": true,
      "eventName": "TARGETCOMPLETED",
      "pointsOfferType": "GENERIC",
      "promotionRestrictions": {
        "restrictions": {
          "redemptionRestrictions": [
            {
              "name": "MAX_ALLOWED_TIMES_PER_CUSTOMER",
              "value": 1,
              "type": "NON_PERIOD_BASED",
              "periodType": "MOVING_WINDOW",
              "periodUnit": "DAILY"
            },
            {
              "name": "MAX_REDEMPTIONS_PER_EARN_PER_CUSTOMER",
              "value": 100,
              "type": "NON_PERIOD_BASED",
              "periodType": null,
              "periodUnit": null
            }
          ],
          "issualRestrictions": [],
          "earnRestrictions": [],
          "expiryRestrictions": []
        },
        "scope": null,
        "isStackable": false,
        "isConsideredForRanking": false,
        "loyaltyEarningType": null,
        "expiryReminder": null,
        "isExclusive": false,
        "isAlwaysApply": false,
        "targetGroupIds": null,
        "targetRuleIds": null,
        "linkedTargetGroupVsTargetRuleIdMap": null
      }
    },
    {
      "id": 1781,
      "name": "F8: Complete one of the following: Condition Management Program or Personal Health Action_v23",
      "description": "Optum Engage|Rewardable Activity|Complete 1 of the following programs",
      "promotionStatus": "LIVE",
      "lastUpdateDate": "2024-11-27T05:19:21-05:00",
      "startRuleIdentifier": "ruleset_ae98957d-6e80-4bc9-8431-57edf9f56ade",
      "lastUpdatedBy": 4,
      "programName": "Amarr Company dba Entrematic_UATDefaultProgram",
      "promotionType": "CUSTOMER",
      "programId": 166,
      "startDate": "2024-11-01T00:00-05:00",
      "endDate": "2025-09-30T00:00-05:00",
      "identifier": "6d978a73-8deb-4f3d-9bb6-90a2758202f0",
      "isActive": true,
      "eventName": "TARGETCOMPLETED",
      "pointsOfferType": "GENERIC",
      "promotionRestrictions": {
        "restrictions": {
          "redemptionRestrictions": [
            {
              "name": "MAX_ALLOWED_TIMES_PER_CUSTOMER",
              "value": 1,
              "type": "NON_PERIOD_BASED",
              "periodType": "MOVING_WINDOW",
              "periodUnit": "DAILY"
            },
            {
              "name": "MAX_REDEMPTIONS_PER_EARN_PER_CUSTOMER",
              "value": 100,
              "type": "NON_PERIOD_BASED",
              "periodType": null,
              "periodUnit": null
            }
          ],
          "issualRestrictions": [],
          "earnRestrictions": [],
          "expiryRestrictions": []
        },
        "scope": null,
        "isStackable": false,
        "isConsideredForRanking": false,
        "loyaltyEarningType": null,
        "expiryReminder": null,
        "isExclusive": false,
        "isAlwaysApply": false,
        "targetGroupIds": null,
        "targetRuleIds": null,
        "linkedTargetGroupVsTargetRuleIdMap": null
      }
    },
    {
      "id": 1780,
      "name": "F17: Complete a Preventive Screening_v23",
      "description": "Optum Engage|Rewardable Activity|Complete a Preventive Cancer Screening",
      "promotionStatus": "LIVE",
      "lastUpdateDate": "2024-11-27T05:19:16-05:00",
      "startRuleIdentifier": "ruleset_a534ad28-0b1d-48f7-8a3a-ff30e85f3f77",
      "lastUpdatedBy": 4,
      "programName": "Amarr Company dba Entrematic_UATDefaultProgram",
      "promotionType": "CUSTOMER",
      "programId": 166,
      "startDate": "2024-11-01T00:00-05:00",
      "endDate": "2025-09-30T00:00-05:00",
      "identifier": "3a055832-8811-4cdf-b60d-029d83633419",
      "isActive": true,
      "eventName": "TARGETCOMPLETED",
      "pointsOfferType": "GENERIC",
      "promotionRestrictions": {
        "restrictions": {
          "redemptionRestrictions": [
            {
              "name": "MAX_ALLOWED_TIMES_PER_CUSTOMER",
              "value": 1,
              "type": "NON_PERIOD_BASED",
              "periodType": "MOVING_WINDOW",
              "periodUnit": "DAILY"
            },
            {
              "name": "MAX_REDEMPTIONS_PER_EARN_PER_CUSTOMER",
              "value": 100,
              "type": "NON_PERIOD_BASED",
              "periodType": null,
              "periodUnit": null
            }
          ],
          "issualRestrictions": [],
          "earnRestrictions": [],
          "expiryRestrictions": []
        },
        "scope": null,
        "isStackable": false,
        "isConsideredForRanking": false,
        "loyaltyEarningType": null,
        "expiryReminder": null,
        "isExclusive": false,
        "isAlwaysApply": false,
        "targetGroupIds": null,
        "targetRuleIds": null,
        "linkedTargetGroupVsTargetRuleIdMap": null
      }
    },
    {
      "id": 1779,
      "name": "S2: Complete Annual Physical or Prenatal Exam_v23",
      "description": "Optum Engage|Rewardable Activity|Get your annual checkup",
      "promotionStatus": "LIVE",
      "lastUpdateDate": "2024-11-27T05:19:11-05:00",
      "startRuleIdentifier": "ruleset_3206ae5e-4358-402c-9aa4-ff6211160846",
      "lastUpdatedBy": 4,
      "programName": "Amarr Company dba Entrematic_UATDefaultProgram",
      "promotionType": "CUSTOMER",
      "programId": 166,
      "startDate": "2024-11-01T00:00-05:00",
      "endDate": "2025-09-30T00:00-05:00",
      "identifier": "cc7caf20-0623-40a3-8e09-55d0c00a896a",
      "isActive": true,
      "eventName": "TARGETCOMPLETED",
      "pointsOfferType": "GENERIC",
      "promotionRestrictions": {
        "restrictions": {
          "redemptionRestrictions": [
            {
              "name": "MAX_ALLOWED_TIMES_PER_CUSTOMER",
              "value": 1,
              "type": "NON_PERIOD_BASED",
              "periodType": "MOVING_WINDOW",
              "periodUnit": "DAILY"
            },
            {
              "name": "MAX_REDEMPTIONS_PER_EARN_PER_CUSTOMER",
              "value": 100,
              "type": "NON_PERIOD_BASED",
              "periodType": null,
              "periodUnit": null
            }
          ],
          "issualRestrictions": [],
          "earnRestrictions": [],
          "expiryRestrictions": []
        },
        "scope": null,
        "isStackable": false,
        "isConsideredForRanking": false,
        "loyaltyEarningType": null,
        "expiryReminder": null,
        "isExclusive": false,
        "isAlwaysApply": false,
        "targetGroupIds": null,
        "targetRuleIds": null,
        "linkedTargetGroupVsTargetRuleIdMap": null
      }
    },
    {
      "id": 1778,
      "name": "F12: Complete a Biometric Screening_v23",
      "description": "Optum Engage|Rewardable Activity|Biometric Screening",
      "promotionStatus": "LIVE",
      "lastUpdateDate": "2024-11-27T05:19:07-05:00",
      "startRuleIdentifier": "ruleset_823cc85f-75f7-443a-847d-55d321f0017d",
      "lastUpdatedBy": 4,
      "programName": "Amarr Company dba Entrematic_UATDefaultProgram",
      "promotionType": "CUSTOMER",
      "programId": 166,
      "startDate": "2024-11-01T00:00-05:00",
      "endDate": "2025-09-30T00:00-05:00",
      "identifier": "e526ff89-571d-4bb5-8cf4-8eb6dfb4772e",
      "isActive": true,
      "eventName": "TARGETCOMPLETED",
      "pointsOfferType": "GENERIC",
      "promotionRestrictions": {
        "restrictions": {
          "redemptionRestrictions": [
            {
              "name": "MAX_ALLOWED_TIMES_PER_CUSTOMER",
              "value": 1,
              "type": "NON_PERIOD_BASED",
              "periodType": "MOVING_WINDOW",
              "periodUnit": "DAILY"
            },
            {
              "name": "MAX_REDEMPTIONS_PER_EARN_PER_CUSTOMER",
              "value": 100,
              "type": "NON_PERIOD_BASED",
              "periodType": null,
              "periodUnit": null
            }
          ],
          "issualRestrictions": [],
          "earnRestrictions": [],
          "expiryRestrictions": []
        },
        "scope": null,
        "isStackable": false,
        "isConsideredForRanking": false,
        "loyaltyEarningType": null,
        "expiryReminder": null,
        "isExclusive": false,
        "isAlwaysApply": false,
        "targetGroupIds": null,
        "targetRuleIds": null,
        "linkedTargetGroupVsTargetRuleIdMap": null
      }
    },
    {
      "id": 1777,
      "name": "R9: Complete your Health Survey_v23",
      "description": "Optum Engage|Rewardable Activity|Complete Rally Health Survey",
      "promotionStatus": "LIVE",
      "lastUpdateDate": "2024-11-27T05:19:02-05:00",
      "startRuleIdentifier": "ruleset_610480ac-1b3a-4a58-b52c-cca74913328f",
      "lastUpdatedBy": 4,
      "programName": "Amarr Company dba Entrematic_UATDefaultProgram",
      "promotionType": "CUSTOMER",
      "programId": 166,
      "startDate": "2024-11-01T00:00-05:00",
      "endDate": "2025-09-30T00:00-05:00",
      "identifier": "1da2fdc7-8870-4e0a-b007-bbea7238c996",
      "isActive": true,
      "eventName": "TARGETCOMPLETED",
      "pointsOfferType": "GENERIC",
      "promotionRestrictions": {
        "restrictions": {
          "redemptionRestrictions": [
            {
              "name": "MAX_ALLOWED_TIMES_PER_CUSTOMER",
              "value": 1,
              "type": "NON_PERIOD_BASED",
              "periodType": "MOVING_WINDOW",
              "periodUnit": "DAILY"
            },
            {
              "name": "MAX_REDEMPTIONS_PER_EARN_PER_CUSTOMER",
              "value": 100,
              "type": "NON_PERIOD_BASED",
              "periodType": null,
              "periodUnit": null
            }
          ],
          "issualRestrictions": [],
          "earnRestrictions": [],
          "expiryRestrictions": []
        },
        "scope": null,
        "isStackable": false,
        "isConsideredForRanking": false,
        "loyaltyEarningType": null,
        "expiryReminder": null,
        "isExclusive": false,
        "isAlwaysApply": false,
        "targetGroupIds": null,
        "targetRuleIds": null,
        "linkedTargetGroupVsTargetRuleIdMap": null
      }
    }
  ],
  "pageDetails": {
    "pageNumber": 0,
    "pageSize": 100,
    "totalEntries": 9,
    "pageCount": 1
  }
}