{
  "status": {
    "code": 200,
    "message": "success"
  },
  "validationErrors": null,
  "data": [
    {
      "id": 2621,
      "name": "B10: BMI Achievement and Improvement_v46",
      "description": "Optum Engage|Rewardable Activity|Achieve Your BMI Target",
      "promotionStatus": "LIVE",
      "lastUpdateDate": "2024-12-23T13:51:08-05:00",
      "startRuleIdentifier": "ruleset_6236ac45-fba8-451c-876d-455bd48eecae",
      "lastUpdatedBy": 4,
      "programName": "Mondo_Psuedo_UATDefaultProgram",
      "promotionType": "CUSTOMER",
      "programId": 269,
      "startDate": "2024-11-01T00:00-05:00",
      "endDate": "2025-12-31T00:00-05:00",
      "identifier": "9c1b4441-0ba7-48bb-9bd2-346f9e018475",
      "isActive": true,
      "eventName": "TARGETCOMPLETED",
      "pointsOfferType": "GENERIC",
      "promotionRestrictions": {
        "restrictions": {
          "redemptionRestrictions": [
            {
              "name": "MAX_ALLOWED_TIMES_PER_CUSTOMER",
              "value": 1,
              "type": "NON_PERIOD_BASED",
              "periodType": "MOVING_WINDOW",
              "periodUnit": "DAILY"
            },
            {
              "name": "MAX_REDEMPTIONS_PER_EARN_PER_CUSTOMER",
              "value": 100,
              "type": "NON_PERIOD_BASED",
              "periodType": null,
              "periodUnit": null
            }
          ],
          "issualRestrictions": [],
          "earnRestrictions": [],
          "expiryRestrictions": []
        },
        "scope": null,
        "isStackable": false,
        "isConsideredForRanking": false,
        "loyaltyEarningType": null,
        "expiryReminder": null,
        "isExclusive": false,
        "isAlwaysApply": false,
        "targetGroupIds": null,
        "targetRuleIds": null,
        "linkedTargetGroupVsTargetRuleIdMap": null
      }
    },
    {
      "id": 2615,
      "name": "Fitness Reimbursement",
      "description": "Fitness Reimbursement",
      "promotionStatus": "LIVE",
      "lastUpdateDate": "2024-12-21T17:55:21-05:00",
      "startRuleIdentifier": "ruleset_20241221012453",
      "lastUpdatedBy": 400170573,
      "programName": "Mondo_Psuedo_UATDefaultProgram",
      "promotionType": "BILL",
      "programId": 269,
      "startDate": "2024-11-01T00:00-05:00",
      "endDate": "2025-12-31T23:59:59-05:00",
      "identifier": "e5acfa52-1b78-4b46-9e68-af7ceff783bd",
      "isActive": true,
      "eventName": "TRANSACTIONADD",
      "pointsOfferType": "GENERIC",
      "promotionRestrictions": {
        "restrictions": null,
        "scope": null,
        "isStackable": false,
        "isConsideredForRanking": false,
        "loyaltyEarningType": null,
        "expiryReminder": null,
        "isExclusive": false,
        "isAlwaysApply": false,
        "targetGroupIds": null,
        "targetRuleIds": null,
        "linkedTargetGroupVsTargetRuleIdMap": null
      }
    },
    {
      "id": 2614,
      "name": "F3: Complete Any Challenge_v46",
      "description": "Optum Engage|Rewardable Activity|Challenge Activity",
      "promotionStatus": "LIVE",
      "lastUpdateDate": "2024-12-20T20:01:32-05:00",
      "startRuleIdentifier": "ruleset_2c974803-8b90-4361-a5fa-37732842afba",
      "lastUpdatedBy": 4,
      "programName": "Mondo_Psuedo_UATDefaultProgram",
      "promotionType": "CUSTOMER",
      "programId": 269,
      "startDate": "2024-11-01T00:00-05:00",
      "endDate": "2025-12-31T00:00-05:00",
      "identifier": "8a56fd5b-b676-43db-9dc3-d5ee70cfecfb",
      "isActive": true,
      "eventName": "TARGETCOMPLETED",
      "pointsOfferType": "GENERIC",
      "promotionRestrictions": {
        "restrictions": {
          "redemptionRestrictions": [
            {
              "name": "MAX_ALLOWED_TIMES_PER_CUSTOMER",
              "value": 1,
              "type": "NON_PERIOD_BASED",
              "periodType": "MOVING_WINDOW",
              "periodUnit": "DAILY"
            },
            {
              "name": "MAX_REDEMPTIONS_PER_EARN_PER_CUSTOMER",
              "value": 100,
              "type": "NON_PERIOD_BASED",
              "periodType": null,
              "periodUnit": null
            }
          ],
          "issualRestrictions": [],
          "earnRestrictions": [],
          "expiryRestrictions": []
        },
        "scope": null,
        "isStackable": false,
        "isConsideredForRanking": false,
        "loyaltyEarningType": null,
        "expiryReminder": null,
        "isExclusive": false,
        "isAlwaysApply": false,
        "targetGroupIds": null,
        "targetRuleIds": null,
        "linkedTargetGroupVsTargetRuleIdMap": null
      }
    },
    {
      "id": 2613,
      "name": "F7: Complete a mission_v46",
      "description": "Optum Engage|Rewardable Activity|Complete 1 of the Following Missions",
      "promotionStatus": "LIVE",
      "lastUpdateDate": "2024-12-20T20:01:24-05:00",
      "startRuleIdentifier": "ruleset_37d6180a-3e78-45c2-96f4-32cdec365baf",
      "lastUpdatedBy": 4,
      "programName": "Mondo_Psuedo_UATDefaultProgram",
      "promotionType": "CUSTOMER",
      "programId": 269,
      "startDate": "2024-11-01T00:00-05:00",
      "endDate": "2025-12-31T00:00-05:00",
      "identifier": "af86f54d-876e-4e8a-93ee-bb2f6a933017",
      "isActive": true,
      "eventName": "TARGETCOMPLETED",
      "pointsOfferType": "GENERIC",
      "promotionRestrictions": {
        "restrictions": {
          "redemptionRestrictions": [
            {
              "name": "MAX_ALLOWED_TIMES_PER_CUSTOMER",
              "value": 1,
              "type": "NON_PERIOD_BASED",
              "periodType": "MOVING_WINDOW",
              "periodUnit": "DAILY"
            },
            {
              "name": "MAX_REDEMPTIONS_PER_EARN_PER_CUSTOMER",
              "value": 100,
              "type": "NON_PERIOD_BASED",
              "periodType": null,
              "periodUnit": null
            }
          ],
          "issualRestrictions": [],
          "earnRestrictions": [],
          "expiryRestrictions": []
        },
        "scope": null,
        "isStackable": false,
        "isConsideredForRanking": false,
        "loyaltyEarningType": null,
        "expiryReminder": null,
        "isExclusive": false,
        "isAlwaysApply": false,
        "targetGroupIds": null,
        "targetRuleIds": null,
        "linkedTargetGroupVsTargetRuleIdMap": null
      }
    },
    {
      "id": 2612,
      "name": "R14: Gym Check-In: January through December_v46",
      "description": "Optum Engage|Rewardable Activity|Gym Check In",
      "promotionStatus": "LIVE",
      "lastUpdateDate": "2024-12-20T20:01:18-05:00",
      "startRuleIdentifier": "ruleset_5dbee30c-cddb-49fd-8cb5-3f715c036e47",
      "lastUpdatedBy": 4,
      "programName": "Mondo_Psuedo_UATDefaultProgram",
      "promotionType": "CUSTOMER",
      "programId": 269,
      "startDate": "2024-11-01T00:00-05:00",
      "endDate": "2025-12-31T00:00-05:00",
      "identifier": "844ff1d3-9b51-48a2-8f3a-7227420d961b",
      "isActive": true,
      "eventName": "TARGETCOMPLETED",
      "pointsOfferType": "LOYALTY",
      "promotionRestrictions": {
        "restrictions": {
          "redemptionRestrictions": [
            {
              "name": "MAX_REDEMPTIONS_PER_EARN_PER_CUSTOMER",
              "value": 1,
              "type": "NON_PERIOD_BASED",
              "periodType": "MOVING_WINDOW",
              "periodUnit": "DAILY"
            }
          ],
          "issualRestrictions": [
            {
              "name": "MAX_NUMBER_OF_ISSUALS_PER_CUSTOMER",
              "value": 100
            }
          ],
          "earnRestrictions": [
            {
              "name": "MAX_NUMBER_OF_EARNS_PER_CUSTOMER",
              "value": 100
            },
            {
              "name": "MAX_POINTS_PER_EARN_PER_CUSTOMER",
              "value": -1
            }
          ],
          "expiryRestrictions": [
            {
              "name": "EARN_PROMOTION_EXPIRY_BASED_ON",
              "value": 0,
              "type": "PROMOTION"
            }
          ]
        },
        "scope": null,
        "isStackable": false,
        "isConsideredForRanking": false,
        "loyaltyEarningType": null,
        "expiryReminder": null,
        "isExclusive": false,
        "isAlwaysApply": true,
        "targetGroupIds": null,
        "targetRuleIds": null,
        "linkedTargetGroupVsTargetRuleIdMap": null
      }
    },
    {
      "id": 2611,
      "name": "R8: Complete any 3 Rally Missions_v46",
      "description": "Optum Engage|Rewardable Activity|Complete 3 Missions",
      "promotionStatus": "LIVE",
      "lastUpdateDate": "2024-12-20T20:01:13-05:00",
      "startRuleIdentifier": "ruleset_40f0bec3-c444-4a93-983b-211a226f6d96",
      "lastUpdatedBy": 4,
      "programName": "Mondo_Psuedo_UATDefaultProgram",
      "promotionType": "CUSTOMER",
      "programId": 269,
      "startDate": "2024-11-01T00:00-05:00",
      "endDate": "2025-03-31T00:00-05:00",
      "identifier": "d868d0a0-ceb2-4a0d-bf44-82e5a915cbda",
      "isActive": true,
      "eventName": "TARGETCOMPLETED",
      "pointsOfferType": "GENERIC",
      "promotionRestrictions": {
        "restrictions": {
          "redemptionRestrictions": [
            {
              "name": "MAX_ALLOWED_TIMES_PER_CUSTOMER",
              "value": 1,
              "type": "NON_PERIOD_BASED",
              "periodType": "MOVING_WINDOW",
              "periodUnit": "DAILY"
            },
            {
              "name": "MAX_REDEMPTIONS_PER_EARN_PER_CUSTOMER",
              "value": 100,
              "type": "NON_PERIOD_BASED",
              "periodType": null,
              "periodUnit": null
            }
          ],
          "issualRestrictions": [],
          "earnRestrictions": [],
          "expiryRestrictions": []
        },
        "scope": null,
        "isStackable": false,
        "isConsideredForRanking": false,
        "loyaltyEarningType": null,
        "expiryReminder": null,
        "isExclusive": false,
        "isAlwaysApply": false,
        "targetGroupIds": null,
        "targetRuleIds": null,
        "linkedTargetGroupVsTargetRuleIdMap": null
      }
    },
    {
      "id": 2610,
      "name": "R156: Rally Stride_v46",
      "description": "Optum Engage|Rewardable Activity|Stride",
      "promotionStatus": "LIVE",
      "lastUpdateDate": "2024-12-20T20:01:09-05:00",
      "startRuleIdentifier": "ruleset_7cab0615-7473-44a8-92a9-d634a3ccd35d",
      "lastUpdatedBy": 4,
      "programName": "Mondo_Psuedo_UATDefaultProgram",
      "promotionType": "CUSTOMER",
      "programId": 269,
      "startDate": "2024-11-01T00:00-05:00",
      "endDate": "2025-12-31T00:00-05:00",
      "identifier": "5676c03d-3a57-4a73-a806-cb442ac7845b",
      "isActive": true,
      "eventName": "TARGETCOMPLETED",
      "pointsOfferType": "LOYALTY",
      "promotionRestrictions": {
        "restrictions": {
          "redemptionRestrictions": [
            {
              "name": "MAX_REDEMPTIONS_PER_EARN_PER_CUSTOMER",
              "value": 1,
              "type": "NON_PERIOD_BASED",
              "periodType": "MOVING_WINDOW",
              "periodUnit": "DAILY"
            }
          ],
          "issualRestrictions": [
            {
              "name": "MAX_NUMBER_OF_ISSUALS_PER_CUSTOMER",
              "value": 100
            }
          ],
          "earnRestrictions": [
            {
              "name": "MAX_NUMBER_OF_EARNS_PER_CUSTOMER",
              "value": 100
            },
            {
              "name": "MAX_POINTS_PER_EARN_PER_CUSTOMER",
              "value": -1
            }
          ],
          "expiryRestrictions": [
            {
              "name": "EARN_PROMOTION_EXPIRY_BASED_ON",
              "value": 0,
              "type": "PROMOTION"
            }
          ]
        },
        "scope": null,
        "isStackable": false,
        "isConsideredForRanking": false,
        "loyaltyEarningType": null,
        "expiryReminder": null,
        "isExclusive": false,
        "isAlwaysApply": true,
        "targetGroupIds": null,
        "targetRuleIds": null,
        "linkedTargetGroupVsTargetRuleIdMap": null
      }
    },
    {
      "id": 2609,
      "name": "C3: Wellness Coaching (online, self-led)_v46",
      "description": "Optum Engage|Rewardable Activity|Complete an Online Wellness Coaching Program",
      "promotionStatus": "LIVE",
      "lastUpdateDate": "2024-12-20T20:01:05-05:00",
      "startRuleIdentifier": "ruleset_53d57ee4-4f65-47b5-9840-8573c2066352",
      "lastUpdatedBy": 4,
      "programName": "Mondo_Psuedo_UATDefaultProgram",
      "promotionType": "CUSTOMER",
      "programId": 269,
      "startDate": "2024-11-01T00:00-05:00",
      "endDate": "2025-12-31T00:00-05:00",
      "identifier": "298c096b-628e-4d10-9b73-1c0fcb7cbbed",
      "isActive": true,
      "eventName": "TARGETCOMPLETED",
      "pointsOfferType": "GENERIC",
      "promotionRestrictions": {
        "restrictions": {
          "redemptionRestrictions": [
            {
              "name": "MAX_ALLOWED_TIMES_PER_CUSTOMER",
              "value": 1,
              "type": "NON_PERIOD_BASED",
              "periodType": "MOVING_WINDOW",
              "periodUnit": "DAILY"
            },
            {
              "name": "MAX_REDEMPTIONS_PER_EARN_PER_CUSTOMER",
              "value": 100,
              "type": "NON_PERIOD_BASED",
              "periodType": null,
              "periodUnit": null
            }
          ],
          "issualRestrictions": [],
          "earnRestrictions": [],
          "expiryRestrictions": []
        },
        "scope": null,
        "isStackable": false,
        "isConsideredForRanking": false,
        "loyaltyEarningType": null,
        "expiryReminder": null,
        "isExclusive": false,
        "isAlwaysApply": false,
        "targetGroupIds": null,
        "targetRuleIds": null,
        "linkedTargetGroupVsTargetRuleIdMap": null
      }
    },
    {
      "id": 2608,
      "name": "Custom 11: Open an Emergency Fund_v46",
      "description": "Optum Engage|Rewardable Activity|Emergency Fund Opened",
      "promotionStatus": "LIVE",
      "lastUpdateDate": "2024-12-20T20:01-05:00",
      "startRuleIdentifier": "ruleset_341eace1-d9c0-46fb-8215-646901806cbe",
      "lastUpdatedBy": 4,
      "programName": "Mondo_Psuedo_UATDefaultProgram",
      "promotionType": "CUSTOMER",
      "programId": 269,
      "startDate": "2024-11-01T00:00-05:00",
      "endDate": "2025-12-31T00:00-05:00",
      "identifier": "1e6324bb-6dc9-4bd1-aadd-4ce82c26926c",
      "isActive": true,
      "eventName": "TARGETCOMPLETED",
      "pointsOfferType": "GENERIC",
      "promotionRestrictions": {
        "restrictions": {
          "redemptionRestrictions": [
            {
              "name": "MAX_ALLOWED_TIMES_PER_CUSTOMER",
              "value": 1,
              "type": "NON_PERIOD_BASED",
              "periodType": "MOVING_WINDOW",
              "periodUnit": "DAILY"
            },
            {
              "name": "MAX_REDEMPTIONS_PER_EARN_PER_CUSTOMER",
              "value": 100,
              "type": "NON_PERIOD_BASED",
              "periodType": null,
              "periodUnit": null
            }
          ],
          "issualRestrictions": [],
          "earnRestrictions": [],
          "expiryRestrictions": []
        },
        "scope": null,
        "isStackable": false,
        "isConsideredForRanking": false,
        "loyaltyEarningType": null,
        "expiryReminder": null,
        "isExclusive": false,
        "isAlwaysApply": false,
        "targetGroupIds": null,
        "targetRuleIds": null,
        "linkedTargetGroupVsTargetRuleIdMap": null
      }
    },
    {
      "id": 2607,
      "name": "F8: Complete Virtual Visit or MDLIVE_v46",
      "description": "Optum Engage|Rewardable Activity|Complete 1 of the following programs",
      "promotionStatus": "LIVE",
      "lastUpdateDate": "2024-12-20T20:00:56-05:00",
      "startRuleIdentifier": "ruleset_f33f145b-ea96-4425-845c-de4729ac3e9b",
      "lastUpdatedBy": 4,
      "programName": "Mondo_Psuedo_UATDefaultProgram",
      "promotionType": "CUSTOMER",
      "programId": 269,
      "startDate": "2024-11-01T00:00-05:00",
      "endDate": "2025-12-31T00:00-05:00",
      "identifier": "86780e25-e9b5-44a0-b2fc-375e7acba737",
      "isActive": true,
      "eventName": "TARGETCOMPLETED",
      "pointsOfferType": "GENERIC",
      "promotionRestrictions": {
        "restrictions": {
          "redemptionRestrictions": [
            {
              "name": "MAX_ALLOWED_TIMES_PER_CUSTOMER",
              "value": 1,
              "type": "NON_PERIOD_BASED",
              "periodType": "MOVING_WINDOW",
              "periodUnit": "DAILY"
            },
            {
              "name": "MAX_REDEMPTIONS_PER_EARN_PER_CUSTOMER",
              "value": 100,
              "type": "NON_PERIOD_BASED",
              "periodType": null,
              "periodUnit": null
            }
          ],
          "issualRestrictions": [],
          "earnRestrictions": [],
          "expiryRestrictions": []
        },
        "scope": null,
        "isStackable": false,
        "isConsideredForRanking": false,
        "loyaltyEarningType": null,
        "expiryReminder": null,
        "isExclusive": false,
        "isAlwaysApply": false,
        "targetGroupIds": null,
        "targetRuleIds": null,
        "linkedTargetGroupVsTargetRuleIdMap": null
      }
    },
    {
      "id": 2606,
      "name": "Custom 23: Vision Exam  Attestation_v46",
      "description": "Optum Engage|Self Attestation|Eye Exam",
      "promotionStatus": "LIVE",
      "lastUpdateDate": "2024-12-20T20:00:51-05:00",
      "startRuleIdentifier": "ruleset_4f20c36c-c9a9-40a1-b159-2516a7710537",
      "lastUpdatedBy": 4,
      "programName": "Mondo_Psuedo_UATDefaultProgram",
      "promotionType": "CUSTOMER",
      "programId": 269,
      "startDate": "2024-11-01T00:00-05:00",
      "endDate": "2025-12-31T00:00-05:00",
      "identifier": "25480373-86d1-4e65-acf0-7ea7cffe1e56",
      "isActive": true,
      "eventName": "TARGETCOMPLETED",
      "pointsOfferType": "GENERIC",
      "promotionRestrictions": {
        "restrictions": {
          "redemptionRestrictions": [
            {
              "name": "MAX_ALLOWED_TIMES_PER_CUSTOMER",
              "value": 1,
              "type": "NON_PERIOD_BASED",
              "periodType": "MOVING_WINDOW",
              "periodUnit": "DAILY"
            },
            {
              "name": "MAX_REDEMPTIONS_PER_EARN_PER_CUSTOMER",
              "value": 100,
              "type": "NON_PERIOD_BASED",
              "periodType": null,
              "periodUnit": null
            }
          ],
          "issualRestrictions": [],
          "earnRestrictions": [],
          "expiryRestrictions": []
        },
        "scope": null,
        "isStackable": false,
        "isConsideredForRanking": false,
        "loyaltyEarningType": null,
        "expiryReminder": null,
        "isExclusive": false,
        "isAlwaysApply": false,
        "targetGroupIds": null,
        "targetRuleIds": null,
        "linkedTargetGroupVsTargetRuleIdMap": null
      }
    },
    {
      "id": 2605,
      "name": "Custom 24: Dental Exam_v46",
      "description": "Optum Engage|Self Attestation|Dental Visits",
      "promotionStatus": "LIVE",
      "lastUpdateDate": "2024-12-20T20:00:47-05:00",
      "startRuleIdentifier": "ruleset_9c365bc9-b1e5-433d-b060-0193b7105eb4",
      "lastUpdatedBy": 4,
      "programName": "Mondo_Psuedo_UATDefaultProgram",
      "promotionType": "CUSTOMER",
      "programId": 269,
      "startDate": "2024-11-01T00:00-05:00",
      "endDate": "2025-12-31T00:00-05:00",
      "identifier": "7cb0cbb3-f43d-4e43-9e4e-dbf816bf9998",
      "isActive": true,
      "eventName": "TARGETCOMPLETED",
      "pointsOfferType": "GENERIC",
      "promotionRestrictions": {
        "restrictions": {
          "redemptionRestrictions": [
            {
              "name": "MAX_ALLOWED_TIMES_PER_CUSTOMER",
              "value": 2,
              "type": "NON_PERIOD_BASED",
              "periodType": "MOVING_WINDOW",
              "periodUnit": "DAILY"
            },
            {
              "name": "MAX_REDEMPTIONS_PER_EARN_PER_CUSTOMER",
              "value": 100,
              "type": "NON_PERIOD_BASED",
              "periodType": null,
              "periodUnit": null
            }
          ],
          "issualRestrictions": [],
          "earnRestrictions": [],
          "expiryRestrictions": []
        },
        "scope": null,
        "isStackable": false,
        "isConsideredForRanking": false,
        "loyaltyEarningType": null,
        "expiryReminder": null,
        "isExclusive": false,
        "isAlwaysApply": false,
        "targetGroupIds": null,
        "targetRuleIds": null,
        "linkedTargetGroupVsTargetRuleIdMap": null
      }
    },
    {
      "id": 2604,
      "name": "Custom 21: Complete Cancer Screenings_v46",
      "description": "Optum Engage|Rewardable Activity|Get an Annual Physical or Preventive Screening",
      "promotionStatus": "LIVE",
      "lastUpdateDate": "2024-12-20T20:00:40-05:00",
      "startRuleIdentifier": "ruleset_80f97597-fca3-4ce1-803c-5113286407fa",
      "lastUpdatedBy": 4,
      "programName": "Mondo_Psuedo_UATDefaultProgram",
      "promotionType": "CUSTOMER",
      "programId": 269,
      "startDate": "2024-11-01T00:00-05:00",
      "endDate": "2025-12-31T00:00-05:00",
      "identifier": "ef326a5a-e789-47f6-bc39-becafd794a2d",
      "isActive": true,
      "eventName": "TARGETCOMPLETED",
      "pointsOfferType": "GENERIC",
      "promotionRestrictions": {
        "restrictions": {
          "redemptionRestrictions": [
            {
              "name": "MAX_ALLOWED_TIMES_PER_CUSTOMER",
              "value": 1,
              "type": "NON_PERIOD_BASED",
              "periodType": "MOVING_WINDOW",
              "periodUnit": "DAILY"
            },
            {
              "name": "MAX_REDEMPTIONS_PER_EARN_PER_CUSTOMER",
              "value": 100,
              "type": "NON_PERIOD_BASED",
              "periodType": null,
              "periodUnit": null
            }
          ],
          "issualRestrictions": [],
          "earnRestrictions": [],
          "expiryRestrictions": []
        },
        "scope": null,
        "isStackable": false,
        "isConsideredForRanking": false,
        "loyaltyEarningType": null,
        "expiryReminder": null,
        "isExclusive": false,
        "isAlwaysApply": false,
        "targetGroupIds": null,
        "targetRuleIds": null,
        "linkedTargetGroupVsTargetRuleIdMap": null
      }
    },
    {
      "id": 2603,
      "name": "S1: Complete an Annual Physical_v46",
      "description": "Optum Engage|Rewardable Activity|Annual Physical Exam",
      "promotionStatus": "LIVE",
      "lastUpdateDate": "2024-12-20T20:00:32-05:00",
      "startRuleIdentifier": "ruleset_4f0de15e-8ca7-4200-9b42-108321833130",
      "lastUpdatedBy": 4,
      "programName": "Mondo_Psuedo_UATDefaultProgram",
      "promotionType": "CUSTOMER",
      "programId": 269,
      "startDate": "2024-11-01T00:00-05:00",
      "endDate": "2025-12-31T00:00-05:00",
      "identifier": "c69a2268-5b0c-44e0-8e0b-649b74203148",
      "isActive": true,
      "eventName": "TARGETCOMPLETED",
      "pointsOfferType": "GENERIC",
      "promotionRestrictions": {
        "restrictions": {
          "redemptionRestrictions": [
            {
              "name": "MAX_ALLOWED_TIMES_PER_CUSTOMER",
              "value": 1,
              "type": "NON_PERIOD_BASED",
              "periodType": "MOVING_WINDOW",
              "periodUnit": "DAILY"
            },
            {
              "name": "MAX_REDEMPTIONS_PER_EARN_PER_CUSTOMER",
              "value": 100,
              "type": "NON_PERIOD_BASED",
              "periodType": null,
              "periodUnit": null
            }
          ],
          "issualRestrictions": [],
          "earnRestrictions": [],
          "expiryRestrictions": []
        },
        "scope": null,
        "isStackable": false,
        "isConsideredForRanking": false,
        "loyaltyEarningType": null,
        "expiryReminder": null,
        "isExclusive": false,
        "isAlwaysApply": false,
        "targetGroupIds": null,
        "targetRuleIds": null,
        "linkedTargetGroupVsTargetRuleIdMap": null
      }
    },
    {
      "id": 2564,
      "name": "B10: Achieve BMI Target_v41",
      "description": "Optum Engage|Rewardable Activity|Achieve Your BMI Target",
      "promotionStatus": "LIVE",
      "lastUpdateDate": "2024-12-19T00:50:50-05:00",
      "startRuleIdentifier": "ruleset_20241219004221",
      "lastUpdatedBy": 400170573,
      "programName": "Mondo_Psuedo_UATDefaultProgram",
      "promotionType": "CUSTOMER",
      "programId": 269,
      "startDate": "2024-11-01T00:00-05:00",
      "endDate": "2025-12-31T23:59:59-05:00",
      "identifier": "67944fb8-f7af-41b6-9480-d5dc36829a02",
      "isActive": true,
      "eventName": "TARGETCOMPLETED",
      "pointsOfferType": "GENERIC",
      "promotionRestrictions": {
        "restrictions": null,
        "scope": null,
        "isStackable": false,
        "isConsideredForRanking": false,
        "loyaltyEarningType": null,
        "expiryReminder": null,
        "isExclusive": false,
        "isAlwaysApply": false,
        "targetGroupIds": null,
        "targetRuleIds": null,
        "linkedTargetGroupVsTargetRuleIdMap": null
      }
    },
    {
      "id": 2563,
      "name": "RAP_v41 for BE: BiometricScreeningBE_v5",
      "description": "RAP_v41 for BE: BiometricScreeningBE_v5",
      "promotionStatus": "LIVE",
      "lastUpdateDate": "2024-12-19T00:41:23-05:00",
      "startRuleIdentifier": "ruleset_20241219003933",
      "lastUpdatedBy": 400170573,
      "programName": "Mondo_Psuedo_UATDefaultProgram",
      "promotionType": "CUSTOMER",
      "programId": 269,
      "startDate": "2024-11-01T00:00-05:00",
      "endDate": "2025-12-31T23:59:59-05:00",
      "identifier": "aaf36476-a453-44c8-83e7-76aa6535d64a",
      "isActive": true,
      "eventName": "GENERICEVENT",
      "eventSubTypeName": "BiometricScreeningBE_v5",
      "pointsOfferType": "GENERIC",
      "promotionRestrictions": {
        "restrictions": null,
        "scope": null,
        "isStackable": false,
        "isConsideredForRanking": false,
        "loyaltyEarningType": null,
        "expiryReminder": null,
        "isExclusive": false,
        "isAlwaysApply": false,
        "targetGroupIds": null,
        "targetRuleIds": null,
        "linkedTargetGroupVsTargetRuleIdMap": null
      }
    },
    {
      "id": 2485,
      "name": "F20: Complete 1 of the following activities_v12",
      "description": "Optum Engage|Rewardable Activity|Complete 1 of the following",
      "promotionStatus": "INACTIVE",
      "lastUpdateDate": "2024-12-21T00:33:35-05:00",
      "startRuleIdentifier": "ruleset_f5c04ab3-410b-41a5-bff0-d2feb0a293a8",
      "lastUpdatedBy": 400169197,
      "programName": "Mondo_Psuedo_UATDefaultProgram",
      "promotionType": "CUSTOMER",
      "programId": 269,
      "startDate": "2024-11-01T00:00-05:00",
      "endDate": "2025-08-31T23:59:59-05:00",
      "identifier": "7c9f5d9f-9702-41e4-97a0-46c160ba9fd8",
      "isActive": false,
      "eventName": "TARGETCOMPLETED",
      "pointsOfferType": "GENERIC",
      "promotionRestrictions": {
        "restrictions": null,
        "scope": null,
        "isStackable": false,
        "isConsideredForRanking": false,
        "loyaltyEarningType": null,
        "expiryReminder": null,
        "isExclusive": false,
        "isAlwaysApply": false,
        "targetGroupIds": null,
        "targetRuleIds": null,
        "linkedTargetGroupVsTargetRuleIdMap": null
      }
    },
    {
      "id": 2484,
      "name": "F20: Complete 1 of the following_v12",
      "description": "Optum Engage|Rewardable Activity|Complete 1 of the following",
      "promotionStatus": "LIVE",
      "lastUpdateDate": "2024-12-20T22:22:25-05:00",
      "startRuleIdentifier": "ruleset_389e9827-0f7d-48a4-84c2-32f6201564ea",
      "lastUpdatedBy": 400170573,
      "programName": "Mondo_Psuedo_UATDefaultProgram",
      "promotionType": "CUSTOMER",
      "programId": 269,
      "startDate": "2024-11-01T00:00-05:00",
      "endDate": "2025-08-31T23:59:59-05:00",
      "identifier": "f74c6b46-9d7e-4a39-95d7-3bd589811d1e",
      "isActive": true,
      "eventName": "TARGETCOMPLETED",
      "pointsOfferType": "GENERIC",
      "promotionRestrictions": {
        "restrictions": null,
        "scope": null,
        "isStackable": false,
        "isConsideredForRanking": false,
        "loyaltyEarningType": null,
        "expiryReminder": null,
        "isExclusive": false,
        "isAlwaysApply": false,
        "targetGroupIds": null,
        "targetRuleIds": null,
        "linkedTargetGroupVsTargetRuleIdMap": null
      }
    },
    {
      "id": 2483,
      "name": "R9: Complete Your Health Survey_v12",
      "description": "Optum Engage|Rewardable Activity|Complete Rally Health Survey",
      "promotionStatus": "LIVE",
      "lastUpdateDate": "2024-12-20T22:21:41-05:00",
      "startRuleIdentifier": "ruleset_62eb9a47-9327-4230-8a13-47c0dbbd469c",
      "lastUpdatedBy": 400170573,
      "programName": "Mondo_Psuedo_UATDefaultProgram",
      "promotionType": "CUSTOMER",
      "programId": 269,
      "startDate": "2024-11-01T00:00-05:00",
      "endDate": "2025-08-31T23:59:59-05:00",
      "identifier": "5d5d3e31-895f-4fe7-a7d3-6cb47acbc577",
      "isActive": true,
      "eventName": "TARGETCOMPLETED",
      "pointsOfferType": "GENERIC",
      "promotionRestrictions": {
        "restrictions": null,
        "scope": null,
        "isStackable": false,
        "isConsideredForRanking": false,
        "loyaltyEarningType": null,
        "expiryReminder": null,
        "isExclusive": false,
        "isAlwaysApply": false,
        "targetGroupIds": null,
        "targetRuleIds": null,
        "linkedTargetGroupVsTargetRuleIdMap": null
      }
    },
    {
      "id": 2482,
      "name": "F11: Complete 1 of the Following Screenings_v12",
      "description": "Optum Engage|Rewardable Activity|Complete 1 of the Following Screenings",
      "promotionStatus": "LIVE",
      "lastUpdateDate": "2024-12-20T22:26:52-05:00",
      "startRuleIdentifier": "ruleset_a6a682dd-7c54-4420-afe9-59268ec7d19c",
      "lastUpdatedBy": 400170573,
      "programName": "Mondo_Psuedo_UATDefaultProgram",
      "promotionType": "CUSTOMER",
      "programId": 269,
      "startDate": "2024-11-01T00:00-05:00",
      "endDate": "2025-08-31T23:59:59-05:00",
      "identifier": "3493120a-6aec-442f-8d35-7b40a7f43f69",
      "isActive": true,
      "eventName": "TARGETCOMPLETED",
      "pointsOfferType": "GENERIC",
      "promotionRestrictions": {
        "restrictions": null,
        "scope": null,
        "isStackable": false,
        "isConsideredForRanking": false,
        "loyaltyEarningType": null,
        "expiryReminder": null,
        "isExclusive": false,
        "isAlwaysApply": false,
        "targetGroupIds": null,
        "targetRuleIds": null,
        "linkedTargetGroupVsTargetRuleIdMap": null
      }
    }
  ],
  "pageDetails": {
    "pageNumber": 0,
    "pageSize": 100,
    "totalEntries": 20,
    "pageCount": 1
  }
}